setup_id,month,room_name,device_name,watts,hours,quantity,monthly_kwh,monthly_bill,cost_per_kwh,daily_wh,usage_level,season,is_heavy_appliance
502,Feb,living room,LIGHT,37.0,7.1,2.0,15.76,126.1,8.0,525.4,low,Winter,False
153,Dec, Drawing Room  ,Fan,85.0,17.3,2.0,88.23,705.84,8.0,2941.0,Med,Winter,False
904,Feb, Drawing Room  ,TV,178.0,5.8,3.0,92.92,743.33,8.0,3097.2,Medium,Winter,False
 676 ,Feb,Living Room,COMPUTER,,6.5,2.0,88.14,705.12,8.0,,Medium,Winter,False
731,June, Living Room  ,COMPUTER,119.0,4.6,1.0,16.42,,,547.4,Low,,False
972,Jan,DRAWING ROOM,COMPUTER,283.0,8.2,3.0,208.85,1670.83,8.0,6961.8,high,Winter,False
197,Aug,dining room,Light,33.0,8.2,2.0,16.24,129.89,8.0,541.2,low,Summer,False
 590 ,Apr, Bedroom  ,AC,1892.0,5.3,1.0.0,300.83,2406.62,8.0,,HIGH,Spring,True
378,Oct,Kitchen,Fan,83.0,12.7,1.0,31.62,252.98,8.0,1054.1,Medium,Autumn,False
584,April,drawing room,Computer,100.0,5.1,2.0,30.6,244.8,8.0,1020.0,medium,,False
805,October,Living Room,AC,1863.0,2.9,2.0.0,324.16,2593.3,8.0,,High,,True
562,Apr,Kitchen,WASHING MACHINE,666.0,0.5,2.0,19.98,159.84,8.0,666.0,low,Spring,True
503,October,Bedroom,computer,238.0,5.2,3.0,111.38,891.07,8.0,3712.8,high,,False
245,Dec,Bedroom,,,2.5,2.0,18.3,146.4,8.0,,low,Winter,
746,Nov,Drawing Room, Fan  ,54.0,14.8,3.0,71.93,575.42,8.0,2397.6,medium,Autumn,False
253,Jun,LIVING ROOM,Light,19.0,409.99999999999994,3.0,7.01,56.09,8.0,23370.0,low,Summer,False
683,Oct, Dining Room  ,Fan,67.0,10.2,1.0,0.0205,164.02,8000.98,683.4,low,Autumn,False
30,Feb,,FAN,86.0,15.3,1.0,39.47,315.79,8.0,1315.8,Medium,Winter,False
164,May,Bedroom,LIGHT,35.0,7.2,3.0,22.68,181.44,8.0,756.0,Med,Spring,False
963,Aug,drawing room,Computer,113.0,5.7,3.0,57.97,463.75,8.0,1932.3,medium,Summer,False
995,Jul,BEDROOM,TV,159.0,5.9,3.0,84.43,675.43,8.0,2814.3,Medium,Summer,False
494,Nov,KITCHEN,fridge,175.0,22.7,3.0,357.52,2860.2,8.0,11917.5,high,Autumn,True
362,Aug,Bedroom,Light,37.0,3.7,3.0,12.32,98570.0,8000.81,410.7,Low,Summer,False
215,Sep,Drawing_Room,AC,1654.0,6.7,2.0,664.91,5319.26,8.0,22163.6,HIGH,Autumn,True
589,Nov,,Fan,59.0,11.3,2.0,40.0,320.02,8.0,1333.4,Medium,Autumn,False
146,May, Dining Room  ,FAN,52.0,unknown,2.0,46.8,374.4,8.0,,Medium,Spring,False
752,Apr,drawing room,TV,107.0,,1.0,11.56,92.45,8.0,,low,Spring,False
274,October,Living Room,TV,156.0,5.4,3.0,75.82,606.53,8.0,2527.2,Medium,,False
51,Apr, Living Room  ,fan,67.0,14.4,2.0.0,57.89,463.1,8.0,,medium,Spring,False
748,May,DRAWING ROOM,Fan,74.0,6.4,2.0,28.42,227.33,8.0,947.2,medium,Spring,False
643,Mar,LIVING ROOM,Light,29.0,3.2,3.0,8.35,66.82,8.0,278.4,Low,Spring,False
253,Jul,Kitchen,Fridge,283.0,23.6,1.0,200.36,1602.91,8.0,6678.8,HIGH,Summer,True
834,May,drawing room,Light,14.0,3.3,3.0,4.16,33.26,8.0,138.6,low,Spring,False
387,Aug,Dining Room,fan,78.0,11.1,1.0.0,25.97,207.79,8.0,,medium,Summer,False
606,Jun,KITCHEN, Fridge  ,219.0,22.7,50.0,149.14,1193.11,8.0,248565.0,high,Summer,True
632,March,living room,,132.0,3.0,2.0,23.76,190.08,8.0,792.0,Med,,
245,April,Dining Room,Fan,77.0,6.9,3.0,47.82,382.54,8.0,1593.9,Med,,False
167,Nov, Living Room  , TV  ,104.0,-2.8,3.0,26.21,209.66,8.0,-873.6,medium,Autumn,False
368,Apr,Bedroom,fan,76.0,11.2,3.0,76.61,612.86,8.0,2553.6,Med,Spring,False
167,Jan,Drawing Room, Fan  ,72.0,7.9,3.0,51.19,409.54,8.0,1706.4,Med,Winter,False
582,May,KITCHEN,Microwave,612.0,0.3,2.0.0,,88.13,,,,Spring,True
344,Feb,Kitchen, Light  ,16.0,9.5,3.0,13.68,,,456.0,low,Winter,False
12,Sep,Living Room,LIGHT,39.0,5.1,3.0,17.9,143.21,8.0,596.7,low,Autumn,False
38,September,DRAWING ROOM,Light,40.0,9.6,3.0.0,34.56,276.48,8.0,,Medium,,False
764,June,Drawing_Room,AC,1162.0,2.7,2.0,188.24,1505.95,8.0,6274.8,HIGH,,True
195,Dec,Dining Room,LIGHT,35.0,8.7,1.0,9.13,73.08,8.0,304.5,Low,Winter,False
385,,,not sure,279.0,4.6,2.0,77.0,616.03,8.0,2566.8,Med,,False
154,Dec,Kitchen,fridge,102.0,18.3,3.0,167.99,1343.95,8.0,5599.8,high,Winter,True
831,Jun, Bathroom  ,?,58.0,10.4,3.0,54.29,434.3,8.0,1809.6,Medium,Summer,False
520,May, Bedroom  ,FAN,75.0,11.1,1.0,24.98,199.8,8.0,832.5,medium,Spring,False
592,June, Dining Room  ,Fan,79.0,17.4,3.0,123.71,,,4123.8,High,,False
953,June, Living Room  ,AC,914.0,,3.0.0,732.11,5856.91,8.0,,HIGH,,True
606,March, Bedroom  ,TV,130.0,2.7,1.0,10.53,84.24,8.0,351.0,low,,False
824,Jan,Kitchen,Fan,73.0,7.1,2.0,31.1,248.78,8.0,1036.6,Medium,Winter,False
555,May,DRAWING ROOM,TV,73.0,2.6,3.0,17.08,136.66,8.0,569.4,low,Spring,False
943,May,Drawing_Room,AC,1221.0,6.1,1.0,223.44,1787.54,8.0,7448.1,HIGH,Spring,True
148,Feb,LIVING ROOM,TV,187.0,2.3,2.0,25.81,206.45,8.0,860.2,medium,Winter,False
228,jan, Living Room  ,AC,1850.0,3.8,2.0,421.8,3374.4,8.0,14060.0,high,,True
569,oct,Kitchen,fridge,251.0,23.4,2.0,352.4,2819.23,8.0,11746.8,High,,True
787,Aug,Drawing Room,COMPUTER,359.0,4.5,3.0,145.4,1163.16,8.0,4846.5,HIGH,Summer,False
413,Feb,KITCHEN,Fan,76.0,7.8,,,284.54,,,,Winter,False
333,مجهول,kitchen,Light,26.0,4.7,1.0,3.67,29.33,7.99,122.2,Low,,False
38,February,Bedroom,Heater,875.0,2.2,3.0,173.25,1386.0,8.0,5775.0,High,,False
 268 ,May,drawing room,Light,12.0,,2.0,6.7,53.57,8.0,,Low,Spring,False
694,Dec,drawing room,,22.0,7.4,2.0,9.77,78.14,8.0,325.6,low,Winter,
301,Mar,Bathroom,light,37.0,5.7,2.0,12.65,,,421.8,Low,Spring,False
607,May,Bedroom,Light,14.0,3.6,3.0,4.54,36.29,7.99,151.2,low,Spring,False
203,Aug,living room,AC,1591.0,6.4,2.0,610.94,4887.55,8.0,20364.8,high,Summer,True
520,May,, AC  ,1610.0,7.3,3.0,1057.77,8462160.0,8000.0,35259.0,HIGH,Spring,True
758,sep,Kitchen,light,23.0,3.3,3.0,6.83,54.65,8.0,227.7,Low,,False
650,apr,Drawing Room, Computer  ,302.0,,1.0,31.71,253.68,8.0,,Med,,False
163,Feb,LIVING ROOM, AC  ,1425.0,6.9,3.0,884.92,7079.4,8.0,29497.5,High,Winter,True
111,Feb,kitchen,Fridge,145.0,22.7,2.0.0,197.49,1579.92,8.0,,high,Winter,True
605,October,Bathroom,Light,40.0,5.5,3.0,0.0198,158.4,8000.0,660.0,Low,,False
971,Sep,Drawing Room,Fan,61.0,11.5,3.0,63.13,505.08,8.0,2104.5,medium,Autumn,False
862,Nov, Living Room  , Computer  ,277.0,2.9,1.0,24.1,192.79,8.0,803.3,medium,Autumn,False
420,mar, Living Room  ,AC,1583.0,8.8,1.0,417.91,3343.3,8.0,13930.4,high,,True
284,Aug,BEDROOM,Fan,73.0,14.6,2.0,63.95,511.58,8.0,2131.6,Medium,Summer,False
142,May,Living Room,Computer,322.0,,1.0,26.08,208.66,8.0,,Medium,Spring,False
214,mar,Kitchen,LIGHT,20.0,3.6,3.0,6.48,51.84,8.0,216.0,low,,False
522,Feb,Drawing Room,computer,269.0,5.0,1.0,40.35,322.8,8.0,1345.0,Med,Winter,False
17,Mar,Drawing Room,TV,87.0,2.0,3.0.0,0.01566,125.28,8000.0,,Low,Spring,False
770,Dec,Drawing Room, AC  ,1016.0,5.5,3.0,502.92,4023.36,8.0,16764.0,HIGH,Winter,True
547,Jul,Drawing_Room,Light,17.0,6.7,1.0,3.42,27.34,7.99,113.9,Low,Summer,False
664,Jun,Bathroom,Washing Machine,738.0,0.6,3.0,39.85,318.82,8.0,1328.4,Medium,Summer,True
821,may,BEDROOM,Fan,79.0,16.5,2.0,78.21,625.68,8.0,2607.0,Medium,,False
792,Jul,unknown,Light,37.0,9.7,2.0,21.53,172.27,8.0,717.8,medium,Summer,False
110,Oct, Bathroom  ,HEATER,1372.0,3.0,2.0,246.96,,,8232.0,high,Autumn,False
804,August,drawing room,Computer,185.0,4.7,1.0,26.09,208.68,8.0,869.5,Medium,,False
998,Feb,Kitchen,,72.0,8.7,2.0,37.58,300.67,8.0,1252.8,Medium,Winter,
670,Oct,Kitchen,microwave,725.0,0.3,1.0,6.53,52.2,7.99,217.5,Low,Autumn,True
295,May,Kitchen,WASHING MACHINE,485.0,1.1,1.0,16.0,128.04,8.0,533.5,low,Spring,True
767,Aug,KITCHEN, Fridge  ,147.0,22.9,1.0,100.99,807.91,8.0,3366.3,HIGH,Summer,True
353,Aug,Drawing_Room,Fan,80.0,8.8,1.0,21.12,168.96,8.0,704.0,Med,Summer,False
405,Jan,dining room,Light,,5.7,2.0.0,6.16,49.25,8.0,,low,Winter,False
863,Aug, Living Room  ,,199.0,440.00000000000006,2.0,52.54,420.29,8.0,175120.0,medium,Summer,
945,mar,Bedroom,heater,1344.0,1.8,3.0,217.73,1741.82,8.0,7257.6,High,,False
601,Apr,Living Room,AC,1402.0,4.6,1.0,193.48,1547.81,8.0,6449.2,HIGH,Spring,True
 583 ,Apr,Kitchen,MICROWAVE,1067.0,0.2,3.0,19.21,153.65,8.0,640.2,Low,Spring,True
826,MAR, Dining Room  ,Light,10.0,6.8,3.0,6.12,48.96,8.0,204.0,Low,,False
330,May,kitchen,light,23.0,6.1,2.0,8.42,67.34,8.0,280.6,low,Spring,False
755,OCT,DINING ROOM,Fan,80.0,12.2,3.0,87.84,702.72,8.0,2928.0,Medium,,False
362,sep,living room,AC,1187.0,7.5,1.0.0,267.07,2136.6,8.0,,HIGH,,True
442,May,LIVING ROOM,Fan,52.0,7.5,3.0,35.1,280.8,8.0,1170.0,medium,Spring,False
519,, Drawing Room  ,Computer,,,3.0,115.87,926.93,8.0,,HIGH,,False
284,November,Bedroom,TV,123.0,3.0,1.0,11.07,88.56,8.0,369.0,low,,False
713,jun,Bathroom,Light,14.0,6.2,1.0,2.6,20.83,8.01,86.8,low,,False
284,Dec,dining room,fan,61.0,10.7,3.0,58.74,469940.0,8000.34,1958.1,Medium,Winter,False
925,Apr,LIVING ROOM,Fan,72.0,,3.0,39.53,316.22,8.0,,Medium,Spring,False
127,JAN,,Light,12.0,7.7,2.0,5.54,44.35,8.01,184.8,low,,False
151,JAN,Living Room,light,40.0,6.4,2.0,,122.88,,512.0,,,False
27,?,KITCHEN,Microwave,756.0,0.3,2.0,13.61,108.86,8.0,453.6,Low,,True
271,Sep,Kitchen,Fan,67.0,14.2,2.0,57.08,456.67,8.0,1902.8,medium,Autumn,False
727,sep,BEDROOM,Light,26.0,6.4,3.0,14.98,119.81,8.0,499.2,low,,False
 727 ,Jul,LIVING ROOM,Computer,260.0,2.7,2.0,42.12,,,1404.0,medium,Summer,False
2,Apr,dining room,Light,-27.0,8.3,2.0,13.45,107.57,8.0,-448.2,Low,Spring,False
373,January,KITCHEN, Light  ,37.0,9.9,1.0,10.99,87.91,8.0,366.3,Low,,False
138,Mar,Drawing Room,TV,112.0,440.00000000000006,1.0,14.78,118.27,8.0,49280.0,Low,Spring,False
626,Oct,DRAWING ROOM,Light,37.0,4.2,2.0,9.32,74.59,8.0,310.8,Low,Autumn,False
 277 ,Jun,BEDROOM,ac,1539.0,9.3,3.0,1288.14,10305.14,8.0,42938.1,high,Summer,True
679,Feb,Drawing Room,Light,10.0,9.6,2.0,,46.08,,192.0,,Winter,False
995,Aug, Drawing Room  ,Fan,74.0,15.3,3.0,101.9,815.18,8.0,3396.6,High,Summer,False
46,Dec, Living Room  ,Computer,163.0,4.9,2.0,47.92,383.38,8.0,1597.4,medium,Winter,False
305,October,Dining Room,Light,33.0,8.4,3.0,24.95,199.58,8.0,831.6,Med,,False
242,Aug,Kitchen,WASHING MACHINE,510.0,1.3,3.0,59.67,477.36,8.0,1989.0,Medium,Summer,True
243,jan,Bathroom,WASHING MACHINE,629.0,1.8,1.0.0,33.97,271.73,8.0,,Medium,,True
45,Nov,Kitchen,Fan,87.0,13.4,2.0,69.95,559.58,8.0,2331.6,Medium,Autumn,False
915,Nov,Bedroom,Computer,156.0,2.3,3.0,32.29,258.34,8.0,1076.4,medium,Autumn,False
678,Jul,Bedroom,Light,34.0,6.9,2.0,14.08,112.61,8.0,469.2,Low,Summer,False
547,Jan,Living Room,Light,37.0,6.4,2.0,14.21,113.66,8.0,473.6,low,Winter,False
847,Jul,Bedroom,COMPUTER,256.0,2.2,3.0,50.69,405.5,8.0,1689.6,Medium,Summer,False
392,Mar,,Computer,238.0,3.0,1.0,0.02142,171.36,8000.0,714.0,Low,Spring,False
547,Mar,KITCHEN,Fridge,226.0,20.0,1.0,,1084.8,,4520.0,,Spring,True
183,Feb,LIVING ROOM,AC,-1926.0,9.5,3.0,1646.73,13173.84,8.0,-54891.0,High,Winter,True
370,Dec,Kitchen,Fan,83.0,7.8,2.0,38.84,310.75,8.0,1294.8,medium,Winter,False
919,Nov,Living Room,computer,,,2.0,25.34,202750.0,8001.18,,Med,Autumn,False
607,December,Kitchen,Light,17.0,-,1.0.0,4.49,35.9,8.0,,low,,False
372,Nov,Bedroom,Computer,345.0,8.5,3.0,,2111.4,,8797.5,,Autumn,False
969,April,Kitchen,Light,29.0,3.7,1.0,3.22,25.75,8.0,107.3,low,,False
418,Jun,Kitchen,Fan,81.0,6.7,3.0,48.84,390.74,8.0,1628.1,Medium,Summer,False
428,Jul, Kitchen  , Washing Machine  ,693.0,1.1,2.0,45.74,365.9,8.0,1524.6,medium,Summer,True
576,Apr,not sure,fan,56.0,16.2,2.0,54.43,435.46,8.0,1814.4,Med,Spring,False
826,Jul, Bedroom  ,Fan,90.0,15.5,2.0.0,83.7,669.6,8.0,,Medium,Summer,False
446,Dec,Unknown,Fan,90.0,error,,49.68,,,,Medium,Winter,False
795,July,drawing room,COMPUTER,124.0,4.2,1.0,15.62,124.99,8.0,520.8,low,,False
184,Mar,DINING ROOM,light,16.0,9.0,2.0.0,8.64,69.12,8.0,,low,Spring,False
295,Aug,BATHROOM, Heater  ,1327.0,1.8,3.0,214.97,1719.79,8.0,7165.8,High,Summer,False
768,JUL,Bedroom,Fan,88.0,11.2,1.0,29.57,236.54,8.0,985.6,Medium,,False
734,Sep, Living Room  , TV  ,126.0,3.7,2.0,27.97,223.78,8.0,932.4,Medium,Autumn,False
430,Apr,Living Room,LIGHT,38.0,5.0,3.0,17.1,136.8,8.0,570.0,low,Spring,False
882,May,Drawing Room,TV,124.0,5.8,1.0,21.58,172.61,8.0,719.2,Medium,Spring,False
94,December, Bathroom  ,FAN,75.0,17.7,3.0,119.47,955.8,8.0,3982.5,high,,False
476,Apr,living room,Computer,170.0,8.5,150.0,130.05,1040.4,8.0,216750.0,High,Spring,False
667,Dec,drawing room,computer,347.0,8.0,,166.56,1332.48,8.0,,HIGH,Winter,False
 652 ,JUN,DRAWING ROOM,tv,114.0,5.4,1.0,error,147.74,,615.6,,,False
561,May,Living Room,Computer,163.0,8.6,3.0.0,126.16,1009.3,8.0,,High,Spring,False
593,December,KITCHEN, Fan  ,52.0,13.8,2.0,43.06,344.45,8.0,1435.2,Medium,,False
507,August,Kitchen,n/a,81.0,15.1,2.0,73.39,587.09,8.0,2446.2,medium,,False
418,jan,bathroom,Light,29.0,3.2,2.0,5.57,44.54,8.0,185.6,Low,,False
556,Apr,,Light,36.0,3.2,2.0.0,6.91,55.3,8.0,,Low,Spring,False
133,Sep,KITCHEN,Washing Machine,669.0,1.5,1.0,30.11,240.84,8.0,1003.5,Med,Autumn,True
697,Feb,Kitchen, Microwave  ,722.0,0.4,1.0,8.66,69.31,8.0,288.8,low,Winter,True
273,Apr,Bedroom,Fan,81.0,14.8,3.0,107.89,863.14,8.0,3596.4,HIGH,Spring,False
767,September,KITCHEN,Light,,7.8,2.0,8.89,71.14,8.0,,low,,False
603,Feb,Bedroom,Light,40.0,5.0,1.0,6.0,48.0,8.0,200.0,Low,Winter,False
704,Nov, Kitchen  ,FAN,88.0,14.9,3.0,118.01,944.06,8.0,3933.6,HIGH,Autumn,False
868,Aug,Drawing Room,TV,114.0,2.8,3.0,28.73,229.82,8.0,957.6,Med,Summer,False
834,Mar, Drawing Room  ,Computer,302.0,8.5,1.0,77.01,616.08,8.0,2567.0,Med,Spring,False
237,Oct,Living Room,Light,29.0,5.5,2.0,,76560.0,,319.0,,Autumn,False
231,,kitchen, Washing Machine  ,403.0,1.6,3.0,58.03,464.26,8.0,1934.4,Medium,,True
905,October,Kitchen, Washing Machine  ,,1.5,3.0.0,103.81,830.52,8.0,,high,,True
273,Feb,bedroom,Light,22.0,9.4,3.0,18.61,148.9,8.0,620.4,low,Winter,False
898,January,Bathroom,Fan,55.0,10.4,3.0.0,,411.84,,,,,False
475,Nov,Living Room,AC,1538.0,3.6,1.0,166.1,1328.83,8.0,5536.8,High,Autumn,True
919,Oct,Bedroom,مش عارف,1960.0,4.0,1.0,235.2,1881.6,8.0,7840.0,high,Autumn,False
595,Oct, Drawing Room  , Fan  ,68.0,9.7,3.0,59.36,,,1978.8,medium,Autumn,False
763,aug,KITCHEN,Fridge,168.0,23.2,1.0,116.93,935.42,8.0,3897.6,High,,True
841,Oct,Kitchen,Light,26.0,6.3,1.0,4.91,39.31,8.01,163.8,Low,Autumn,False
216,dec, Kitchen  ,light,17.0,,1.0,3.26,26.11,8.01,,Low,,False
138,Aug,Bedroom,Computer,352.0,3.4,1.0,35.9,,,1196.8,medium,Summer,False
828,dec,Drawing Room,COMPUTER,303.0,?,3.0,139.08,1112.62,8.0,,High,,False
205,Oct,Kitchen,Light,12.0,670.0,3.0.0,7.24,57.89,8.0,,low,Autumn,False
358,MAR,drawing room,Computer,126.0,8.0,2.0,60.48,483.84,8.0,2016.0,Medium,,False
707,Apr,Living Room,Light,24.0,6.7,2.0,9.65,77.18,8.0,321.6,Low,Spring,False
697,Apr,Bedroom, Computer  ,274.0,4.9,2.0,80.56,644.45,8.0,2685.2,medium,Spring,False
108,October, Dining Room  ,Light,14.0,8.3,3.0,10.46,83.66,8.0,348.6,Low,,False
26,Jul,Living Room,TV,103.0,2.7,3.0.0,25.03,200.23,8.0,,Med,Summer,False
401,July,Bedroom,ac,1616.0,4.9,3.0,712.66,5701.25,8.0,23755.2,High,,True
565,nov,BEDROOM, AC  ,1689.0,10.0,3.0,1520.1,12160.8,8.0,50670.0,HIGH,,True
181,Dec,,fan,53.0,9.4,2.0,29.89,239.14,8.0,996.4,Med,Winter,False
101,Sep,Kitchen,fan,82.0,9.3,2.0,45.76,366.05,8.0,1525.2,Med,Autumn,False
678,December,Bedroom,TV,183.0,2.9,3.0,47.76,382.1,8.0,1592.1,Med,,False
532,March, Bedroom  ,Light,31.0,8.8,2.0,,130.94,,545.6,,,False
758,Nov,Bedroom,TV,195.0,4.7,1.0,27.5,219.96,8.0,916.5,Med,Autumn,False
291,aug,bedroom,Computer,-,5.2,3.0,145.08,1160.64,8.0,,high,,False
882,July,Drawing_Room,ac,1655.0,3.5,2.0,,2780.4,,11585.0,,,True
754,February,Kitchen,Washing Machine,772.0,60.0,2.0,27.79,222.34,8.0,92640.0,Med,,True
390,Sep,Living Room,Fan,,16.1,2.0,56.03,448.22,8.0,,Med,Autumn,False
256,Nov,Kitchen,Washing Machine,533.0,0.8,1.0,12.79,102.34,8.0,426.4,low,Autumn,True
550,aug,Drawing_Room,TV,190.0,3.4,3.0,58.14,465.12,8.0,1938.0,Medium,,False
949,Sep,DRAWING ROOM,,150.0,8.2,2.0,73.8,590.4,8.0,2460.0,Med,Autumn,
975,May, Living Room  ,AC,1293.0,6.7,1.0,259.89,2079.14,8.0,8663.1,High,Spring,True
795,May,LIVING ROOM,AC,-972.0,4.9,1.0,142.88,1143.07,8.0,-4762.8,high,Spring,True
642,Nov,Drawing Room,AC,1964.0,3.2,2.0.0,377.09,3016.7,8.0,,HIGH,Autumn,True
269,Sep,Drawing Room,light,38.0,5.9,1.0,6.73,53.81,8.0,224.2,low,Autumn,False
225,December,DINING ROOM,Fan,63.0,9.1,1.0,17.2,137.59,8.0,573.3,low,,False
301,Jul,dining room,Light,18.0,4.9,1.0,2.65,21.17,7.99,88.2,Low,Summer,False
382,Apr,Living Room, Light  ,14.0,6.9,1.0,2.9,23.18,7.99,96.6,Low,Spring,False
93,SEP,Kitchen, Fridge  ,270.0,18.0,1.0,145.8,1166.4,8.0,4860.0,HIGH,,True
125,Feb, Bedroom  , Fan  ,81.0,16.8,1.0,40.82,326.59,8.0,1360.8,Medium,Winter,False
589,Dec,drawing room,Fan,59.0,14.6,3.0,77.53,620.21,8.0,2584.2,Medium,Winter,False
350,Nov,Bedroom, Computer  ,234.0,2.0,2.0,28.08,224.64,8.0,936.0,Med,Autumn,False
820,March,bedroom,Heater,1469.0,1.1,1.0,48.48,387.82,8.0,1615.9,Medium,,False
987,Oct,Bedroom,Computer,294.0,9.9,2.0,174.64,1397.09,8.0,5821.2,High,Autumn,False
642,Mar,Drawing Room,ac,1922.0,9.1,1.0,524.71,4197.65,8.0,17490.2,HIGH,Spring,True
700,February,BATHROOM,Washing Machine,747.0,0.5,2.0,N/A,179.28,,747.0,,,True
771,Sep,-,fan,81.0,16.2,3.0,118.1,944.78,8.0,3936.6,high,Autumn,False
822,Feb, Kitchen  ,FAN,53.0,8.7,2.0,,221.33,,922.2,,Winter,False
616,Jan,,Light,26.0,4.9,3.0,?,91.73,,382.2,,Winter,False
229,June,Living_Room,Computer,186.0,4.7,,26.23,209.81,8.0,,Med,,False
431,Jan,kitchen,Fridge,114.0,24.0,2.0.0,164.16,1313.28,8.0,,high,Winter,True
912,Apr,dining room, Light  ,10.0,4.4,1.0,1.32,,,44.0,low,Spring,False
421,Jan,Bathroom, Light  ,37.0,5.8,3.0,19.31,154.51,8.0,643.8,low,Winter,False
398,Nov, Bedroom  ,HEATER,,2.9,2.0,162.17,1297.34,8.0,,HIGH,Autumn,False
865,May,Kitchen,microwave,979.0,0.3,2.0,17.62,,,587.4,low,Spring,True
538,Aug,Bedroom,LIGHT,35.0,4.2,1.0,4.41,35.28,8.0,147.0,Low,Summer,False
886,Jun,Dining_Room,LIGHT,26.0,4.6,2.0,7.18,57.41,8.0,239.2,Low,Summer,False
459,Jun,Living Room, TV  ,176.0,4.3,3.0,68.11,,,2270.4,Medium,Summer,False
206,January,dining room, Fan  ,80.0,12.1,1.0,29.04,232.32,8.0,968.0,medium,,False
820,Apr,Bedroom, Computer  ,265.0,9.1,2.0,144.69,1157.52,8.0,4823.0,HIGH,Spring,False
311,February,dining room,Fan,59.0,15.2,1.0,26.9,215.23,8.0,896.8,Medium,,False
998,Jan,مجهول,Fridge,259.0,21.0,1.0,163.17,1305.36,8.0,5439.0,High,Winter,True
633,Nov,Bedroom,AC,1511.0,5.2,2.0,471.43,3771460.0,8000.04,15714.4,high,Autumn,True
177,jul,Bathroom,Heater,1037.0,150.0,1.0.0,46.66,373.32,8.0,,medium,,False
84,Dec,Drawing Room,TV,151.0,2.3,1.0,10.42,83.35,8.0,347.3,Low,Winter,False
344,Sep,KITCHEN,Microwave,806.0,0.2,3.0,14.51,116.06,8.0,483.6,low,Autumn,True
710,January,Kitchen,Microwave,-1033.0,0.3,1.0,9.3,,,-309.9,low,,True
398,May,DRAWING ROOM,tv,190.0,4.5,2.0,51.3,410.4,8.0,1710.0,medium,Spring,False
916,,LIVING ROOM,AC,1035.0,2.6,3.0,242.19,1937.52,8.0,8073.0,HIGH,,True
388,May,Drawing_Room,TV,67.0,3.8,3.0,22.91,183.31,8.0,763.8,Med,Spring,False
318,May,Drawing Room, AC  ,964.0,3.6,1.0,104.11,832.9,8.0,3470.4,HIGH,Spring,True
962,Sep,Drawing Room, Fan  ,56.0,13.8,1.0,23.18,185.47,8.0,772.8,medium,Autumn,False
616,apr,bedroom, Computer  ,379.0,4.6,3.0,156.91,1255.25,8.0,5230.2,HIGH,,False
468,May,BEDROOM,Computer,284.0,10.0,2.0,170.4,1363.2,8.0,5680.0,High,Spring,False
254,apr,Dining Room, Light  ,22.0,6.1,3.0,12.08,96.62,8.0,402.6,low,,False
167,December,Drawing Room, AC  ,1195.0,4.4,3.0,473.22,3785.76,8.0,15774.0,HIGH,,True
430,March,Living Room,Fan,84.0,11.7,2.0.0,58.97,471.74,8.0,,Medium,,False
382,Mar,Living Room,Fan,66.0,11.5,2.0,45.54,364.32,8.0,1518.0,Medium,Spring,False
660,Sep,bedroom,heater,1015.0,1.2,1.0,36.54,292.32,8.0,1218.0,Medium,Autumn,False
886,, Living Room  ,Light,34.0,8.6,1.0,8.77,70.18,8.0,292.4,low,,False
937,Nov,Bathroom,Washing_Machine,527.0,1.2,2.0,37.94,303.55,8.0,1264.8,Medium,Autumn,True
910,Sep,, TV  ,,2.9,3.0,36.54,292.32,8.0,,Med,Autumn,False
547,May,Bedroom,Fan,81.0,,3.0,59.05,472.39,8.0,,Med,Spring,False
370,sep,Dining Room,LIGHT,1300.0,5.7,1.0,2.22,17.78,8.01,7410.0,Low,,False
950,nov,Drawing_Room,AC,1318.0,7.4,,877.79,7022.3,8.0,,high,,True
761,Jul,bedroom,AC,1602.0,5.7,1.0,273.94,2191.54,8.0,9131.4,HIGH,Summer,True
211,Jun,Kitchen,Fridge,257.0,18.4,3.0,425.59,3404.74,8.0,14186.4,High,Summer,True
615,August,Kitchen,Light,16.0,9.0,1.0,4.32,34.56,8.0,144.0,low,,False
783,Dec,Kitchen,WASHING MACHINE,488.0,1.7,3.0,74.66,597.31,8.0,2488.8,Medium,Winter,True
865,Mar,Kitchen,Light,15.0,4.1,2.0,3.69,29.52,8.0,123.0,Low,Spring,False
934,Feb,Living Room,AC,1199.0,5.3,1.0.0,190.64,1525.13,8.0,,High,Winter,True
190,Jan, Living Room  ,Light,37.0,4.8,2.0,10.66,85.25,8.0,355.2,Low,Winter,False
758,Jul,Bedroom,na,1447.0,1.5,1.0,65.11,520.92,8.0,2170.5,Medium,Summer,False
658,November,dining room,LIGHT,17.0,unknown,1.0,2.65,21.22,8.01,,Low,,False
848,aug,LIVING ROOM,FAN,63.0,15.0,3.0,85.05,680.4,8.0,2835.0,Med,,False
562,Nov,living room,TV,86.0,2.1,3.0,16.25,130.03,8.0,541.8,low,Autumn,False
183,August,Bedroom,Computer,193.0,3.3,3.0,57.32,458.57,8.0,1910.7,Med,,False
899,December,Bathroom,washing machine,675.0,0.9,1.0,18.23,145.8,8.0,607.5,low,,True
891,Jan,living room, Light  ,-10.0,9.0,2.0,5.4,43.2,8.0,-180.0,Low,Winter,False
41,dec,drawing room,Fan,55.0,14.0,1.0,23.1,184.8,8.0,770.0,Medium,,False
113,Dec,Dining_Room,LIGHT,18.0,-7.2,3.0,11.66,93.31,8.0,-388.8,Low,Winter,False
777,February,Dining Room,Light,36.0,9.4,3.0,30.46,243.65,8.0,1015.2,Medium,,False
559,June,drawing room,Computer,176.0,5.9,3.0,93.46,747.65,8.0,3115.2,Medium,,False
252,Apr,Drawing Room, Computer  ,284.0,4.4,3.0,112.46,899.71,8.0,3748.8,High,Spring,False
787,jun, Kitchen  ,Light,15.0,,1.0,2.25,18.0,8.0,,Low,,False
317,January,dining room,Fan,58.0,10.5,3.0,54.81,438.48,8.0,1827.0,Medium,,False
927,Jan,DRAWING ROOM,AC,993.0,8.8,3.0,786.46,6291.65,8.0,26215.2,High,Winter,True
670,Oct,Living Room,ac,1703.0,7.6,1.0,388.28,3106.27,8.0,12942.8,High,Autumn,True
66,sep, Bedroom  ,Computer,349.0,7.5,2.0,157.05,1256.4,8.0,5235.0,high,,False
288,Sep,KITCHEN,LIGHT,26.0,7.3,2.0,11.39,91.1,8.0,379.6,low,Autumn,False
544,Aug,kitchen,Fridge,280.0,22.8,1.0,191.52,1532.16,8.0,6384.0,high,Summer,True
13,oct, Dining Room  ,light,37.0,4.4,1.0.0,4.88,39.07,8.01,,low,,False
40,aug,bathroom,Washing Machine,633.0,1.8,2.0,68.36,546910.0,8000.44,2278.8,Medium,,True
787,Jul,Dining Room,Fan,51.0,17.1,3.0,78.49,627910.0,7999.87,2616.3,medium,Summer,False
464,Jun,,heater,1158.0,3.2,2.0,222.34,1778.69,8.0,7411.2,High,Summer,False
203,Apr,, Fan  ,86.0,14.5,,74.82,598.56,8.0,,Medium,Spring,False
440,September,KITCHEN,Washing Machine,678.0,0.7,2.0,28.48,227.81,8.0,949.2,Medium,,True
128,Aug,Bathroom,Heater,1409.0,1.6,3.0,202.9,1623.17,8.0,6763.2,high,Summer,False
415,April,Living Room,fan,55.0,15.2,1.0,25.08,200.64,8.0,836.0,Medium,,False
459,February,Living_Room,Computer,101.0,6.6,2.0,40.0,,,1333.2,medium,,False
839,June,Bathroom,Fan,51.0,17.7,2.0,54.16,433.3,8.0,1805.4,Medium,,False
41,October,Dining Room,FAN,59.0,13.3,1.0,23.54,188.33,8.0,784.7,Med,,False
79,Apr, Bedroom  ,Fan,65.0,7.9,1.0,0.0154,123.24,8002.6,513.5,Low,Spring,False
344,JAN,Living Room, AC  ,1605.0,3.9,2.0,375.57,3004.56,8.0,12519.0,high,,True
743,Dec,Drawing Room,light,38.0,8.0,1.0,9.12,72.96,8.0,304.0,Low,Winter,False
545,Nov,Drawing Room,Computer,254.0,8.6,2.0.0,131.06,1048.51,8.0,,high,Autumn,False
620,November,Kitchen,Light,35.0,6.8,1.0,7.14,57.12,8.0,238.0,Low,,False
210,Dec,DRAWING ROOM,TV,-106.0,5.0,2.0,,254.4,,-1060.0,,Winter,False
45,September,KITCHEN,Fan,87.0,8.4,2.0,43.85,350.78,8.0,1461.6,Medium,,False
237,Feb,KITCHEN,Light,34.0,7.2,3.0,22.03,176.26,8.0,734.4,Med,Winter,False
310,September,Dining Room,Fan,66.0,8.2,3.0,48.71,389.66,8.0,1623.6,medium,,False
599,Mar,Kitchen,Light,22.0,8.6,1.0,,45.41,,189.2,,Spring,False
54,Nov,BATHROOM,Heater,1409.0,2.1,1.0,88.77,710.14,8.0,2958.9,Medium,Autumn,False
234,Jun,Kitchen,Fan,83.0,17.0,1.0,42.33,338.64,8.0,1411.0,Medium,Summer,False
969,AUG,Living Room,,321.0,4.1,1.0,39.48,315.86,8.0,1316.1,medium,,
9,May, Living Room  ,computer,22200.0,5.7,3.0,113.89,911.09,8.0,379620.0,high,Spring,False
706,Apr,Drawing Room, TV  ,146.0,2.7,3.0,35.48,283.82,8.0,1182.6,Medium,Spring,False
603,Sep,Drawing Room,LIGHT,11.0,8.1,1.0,2.67,21.38,8.01,89.1,Low,Autumn,False
3,Nov,Kitchen, Fridge  ,156.0,22.1,1.0,103.43,827.42,8.0,3447.6,high,Autumn,True
78,Oct, Bedroom  , Heater  ,1031.0,2.8,3.0,259.81,2078.5,8.0,8660.4,HIGH,Autumn,False
339,August,bedroom, AC  ,1435.0,8.0,2.0.0,688.8,5510.4,8.0,,HIGH,,True
652,Sep,Kitchen,fan,69.0,14.0,3.0,,695.52,,2898.0,,Autumn,False
439,May,Living_Room,,26.0,8.0,2.0,12.48,99.84,8.0,416.0,low,Spring,
245,Sep,BATHROOM,,38.0,8.1,3.0,27.7,221.62,8.0,923.4,Med,Autumn,
96,Jan, Living Room  , Computer  ,194.0,5.1,2.0,59.36,474.91,8.0,1978.8,Medium,Winter,False
726,,Living Room,Computer,215.0,,1.0.0,30.32,242.52,8.0,,Med,,False
978,Nov,Bathroom,Heater,1343.0,3.0,1.0,120.87,966.96,8.0,4029.0,high,Autumn,False
216,Oct,bedroom,Light,18.0,4.9,3.0,7.94,,,264.6,Low,Autumn,False
564,December,Bedroom,Fan,69.0,14.5,2.0,60.03,480.24,8.0,2001.0,medium,,False
226,feb,BEDROOM,AC,1948.0,330.0,2.0,385.7,3085.63,8.0,1285680.0,HIGH,,True
561,Mar,bedroom,AC,1630.0,,3.0,865.53,6924.24,8.0,,high,Spring,True
803,sep,DRAWING ROOM,light,12.0,4.2,1.0,1.51,12.1,8.01,50.4,low,,False
176,Oct,Living_Room,Computer,117.0,2.3,1.0,8.07,64.58,8.0,269.1,low,Autumn,False
862,Jan,Living_Room,Light,30.0,-4.5,1.0,4.05,32.4,8.0,-135.0,Low,Winter,False
474,Dec, Drawing Room  , Computer  ,356.0,8.0,2.0,170.88,1367.04,8.0,5696.0,high,Winter,False
664,Jan,Drawing Room,,183.0,5.3,100.0,58.19,465.55,8.0,96990.0,medium,Winter,
418,SEP, Bedroom  ,Fan,70.0,17.0,3.0,107.1,856.8,8.0,3570.0,high,,False
486,,Living Room,AC,1937.0,7.0,2.0,813.54,6508.32,8.0,27118.0,HIGH,,True
754,Feb,Bedroom, Computer  ,199.0,5.6,2.0,66.86,534.91,8.0,2228.8,Medium,Winter,False
417,Oct,living room,AC,-1711.0,,2.0,431.17,3449.38,8.0,,High,Autumn,True
434,Dec,Bedroom,TV,112.0,,1.0,16.46,131.71,8.0,,Low,Winter,False
16,April,BEDROOM,Light,19.0,8.2,2.0,9.35,74.78,8.0,311.6,low,,False
140,apr,LIVING ROOM,Light,11.0,5.2,2.0,3.43,27.46,8.01,114.4,Low,,False
99,NOV, Drawing Room  ,tv,119.0,3.1,3.0,33.2,265.61,8.0,1106.7,Med,,False
649,jun,Bedroom, AC  ,1084.0,4.3,1.0,139.84,1118.69,8.0,4661.2,High,,True
240,Nov,,FAN,57.0,12.4,2.0,42.41,339.26,8.0,1413.6,Med,Autumn,False
3,September,, Light  ,30.0,9.1,3.0.0,24.57,196.56,8.0,,Medium,,False
322,Mar, Bedroom  ,Computer,115.0,2.0,3.0,20.7,165.6,8.0,690.0,Med,Spring,False
936,February,Dining Room,LIGHT,33.0,5.5,1.0,,43.56,,181.5,,,False
290,Aug,BEDROOM,,10.0,7.8,1.0,2.34,18.72,8.0,78.0,low,Summer,
157,April,Kitchen,Washing Machine,652.0,,2.0,46.94,375.55,8.0,,Med,,True
683,Jan,DRAWING ROOM,Computer,177.0,5.8,2.0,61.6,492.77,8.0,2053.2,medium,Winter,False
434,June,DINING ROOM,LIGHT,17.0,,2.0,4.18,33.46,8.0,,low,,False
212,FEB,Kitchen,washing machine,401.0,2.0,1.0,24.06,192.48,8.0,802.0,medium,,True
441,December,LIVING ROOM,Computer,202.0,6.1,2.0,73.93,591.46,8.0,2464.4,Medium,,False
34,May,,Light,15.0,9.2,2.0,8.28,66.24,8.0,276.0,Low,Spring,False
558,August,DINING ROOM,Fan,90.0,700.0,1.0,18.9,151.2,8.0,63000.0,low,,False
949,Nov,LIVING ROOM, Fan  ,82.0,-,3.0,70.11,560.88,8.0,,Medium,Autumn,False
895,,Living Room,Fan,71.0,7.2,2.0,30.67,245.38,8.0,1022.4,Med,,False
54,May,dining room,Light,,4.6,2.0,7.18,57.41,8.0,,low,Spring,False
317,n/a,n/a,Fan,68.0,17.9,2.0,73.03,584.26,8.0,2434.4,Medium,,False
218,May,DINING ROOM,Fan,5200.0,17.3,1.0,26.99,215.9,8.0,89960.0,medium,Spring,False
46,Dec,Bathroom, Fan  ,74.0,6.2,1.0,13.76,110.11,8.0,458.8,Low,Winter,False
229,Feb,Drawing Room,Computer,153.0,8.4,2.0.0,77.11,616.9,8.0,,Med,Winter,False
846,Dec,bedroom,heater,1229.0,2.4,1.0,88.49,707.9,8.0,2949.6,Med,Winter,False
643,Jan,Bathroom,heater,1157.0,3.2,3.0,333.22,2665.73,8.0,11107.2,HIGH,Winter,False
113,jan,Bedroom, Computer  ,153.0,8.5,2.0,78.03,624.24,8.0,2601.0,Medium,,False
245,November,Living Room,Fan,66.0,11.1,2.0,43.96,351.65,8.0,1465.2,Med,,False
900,Aug,,,1204.0,5.0,3.0,541.8,4334.4,8.0,18060.0,HIGH,Summer,
545,Jul,Drawing Room,TV,137.0,4.0,3.0,49.32,394.56,8.0,1644.0,Med,Summer,False
748,sep,Bathroom,Heater,1164.0,3.9,3.0,408.56,3268.51,8.0,13618.8,HIGH,,False
829,August,Drawing Room, Computer  ,317.0,8.2,2.0,155.96,1247.71,8.0,5198.8,High,,False
993,Sep,Bedroom,Unknown,35.0,4.3,2.0,9.03,72.24,8.0,301.0,low,Autumn,False
361,May,Bedroom,TV,75.0,3.9,1.0,8.78,70.2,8.0,292.5,low,Spring,False
143,Feb, Drawing Room  ,FAN,75.0,14.8,1.0,33.3,266.4,8.0,1110.0,Medium,Winter,False
928,Apr,Living Room,light,33.0,459.99999999999994,3.0,13.66,109.3,8.0,45540.0,Low,Spring,False
283,Nov,,FAN,74.0,15.7,1.0,34.85,278.83,8.0,1161.8,Med,Autumn,False
44,Oct,Dining Room,Fan,,7.7,1.0,12.94,,,,Low,Autumn,False
387,Apr,drawing room,Light,23.0,7.9,3.0,16.35,130.82,8.0,545.1,low,Spring,False
541,Nov,Bedroom,?,33.0,9.1,3.0,27.03,216.22,8.0,900.9,Medium,Autumn,False
483,Dec, Drawing Room  ,TV,145.0,2.6,1.0,11.31,90.48,8.0,377.0,low,Winter,False
769,May, Dining Room  ,FAN,,,2.0,33.66,269.28,8.0,,Medium,Spring,False
577,OCT,kitchen,light,27.0,6.9,3.0,16.77,134.14,8.0,558.9,Low,,False
839,Jun,kitchen,Washing Machine,61800.0,0.5,3.0,,222.48,,92700.0,,Summer,True
417,Nov,Dining Room,FAN,74.0,15.9,1.0,35.3,282.38,8.0,1176.6,medium,Autumn,False
731,JUL,living room,FAN,62.0,,3.0,39.62,316.94,8.0,,Medium,,False
57,Aug,BEDROOM,Heater,985.0,3.3,2.0,195.03,1560.24,8.0,6501.0,high,Summer,False
941,Mar, Drawing Room  ,,66.0,5.6,2.0,22.18,177.41,8.0,739.2,Med,Spring,
454,May,BEDROOM,unknown,187.0,3.2,2.0,35.9,287.23,8.0,1196.8,medium,Spring,False
528,sep,Kitchen,MICROWAVE,777.0,0.3,2.0,13.99,111.89,8.0,466.2,low,,True
214,sep,Living Room, AC  ,952.0,N/A,1.0,188.5,1507970.0,7999.84,,HIGH,,True
632,Mar,Drawing Room,AC,910.0,8.6,2.0,469.56,3756.48,8.0,15652.0,HIGH,Spring,True
981,Oct,Drawing Room,AC,1242.0,3.9,3.0,435.94,3487.54,8.0,14531.4,HIGH,Autumn,True
3,may,bedroom,Computer,150.0,8.4,2.0,75.6,604.8,8.0,2520.0,Med,,False
545,Jun,kitchen, Microwave  ,943.0,0.1,3.0.0,8.49,67.9,8.0,,low,Summer,True
750,Nov,Living Room,AC,,3.9,3.0,689.72,5517.72,8.0,,high,Autumn,True
558,August, Bedroom  ,Heater,942.0,2.7,2.0,152.6,1220.83,8.0,5086.8,HIGH,,False
 306 ,Apr,kitchen,مش عارف,664.0,0.5,3.0,29.88,239.04,8.0,996.0,Medium,Spring,False
407,Jul, Kitchen  ,Microwave,915.0,0.4,2.0.0,21.96,175.68,8.0,,Medium,Summer,True
995,Aug,bathroom,Washing Machine,682.0,2.0,2.0,81.84,654.72,8.0,2728.0,Medium,Summer,True
257,Aug,Living_Room, Computer  ,319.0,2.6,2.0.0,,398.11,,,,Summer,False
923,April, Dining Room  ,Light,28.0,8.9,3.0,22.43,179.42,8.0,747.6,Med,,False
577,Oct,drawing room,Light,25.0,8.5,3.0,19.12,153.0,8.0,637.5,Low,Autumn,False
54,May,Drawing Room,,79.0,11.7,3.0,83.19,665.5,8.0,2772.9,medium,Spring,
954,JAN,LIVING ROOM, Light  ,30.0,6.1,3.0,16.47,131.76,8.0,549.0,Low,,False
48,Dec,Bedroom,Heater,1169.0,2.5,2.0.0,175.35,1402.8,8.0,,HIGH,Winter,False
672,May,Dining Room, Fan  ,78.0,6.6,1.0,15.44,123.55,8.0,514.8,Low,Spring,False
54,Jan,DINING ROOM,Fan,87.0,8.9,,23.23,185.83,8.0,,Med,Winter,False
828,November,LIVING ROOM,Computer,394.0,4.9,2.0,115.84,926.69,8.0,3861.2,high,,False
367,Jul,Living Room,TV,78.0,,3.0,28.78,230.26,8.0,,Med,Summer,False
449,August,,AC,,9.1,2.0,944.58,7556.64,8.0,,High,,True
423,May,Bedroom,,76.0,10.1,2.0,46.06,368.45,8.0,1535.2,medium,Spring,
48,Oct,Bedroom,FAN,,6.4,3.0,31.68,253.44,8.0,,Med,Autumn,False
50,Jul,LIVING ROOM,computer,177.0,5.5,3.0,87.61,700.92,8.0,2920.5,Med,Summer,False
774,Feb,Dining Room,LIGHT,38.0,3.1,1.0,3.53,28.27,8.01,117.8,Low,Winter,False
696,مش عارف,Bedroom,AC,932.0,7.9,3.0,0.66265,5301.22,8000.03,22088.4,Low,,True
410,May,bathroom,Light,36.0,9.1,1.0,9.83,78.62,8.0,327.6,Low,Spring,False
985,June,Dining Room,Fan,70.0,13.5,1.0,28.35,226.8,8.0,945.0,Medium,,False
85,Jul, Living Room  ,AC,1473.0,4.2,,371.2,2969.57,8.0,,HIGH,Summer,True
393,December,Kitchen,Fan,75.0,14.2,3.0,95.85,,,3195.0,Medium,,False
 804 ,February,Living_Room,fan,90.0,14.2,2.0,76.68,,,2556.0,Med,,False
92,Mar, Bathroom  ,LIGHT,12.0,4.1,3.0,4.43,35.42,8.0,147.6,low,Spring,False
596,Feb,Bathroom,HEATER,1392.0,2.2,2.0,183.74,1469.95,8.0,6124.8,High,Winter,False
514,Jan,Living Room,Computer,120.0,,1.0,33.12,264.96,8.0,,Med,Winter,False
338,Mar,Drawing Room,TV,154.0,4.8,2.0,44.35,354.82,8.0,1478.4,Medium,Spring,False
975,Jul,Kitchen, Fan  ,59.0,8.1,1.0,14.34,114.7,8.0,477.9,low,Summer,False
559,Sep,Drawing Room,fan,89.0,13.9,3.0.0,111.34,890.71,8.0,,HIGH,Autumn,False
996,May,Living Room, AC  ,1229.0,4.9,1.0,180.66,1445.3,8.0,6022.1,HIGH,Spring,True
640,Oct, Drawing Room  ,,-77.0,3.7,3.0,25.64,205.13,8.0,-854.7,medium,Autumn,
417,Mar,bathroom,LIGHT,14.0,4.4,3.0,5.54,44.35,8.01,184.8,low,Spring,False
414,not sure,Dining Room, Light  ,38.0,9.2,3.0,31.46,251.71,8.0,1048.8,medium,,False
442,Dec, Living Room  ,computer,255.0,8.1,3.0,185.9,1487.16,8.0,6196.5,HIGH,Winter,False
485,Dec,dining room,Light,21.0,9.6,2.0,12.1,96.77,8.0,403.2,low,Winter,False
783,JAN,Bedroom,Computer,233.0,9.9,3.0,207.6,1660.82,8.0,6920.1,High,,False
44,,Drawing_Room,Light,19.0,4.7,2.0,5.36,42.86,8.0,178.6,Low,,False
119,Mar,kitchen,Washing Machine,491.0,1.2,1.0,17.68,141.41,8.0,589.2,low,Spring,True
418,November,LIVING ROOM, Light  ,17.0,9.1,1.0,4.64,37.13,8.0,154.7,low,,False
356,Dec,,Light,15.0,7.7,2.0,6.93,55.44,8.0,231.0,low,Winter,False
248,May,bedroom,Computer,347.0,9.9,1.0,103.06,824.47,8.0,3435.3,High,Spring,False
678,Apr,DINING ROOM, Fan  ,65.0,16.6,3.0,97.11,776.88,8.0,3237.0,medium,Spring,False
710,August,Drawing Room, TV  ,109.0,2.9,1.0,9.48,75.86,8.0,316.1,Low,,False
594,May,Bedroom,Heater,1332.0,1.7,2.0.0,135.86,1086.91,8.0,,High,Spring,False
438,Jun, Living Room  ,TV,71.0,5.8,3.0,37.06,296500.0,8000.54,1235.4,medium,Summer,False
 609 ,Sep,Bedroom,Heater,1231.0,1.3,2.0,96.02,768.14,8.0,3200.6,medium,Autumn,False
312,apr,dining room,Fan,57.0,15.6,3.0,80.03,640.22,8.0,2667.6,medium,,False
794,February, Bedroom  ,Computer,240.0,2.3,2.0,33.12,264.96,8.0,1104.0,medium,,False
226,Jul,DINING ROOM,light,,9.5,1.0,5.13,41.04,8.0,,Low,Summer,False
541,nov,Bathroom,FAN,-75.0,7.2,1.0,16.2,129.6,8.0,-540.0,low,,False
559,Jun,BATHROOM, Heater  ,883.0,1.9,2.0,100.66,805.3,8.0,3355.4,high,Summer,False
736,September, Drawing Room  ,na,1407.0,9.7,3.0,1228.31,9826.49,8.0,40943.7,High,,False
324,Jan,kitchen,Fridge,138.0,20.2,3.0,250.88,2007.07,8.0,8362.8,high,Winter,True
642,MAY,Bedroom,Light,17.0,9.1,2.0,9.28,74.26,8.0,309.4,Low,,False
544,Aug,Living_Room,Fan,89.0,11.9,1.0,31.77,254.18,8.0,1059.1,Med,Summer,False
654,Sep,BEDROOM,COMPUTER,389.0,8.0,2.0,186.72,1493.76,8.0,6224.0,HIGH,Autumn,False
674,October, Dining Room  ,LIGHT,2000.0,4.2,1.0,2.52,20.16,8.0,8400.0,Low,,False
12,JUN,Bathroom,Washing Machine,471.0,1.1,2.0,31.09,248.69,8.0,1036.2,medium,,True
491,Jan,KITCHEN,FRIDGE,23300.0,18.7,2.0,261.43,2091.41,8.0,871420.0,HIGH,Winter,True
812,Oct,DRAWING ROOM,ac,1708.0,5.6,2.0,573.89,4591.1,8.0,19129.6,high,Autumn,True
573,Oct,Bedroom,Fan,54.0,8.4,3.0,40.82,326.59,8.0,1360.8,Medium,Autumn,False
149,Feb,DRAWING ROOM,Light,22.0,9.4,3.0,18.61,148.9,8.0,620.4,Low,Winter,False
80,Jun,Bedroom, Fan  ,81.0,10.7,1.0,26.0,208.01,8.0,866.7,Med,Summer,False
276,Apr,Living_Room,fan,71.0,17.8,2.0,75.83,606.62,8.0,2527.6,medium,Spring,False
235,Jul, Kitchen  , Microwave  ,1090.0,0.3,3.0,29.43,235.44,8.0,981.0,medium,Summer,True
318,Feb,Drawing Room,light,11.0,5.8,1.0,1.91,15.31,8.02,63.8,Low,Winter,False
595,Mar,living room,AC,1247.0,8.5,1.0,317.99,2543.88,8.0,10599.5,High,Spring,True
362,Dec,Bathroom,FAN,66.0,10.5,1.0,20.79,,,693.0,medium,Winter,False
960,Jul,Dining Room,fan,83.0,13.2,2.0,65.74,525.89,8.0,2191.2,medium,Summer,False
94,Aug,Living Room,-,,3.5,3.0,19.53,156.24,8.0,,Low,Summer,False
280,Jun,Dining Room,Light,21.0,9.5,2.0,11.97,95.76,8.0,399.0,low,Summer,False
311,May,BEDROOM,Fan,59.0,8.3,2.0,29.38,235.06,8.0,979.4,Med,Spring,False
469,feb,kitchen,Washing Machine,646.0,,1.0,11.63,93.02,8.0,,low,,True
28,May,Bedroom,Heater,1206.0,3.6,1.0,0.13025,1041.98,7999.85,4341.6,Low,Spring,False
270,jul,مش عارف,Fan,76.0,7.1,1.0,16.19,129.5,8.0,539.6,low,,False
447,,Kitchen,microwave,1183.0,N/A,2.0,14.2,,,,low,,True
469,SEP,Dining Room,?,18.0,5.5,3.0,8.91,71.28,8.0,297.0,Low,,False
883,Jun,living room,N/A,1032.0,8.5,1.0,263.16,,,8772.0,High,Summer,False
494,Feb,Dining Room, Light  ,11.0,7.7,2.0,5.08,40.66,8.0,169.4,low,Winter,False
610,sep,Drawing Room,Light,27.0,7.9,1.0,6.4,51.19,8.0,213.3,Low,,False
848,Jan,,fan,75.0,9.2,1.0,20.7,165.6,8.0,690.0,Med,Winter,False
550,Jul,Living Room,Computer,197.0,-5.4,2.0.0,63.83,510.62,8.0,,Medium,Summer,False
765,Jun,Bedroom, Computer  ,268.0,,,159.19,1273.54,8.0,,High,Summer,False
319,March,DRAWING ROOM,FAN,,16.2,2.0,70.96,567.65,8.0,,medium,,False
81,Sep,BATHROOM, Heater  ,1012.0,1.4,1.0,42.5,340.03,8.0,1416.8,Med,Autumn,False
816,Jul, Dining Room  ,Fan,74.0,6.4,1.0,14.21,113.66,8.0,473.6,Low,Summer,False
468,Feb,BATHROOM,Fan,85.0,9.6,1.0,24.48,195.84,8.0,816.0,medium,Winter,False
2,May,Kitchen,microwave,1002.0,0.4,1.0,12.02,96.19,8.0,400.8,low,Spring,True
654,Jun,Bedroom,Light,31.0,9.1,3.0,25.39,203.11,8.0,846.3,medium,Summer,False
256,May,Dining Room,light,28.0,3.1,3.0,7.81,62.5,8.0,260.4,Low,Spring,False
170,Mar,,fridge,105.0,21.0,1.0.0,66.15,529.2,8.0,,Medium,Spring,True
716,Jul,Bedroom,ac,957.0,4.1,3.0.0,353.13,2825.06,8.0,,HIGH,Summer,True
78,Nov, Drawing Room  ,FAN,51.0,7.6,150.0,34.88,279.07,8.0,58140.0,Med,Autumn,False
460,Dec,Bedroom,computer,298.0,8.9,1.0,79.57,636.53,8.0,2652.2,Medium,Winter,False
685,Feb,DRAWING ROOM, Light  ,,5.3,2.0,11.77,94.13,8.0,,Low,Winter,False
716,Aug,Living Room,light,15.0,3.1,2.0,2.79,22.32,8.0,93.0,low,Summer,False
983,Apr, Living Room  , Computer  ,333.0,5.8,1.0,57.94,463.54,8.0,1931.4,medium,Spring,False
810,March,Kitchen,Microwave,118400.0,0.4,2.0,28.42,227.33,8.0,94720.0,Medium,,True
270,oct,Drawing Room,Fan,78.0,9.5,1.0,22.23,177.84,8.0,741.0,Med,,False
235,Jul,Bedroom,TV,163.0,5.7,3.0,83.62,668.95,8.0,2787.3,Medium,Summer,False
824,Mar,drawing room, AC  ,1978.0,4.4,3.0,783.29,6266.3,8.0,26109.6,high,Spring,True
214,April,Drawing_Room, TV  ,171.0,2.1,2.0,21.55,172.37,8.0,718.2,Med,,False
80,Jul,مش عارف,Light,33.0,3.9,1.0.0,3.86,30.89,8.0,,Low,Summer,False
883,Jan,kitchen,MICROWAVE,957.0,0.4,2.0,22.97,183.74,8.0,765.6,medium,Winter,True
46,December,Kitchen,Microwave,959.0,0.4,2.0,23.02,184.13,8.0,767.2,Medium,,True
609,Mar, Kitchen  ,Fan,84.0,8.4,3.0,63.5,508.03,8.0,2116.8,Medium,Spring,False
272,feb,KITCHEN,Light,27.0,4.5,1.0,3.65,29.16,7.99,121.5,Low,,False
45,May,DRAWING ROOM,Computer,174.0,6.7,1.0,34.97,279.79,8.0,1165.8,medium,Spring,False
977,Jul,Living Room,AC,1591.0,4.6,3.0,658.67,5269.39,8.0,21955.8,high,Summer,True
215,jan,Drawing Room,Fan,67.0,6.4,1.0,12.86,102.91,8.0,428.8,low,,False
130,Feb,Drawing Room,Fan,72.0,17.5,2.0,75.6,604.8,8.0,2520.0,Medium,Winter,False
732,May,Bedroom,tv,70.0,3.7,2.0,15.54,124.32,8.0,518.0,low,Spring,False
588,oct,Drawing_Room,LIGHT,17.0,5.2,1.0,2.65,21.22,8.01,88.4,low,,False
327,Sep,Kitchen,Fan,5600.0,9.7,3.0,,391.1,,162960.0,,Autumn,False
177,Jul,Living Room, AC  ,1960.0,850.0,1.0,499.8,3998.4,8.0,1666000.0,High,Summer,True
479,NOV,KITCHEN, Fan  ,80.0,8.9,2.0,42.72,341.76,8.0,1424.0,medium,,False
743,apr,dining room,مجهول,79.0,,2.0,41.24,329.9,8.0,,Medium,,False
134,Jul,Kitchen,Fan,67.0,8.2,3.0,49.45,395.57,8.0,1648.2,Medium,Summer,False
381,May,kitchen,Washing Machine,425.0,0.9,3.0,34.42,,,1147.5,medium,Spring,True
631,August,Dining Room,Light,31.0,7.0,1.0,6.51,52.08,8.0,217.0,low,,False
964,Apr,Living Room,COMPUTER,293.0,5.8,1.0,50.98,407.86,8.0,1699.4,Medium,Spring,False
805,Aug,Bedroom,,1617.0,2.9,1.0,140.68,1125.43,8.0,4689.3,High,Summer,
614,Jun,Living Room,Fan,53.0,16.3,3.0,77.75,622.01,8.0,2591.7,Medium,Summer,False
276,February, Living Room  ,Fan,75.0,12.8,2.0,57.6,460.8,8.0,1920.0,Medium,,False
539,August,Bedroom,Computer,314.0,8.9,2.0,167.68,1341.41,8.0,5589.2,high,,False
31,Jan,Living Room,tv,-127.0,2.9,1.0,11.05,88.39,8.0,-368.3,Low,Winter,False
825,dec,LIVING ROOM,TV,137.0,3.7,1.0,15.21,121.66,8.0,506.9,Low,,False
667,not sure,Kitchen,Fridge,136.0,21.8,3.0,266.83,2134.66,8.0,8894.4,HIGH,,True
617,Mar,bedroom,ac,1028.0,7.1,2.0,437.93,3503.42,8.0,14597.6,High,Spring,True
906,Nov,BEDROOM,TV,76.0,3.0,2.0,13.68,109.44,8.0,456.0,low,Autumn,False
921,September,DRAWING ROOM,Fan,65.0,7.8,3.0,45.63,365.04,8.0,1521.0,medium,,False
513,dec,Living Room,TV,153.0,4.9,2.0,44.98,359.86,8.0,1499.4,Medium,,False
961,may,Dining_Room,light,29.0,6.2,1.0.0,5.39,43.15,8.01,,Low,,False
148,Apr,living room, TV  ,-118.0,4.4,2.0.0,31.15,249.22,8.0,,Medium,Spring,False
94,May,Drawing_Room,LIGHT,22.0,9.2,2.0,12.14,97.15,8.0,404.8,low,Spring,False
630,April, Drawing Room  , TV  ,,3.0,3.0,46.44,371.52,8.0,,Medium,,False
682,January,dining room,Light,16.0,5.0,2.0,,38.4,,160.0,,,False
104,Oct, Living Room  ,FAN,69.0,17.6,3.0,109.3,874370.0,7999.73,3643.2,High,Autumn,False
484,oct,bedroom,Computer,195.0,6.3,1.0,36.85,294.84,8.0,1228.5,Medium,,False
800,Feb,Dining Room,Light,32.0,8.5,1.0,8.16,65.28,8.0,272.0,Low,Winter,False
439,Mar,living room,AC,1444.0,9.4,1.0,407.21,3257.66,8.0,13573.6,high,Spring,True
373,Sep,Bedroom,Light,13.0,7.9,2.0,6.16,49.3,8.0,205.4,Low,Autumn,False
674,, Dining Room  ,,25.0,5.5,1.0.0,4.12,33.0,8.01,,Low,,
 18 ,Feb,Bathroom, Heater  ,1161.0,1.3,1.0,45.28,362.23,8.0,1509.3,Medium,Winter,False
187,August,Bedroom,AC,1514.0,7.3,3.0,994.7,7957.58,8.0,33156.6,High,,True
628,April,BEDROOM,Heater,1199.0,3.3,3.0,356.1,2848.82,8.0,11870.1,HIGH,,False
336,Mar,Kitchen,Light,22.0,5.5,1.0,3.63,29.04,8.0,121.0,low,Spring,False
351,Jan, Living Room  , Computer  ,331.0,3.8,2.0,75.47,603.74,8.0,2515.6,Medium,Winter,False
411,Aug,living room,AC,1167.0,5.4,3.0,567.16,4537.3,8.0,18905.4,high,Summer,True
613,July,Drawing_Room,Light,,5.2,2.0.0,3.74,29.95,8.01,,low,,False
734,Aug,DINING ROOM,Light,10.0,7.2,2.0,4.32,34.56,8.0,144.0,Low,Summer,False
824,DEC,Kitchen,Washing_Machine,465.0,0.8,1.0,11.16,89.28,8.0,372.0,Low,,True
246,Jan,Living Room,AC,1119.0,7.3,3.0,735.18,5881.46,8.0,24506.1,high,Winter,True
51,March,Dining_Room,Light,20.0,530.0,1.0,3.18,25.44,8.0,10600.0,low,,False
966,Mar,DRAWING ROOM,Light,31.0,8.3,,23.16,185.26,8.0,,medium,Spring,False
112,Feb,Kitchen,microwave,739.0,,3.0,19.95,159.62,8.0,,Low,Winter,True
159,Aug,Bedroom,Light,32.0,9.6,1.0.0,9.22,73.73,8.0,,low,Summer,False
984,September,Drawing_Room,AC,1083.0,9.7,2.0,,5042.45,,21010.2,,,True
629,Jan,living room, AC  ,1488.0,4.1,2.0,366.05,2928.38,8.0,12201.6,high,Winter,True
752,November,LIVING ROOM,TV,192.0,5.4,3.0,93.31,746.5,8.0,3110.4,Med,,False
54,Dec,Bedroom,heater,1471.0,2.7,1.0,119.15,953.21,8.0,3971.7,HIGH,Winter,False
534,Apr,Drawing Room,,10.0,,2.0,1.86,14.88,8.0,,Low,Spring,
415,Apr,Living_Room, AC  ,1887.0,8.0,2.0,905.76,7246.08,8.0,30192.0,High,Spring,True
652,,Kitchen,Fan,79.0,12.2,1.0,28.91,231.31,8.0,963.8,Medium,,False
884,September,LIVING ROOM,FAN,90.0,14.6,3.0,118.26,946.08,8.0,3942.0,high,,False
922,October,Kitchen, Light  ,32.0,5.7,3.0,16.42,131.33,8.0,547.2,Low,,False
742,Dec,Bathroom,fan,,,2.0,75.04,600.29,8.0,,Medium,Winter,False
992,aug,Bedroom,light,36.0,8.3,3.0,26.89,215.14,8.0,896.4,medium,,False
889,Jul,Kitchen,Washing_Machine,591.0,1.2,1.0,21.28,170.21,8.0,709.2,medium,Summer,True
667,January,,Light,22.0,5.2,2.0,6.86,54.91,8.0,228.8,Low,,False
266,Dec,Bedroom,Heater,804.0,1.5,,,289.44,,,,Winter,False
805,Jun, Bedroom  ,Computer,163.0,6.0,3.0,88.02,704.16,8.0,2934.0,Med,Summer,False
950,Nov,,AC,1530.0,7.9,3.0,1087.83,8702.64,8.0,36261.0,High,Autumn,True
420,July,Kitchen,Microwave,649.0,0.3,3.0,17.52,140.18,8.0,584.1,low,,True
120,May,Kitchen,Fan,62.0,13.5,2.0,0.05022,401.76,8000.0,1674.0,low,Spring,False
761,June,Bedroom,Heater,1029.0,3.6,1.0,,889.06,,3704.4,,,False
778,Feb,Bathroom,WASHING MACHINE,-,1.7,1.0,20.76,166.06,8.0,,medium,Winter,True
507,Apr,Living Room,Fan,71.0,11.3,3.0,72.21,577.66,8.0,2406.9,Med,Spring,False
166,Oct,Kitchen,Fridge,216.0,23.8,2.0,308.45,2467.58,8.0,10281.6,HIGH,Autumn,True
461,AUG,Kitchen,Microwave,985.0,0.3,3.0,26.59,212.76,8.0,886.5,Med,,True
588,April,Drawing Room,Fan,,11.7,3.0,62.13,497.02,8.0,,Medium,,False
 626 ,February,LIVING ROOM,ac,976.0,7.5,2.0,439.2,3513.6,8.0,14640.0,High,,True
653,Jan,BATHROOM,Washing_Machine,419.0,0.8,2.0,20.11,160.9,8.0,670.4,Med,Winter,True
669,Dec,KITCHEN, Fridge  ,195.0,22.6,2.0,264.42,2115.36,8.0,8814.0,HIGH,Winter,True
305,Nov,KITCHEN,,671.0,0.4,3.0,24.16,193.25,8.0,805.2,Med,Autumn,
180,Feb,Dining_Room,Fan,73.0,6.5,2.0,28.47,227.76,8.0,949.0,medium,Winter,False
290,sep,Bedroom, Fan  ,69.0,6.9,2.0,28.57,228.53,8.0,952.2,Medium,,False
431,feb,Bedroom, TV  ,64.0,4.1,3.0.0,23.62,188.93,8.0,,Med,,False
552,Feb,BEDROOM, Computer  ,166.0,7.8,2.0,77.69,621.5,8.0,2589.6,Med,Winter,False
366,Aug,Kitchen,Light,14.0,5.6,1.0,2.35,18.82,8.01,78.4,Low,Summer,False
619,,bedroom, Fan  ,71.0,8.1,3.0,51.76,414.07,8.0,1725.3,medium,,False
629,Aug,Drawing Room, TV  ,,5.4,3.0,91.85,734.83,8.0,,medium,Summer,False
989,October,Bathroom,light,36.0,9.2,3.0,0.02981,238.46,7999.33,993.6,Low,,False
667,February,Drawing Room,TV,92.0,5.0,1.0,13.8,110.4,8.0,460.0,low,,False
434,Sep,Bedroom,AC,1250.0,7.4,2.0,555.0,4440.0,8.0,18500.0,High,Autumn,True
81,Jul,DINING ROOM,Light,14.0,6.7,3.0,8.44,67.54,8.0,281.4,Low,Summer,False
473,Oct,LIVING ROOM,Computer,182.0,-2.0,1.0,10.92,87.36,8.0,-364.0,low,Autumn,False
556,nov, Kitchen  , Microwave  ,802.0,0.1,2.0,4.81,38.5,8.0,160.4,low,,True
606,September,Dining_Room,Fan,55.0,17.8,2.0,58.74,469.92,8.0,1958.0,Medium,,False
688,Dec,Dining Room,Light,16.0,3.0,2.0,2.88,23.04,8.0,96.0,low,Winter,False
818,Feb,LIVING ROOM,Fan,79.0,16.3,3.0,115.89,927.14,8.0,3863.1,HIGH,Winter,False
616,Jul,,AC,1807.0,6.9,1.0,374.05,2992.39,8.0,12468.3,High,Summer,True
815,May,dining room,fan,75.0,16.6,2.0,74.7,597.6,8.0,2490.0,medium,Spring,False
28,sep,Living Room,Computer,255.0,9.3,3.0,213.44,1707.48,8.0,7114.5,High,,False
492,Oct,DRAWING ROOM,TV,95.0,4.3,1.0.0,12.26,98.04,8.0,,low,Autumn,False
67,August,,TV,188.0,3.1,1.0,17.48,139.87,8.0,582.8,low,,False
697,February,LIVING ROOM,Fan,76.0,12.2,1.0,27.82,222.53,8.0,927.2,Med,,False
844,Apr,Drawing Room,Light,36.0,3.5,1.0.0,3.78,30.24,8.0,,low,Spring,False
603,May, Bedroom  ,ac,1844.0,4.3,3.0,713.63,5709.02,8.0,23787.6,High,Spring,True
543,Jan,,Fan,85.0,12.9,3.0,98.69,789.48,8.0,3289.5,Medium,Winter,False
33,Jul,Bedroom,AC,1746.0,5.1,2.0,534.28,4274.21,8.0,17809.2,High,Summer,True
577,November,Bathroom,Fan,72.0,14.2,3.0,92.02,736.13,8.0,3067.2,Medium,,False
696,Nov,Bedroom,AC,967.0,5.3,3.0,461.26,3690.07,8.0,15375.3,HIGH,Autumn,True
546,February,bathroom,Fan,85.0,16.1,1.0,41.06,328.44,8.0,1368.5,Med,,False
873,MAR,unknown,Fan,59.0,10.1,,53.63,429.05,8.0,,Medium,,False
585,June,Drawing Room, Light  ,25.0,8.3,1.0,6.23,49.8,7.99,207.5,Low,,False
418,apr,, Computer  ,317.0,7.0,,199.71,1597.68,8.0,,HIGH,,False
450,Dec,Dining Room,Fan,60.0,15.7,2.0,56.52,,,1884.0,Medium,Winter,False
893,Jul,Kitchen, Light  ,21.0,3.3,3.0,6.24,49.9,8.0,207.9,Low,Summer,False
951,jan,Bathroom,Fan,88.0,15.4,3.0,121.97,975.74,8.0,4065.6,High,,False
966,Jul,Kitchen,MICROWAVE,1043.0,0.4,3.0.0,37.55,300.38,8.0,,medium,Summer,True
150,jan,kitchen,Fan,,11.1,2.0,33.97,271.73,8.0,,Med,,False
820,Sep,BEDROOM,Light,36.0,3.4,1.0,,29.38,,122.4,,Autumn,False
556,Oct,BATHROOM, Fan  ,65.0,14.2,1.0,27.69,221.52,8.0,923.0,medium,Autumn,False
558,may,DINING ROOM,light,35.0,3.8,3.0,11.97,95.76,8.0,399.0,low,,False
511,January,Living_Room,Light,18.0,5.0,3.0,8.1,64.8,8.0,270.0,low,,False
422,November,DRAWING ROOM,TV,169.0,3.3,2.0,33.46,267.7,8.0,1115.4,Medium,,False
666,Apr, Drawing Room  ,COMPUTER,107.0,9.8,3.0,94.37,754.99,8.0,3145.8,Med,Spring,False
127,Aug,Drawing Room,TV,60.0,4.6,2.0.0,16.56,132.48,8.0,,Low,Summer,False
301,Jun,Dining_Room,Light,36.0,3.6,1.0,3.89,31.1,7.99,129.6,low,Summer,False
181,Jun, Kitchen  ,washing machine,474.0,1.2,1.0,17.06,136.51,8.0,568.8,low,Summer,True
331,May,Kitchen,?,61.0,8.9,3.0,48.86,390.89,8.0,1628.7,medium,Spring,False
221,Jun,Living Room,AC,1640.0,9.1,3.0,1343.16,10745.28,8.0,44772.0,High,Summer,True
521,sep,Living Room,AC,-1970.0,2.9,3.0.0,514.17,4113.36,8.0,,HIGH,,True
45,Nov,Kitchen,Fan,87.0,13.4,2.0,69.95,559.58,8.0,2331.6,Medium,Autumn,False
163,Sep,Bedroom,computer,239.0,9.3,3.0,200.04,1600.34,8.0,6668.1,high,Autumn,False
958,Jan,Drawing Room,Fan,80.0,11.5,2.0,55.2,441.6,8.0,1840.0,Med,Winter,False
733,Apr, Kitchen  ,FRIDGE,300.0,18.5,2.0,333.0,,,11100.0,high,Spring,True
654,Aug,KITCHEN,Microwave,978.0,0.3,2.0.0,17.6,140.83,8.0,,low,Summer,True
474,June,, Light  ,24.0,3.2,1.0,2.3,18.43,8.01,76.8,low,,False
31,May,Drawing Room,Computer,312.0,8.2,3.0,230.26,1842.05,8.0,7675.2,high,Spring,False
834,NOV, Living Room  ,Fan,52.0,17.7,1.0,27.61,220.9,8.0,920.4,medium,,False
144,may, Bedroom  , AC  ,1788.0,2.8,1.0,150.19,1201.54,8.0,5006.4,high,,True
18,Apr,BEDROOM,Heater,929.0,3.3,2.0,183.94,1471.54,8.0,6131.4,High,Spring,False
713,May,, Fan  ,54.0,12.0,2.0,38.88,,,1296.0,Med,Spring,False
784,Apr,,light,27.0,4.8,2.0,7.78,62.21,8.0,259.2,Low,Spring,False
878,Dec,living room,computer,362.0,8.2,2.0,178.1,1424.83,8.0,5936.8,HIGH,Winter,False
46,Jul,drawing room, Computer  ,122.0,9.2,3.0,101.02,808130.0,7999.7,3367.2,high,Summer,False
708,,,AC,1208.0,9.4,1.0,340.66,2725.25,8.0,11355.2,HIGH,,True
714,October,BEDROOM,Heater,1037.0,2.5,2.0,155.55,1244.4,8.0,5185.0,HIGH,,False
404,Jun,BEDROOM,Computer,263.0,8.2,,129.4,1035.17,8.0,,HIGH,Summer,False
770,Oct,Living Room,,112.0,3.3,2.0,22.18,177.41,8.0,739.2,Med,Autumn,
239,Apr,BEDROOM, Computer  ,270.0,4.5,3.0,109.35,874.8,8.0,3645.0,High,Spring,False
497,May,Drawing Room, Light  ,35.0,8.9,2.0,18.69,149.52,8.0,623.0,Low,Spring,False
619,Apr,BEDROOM,AC,1340.0,8.2,1.0.0,329.64,2637.12,8.0,,High,Spring,True
689,Jul,BEDROOM,Computer,169.0,7.2,1.0,36.5,292.03,8.0,1216.8,Medium,Summer,False
795,Jun, Bathroom  ,light,13.0,3.5,2.0.0,2.73,21.84,8.0,,low,Summer,False
386,may,Living Room,LIGHT,20.0,,2.0,9.48,75.84,8.0,,Low,,False
162,November,Drawing_Room,light,36.0,9.3,2.0,20.09,160.7,8.0,669.6,Medium,,False
8,jul,KITCHEN,Light,16.0,7.3,1.0,3.5,28.03,8.01,116.8,low,,False
9,AUG, Dining Room  ,Light,28.0,6.7,,5.63,45.02,8.0,,low,,False
351,Dec,Kitchen,Washing_Machine,597.0,1.9,1.0,34.03,272230.0,7999.71,1134.3,Medium,Winter,True
776,Apr,Dining Room, Fan  ,63.0,1670.0,2.0.0,63.13,505.01,8.0,,Medium,Spring,False
19,July,Bathroom,Light,,4.0,3.0,14.4,115.2,8.0,,Low,,False
790,Nov,living room, Fan  ,73.0,16.9,1.0,37.01,296.09,8.0,1233.7,Medium,Autumn,False
488,Aug,Kitchen,washing machine,-644.0,1.9,3.0,110.12,880.99,8.0,-3670.8,HIGH,Summer,True
628,Sep,Dining Room,Fan,70.0,16.3,3.0,,821.52,,3423.0,,Autumn,False
241,August,Kitchen, Fan  ,79.0,15.8,1.0,37.45,299.57,8.0,1248.2,Med,,False
122,DEC,Drawing_Room,Light,18.0,5.4,3.0.0,8.75,69.98,8.0,,Low,,False
808,October, Drawing Room  ,AC,1482.0,,1.0,271.21,2169.65,8.0,,High,,True
219,Sep,Drawing_Room,not sure,15.0,7.3,1.0,3.29,26.28,7.99,109.5,low,Autumn,False
716,May,Dining Room, Light  ,21.0,5.3,1.0,3.34,26.71,8.0,111.3,Low,Spring,False
999,Sep,BEDROOM,Fan,87.0,15.7,2.0,81.95,655.63,8.0,2731.8,Med,Autumn,False
55,Nov,bedroom,Computer,14200.0,8.5,2.0,72.42,579.36,8.0,241400.0,medium,Autumn,False
964,Feb,Bedroom,light,16.0,4.5,2.0,4.32,34.56,8.0,144.0,Low,Winter,False
724,Feb,DINING ROOM,Light,21.0,7.4,1.0,4.66,37.3,8.0,155.4,Low,Winter,False
123,Dec,Kitchen,Washing Machine,-529.0,1.6,1.0,25.39,203.14,8.0,-846.4,medium,Winter,True
882,Sep,bedroom,ac,1385.0,2.9,1.0,0.1205,963.96,7999.67,4016.5,low,Autumn,True
708,Apr,LIVING ROOM,AC,1358.0,,3.0,537.77,,,,HIGH,Spring,True
550,may,Kitchen,light,28.0,5.6,2.0,9.41,75.26,8.0,313.6,Low,,False
741,JAN,BEDROOM,heater,1444.0,2.4,2.0,207.94,1663.49,8.0,6931.2,high,,False
692,Jun,LIVING ROOM,light,10.0,6.4,3.0,0.0057599999999999995,46080.0,8000000.0,192.0,low,Summer,False
842,Dec,drawing room,Light,25.0,3.3,2.0.0,4.95,39.6,8.0,,Low,Winter,False
144,Apr,Bathroom, Washing Machine  ,416.0,1.8,1.0,22.46,179.71,8.0,748.8,medium,Spring,True
80,July, Bathroom  , Heater  ,1025.0,3.5,3.0,322.88,2583.0,8.0,10762.5,HIGH,,False
399,Jun,?,TV,148.0,5.5,3.0,73.26,586.08,8.0,2442.0,Med,Summer,False
867,may,Bathroom,N/A,590.0,1.9,2.0,67.26,538.08,8.0,2242.0,Med,,False
90,March,Drawing_Room,FAN,70.0,12.2,1.0,25.62,204.96,8.0,854.0,Medium,,False
926,Dec,Dining Room,Fan,54.0,12.4,2.0,40.18,321.41,8.0,1339.2,medium,Winter,False
123,March,Dining Room,na,14.0,6.6,3.0,8.32,66.53,8.0,277.2,low,,False
992,Feb,Living_Room,TV,193.0,3.1,2.0,35.9,287.18,8.0,1196.6,medium,Winter,False
502,Apr,drawing room,LIGHT,27.0,7.4,1.0,5.99,47.95,8.01,199.8,Low,Spring,False
173,Dec,Dining Room,Light,37.0,8.7,1.0,9.66,77.26,8.0,321.9,low,Winter,False
422,August, Dining Room  ,fan,76.0,10.8,2.0.0,49.25,393.98,8.0,,Med,,False
663,November,Bedroom, TV  ,180.0,4.4,1.0,23.76,190.08,8.0,792.0,medium,,False
701,Nov,BEDROOM,light,27.0,8.4,3.0,20.41,163.3,8.0,680.4,medium,Autumn,False
952,Sep,bathroom,Light,26.0,8.5,3.0,19.89,159.12,8.0,663.0,Low,Autumn,False
339,Jun,Bedroom,ac,1484.0,5.0,3.0,,5342.4,,22260.0,,Summer,True
429,July,Drawing_Room,Fan,68.0,8.7,2.0,35.5,283.97,8.0,1183.2,medium,,False
336,May,DRAWING ROOM,Fan,66.0,7.1,1.0,,112.46,,468.6,,Spring,False
460,Jul,Drawing_Room,TV,-60.0,4.2,1.0,7.56,60.48,8.0,-252.0,Low,Summer,False
801,Sep,DRAWING ROOM,TV,131.0,5.3,,20.83,166.63,8.0,,Medium,Autumn,False
469,Jan,Drawing Room,TV,134.0,4.7,2.0,37.79,302.3,8.0,1259.6,Med,Winter,False
359,Jan,,heater,1321.0,,1.0,126.82,1014.53,8.0,,High,Winter,False
444,Mar,Drawing Room,AC,1336.0,,1.0,236.47,1891.78,8.0,,high,Spring,True
41,Feb,Drawing_Room,computer,316.0,4.6,2.0,87.22,,,2907.2,medium,Winter,False
54,Aug,Bedroom,Light,25.0,7.4,1.0,N/A,44.4,,185.0,,Summer,False
603,Nov,,Light,40.0,5.1,3.0,18.36,,,612.0,low,Autumn,False
307,May,Dining Room, Fan  ,53.0,12.9,3.0,61.53,492.26,8.0,2051.1,Medium,Spring,False
849,jul, Drawing Room  ,Light,17.0,8.6,1.0,4.39,35.09,7.99,146.2,low,,False
654,Jan,Bathroom, Fan  ,59.0,10.0,1.0,17.7,141.6,8.0,590.0,Low,Winter,False
123,March,Dining Room,na,14.0,6.6,3.0,8.32,66.53,8.0,277.2,Low,,False
399,Feb, Drawing Room  ,AC,1015.0,2.0,3.0,182.7,1461.6,8.0,6090.0,High,Winter,True
404,May,KITCHEN,Light,,6.8,2.0,13.87,110.98,8.0,,Low,Spring,False
412,Dec,Bedroom,Heater,1135.0,1.2,1.0,40.86,326.88,8.0,1362.0,medium,Winter,False
617,Jul,Bedroom,Light,26.0,4.6,2.0,7.18,57.41,8.0,239.2,Low,Summer,False
46,Mar,Drawing Room,Light,13.0,7.4,2.0,5.77,46.18,8.0,192.4,Low,Spring,False
822,Sep,Bedroom,Light,37.0,8.6,3.0,28.64,229.1,8.0,954.6,Med,Autumn,False
955,June,Bathroom,HEATER,1466.0,1.9,2.0,167.12,1336.99,8.0,5570.8,HIGH,,False
564,Feb,Bathroom,HEATER,837.0,3.6,1.0,90.4,723.17,8.0,3013.2,Medium,Winter,False
453,Feb,living room,LIGHT,14.0,3.4,1.0,1.43,11.42,7.99,47.6,low,Winter,False
603,May,living room, TV  ,,3.2,2.0,19.01,152.06,8.0,,low,Spring,False
134,aug,BATHROOM,light,13.0,9.5,3.0,11.12,88.92,8.0,370.5,low,,False
633,Jan,Dining Room,light,14.0,5.8,1.0,2.44,19.49,7.99,81.2,low,Winter,False
998,Nov, Living Room  ,AC,1920.0,6.7,3.0,1157.76,9262.08,8.0,38592.0,high,Autumn,True
299,Jun,BEDROOM,fan,86.0,9.1,1.0,23.48,187.82,8.0,782.6,medium,Summer,False
522,September, Living Room  ,light,36.0,4.9,1.0,5.29,42.34,8.0,176.4,low,,False
644,June,bedroom,Fan,,17.8,2.0,70.49,563.9,8.0,,medium,,False
912,April,Living_Room,not sure,24.0,6.9,3.0,14.9,119.23,8.0,496.8,low,,False
583,Apr,BATHROOM,fan,84.0,17.7,1.0,44.6,356.83,8.0,1486.8,Medium,Spring,False
377,July, Bedroom  ,fan,83.0,17.7,1.0,44.07,352.58,8.0,1469.1,Med,,False
60,March,Bedroom, Fan  ,59.0,6.1,3.0,32.39,259.13,8.0,1079.7,medium,,False
273,Jul,KITCHEN,microwave,1096.0,0.4,2.0,26.3,210.43,8.0,876.8,Med,Summer,True
328,Sep,BEDROOM, AC  ,1460.0,6.7,1.0,293.46,2347.68,8.0,9782.0,High,Autumn,True
287,Sep,drawing room,TV,84.0,5.5,2.0,0.027719999999999998,221.76,8000.0,924.0,low,Autumn,False
487,DEC,dining room,Fan,80.0,,,,282.24,,,,,False
901,Jun, Bedroom  ,AC,1155.0,6.8,3.0.0,706.86,5654.88,8.0,,high,Summer,True
682,Apr,Drawing_Room,Fan,85.0,15.7,1.0,40.03,320.28,8.0,1334.5,Medium,Spring,False
695,Nov,Kitchen, Light  ,39.0,3.8,3.0,unknown,106.7,,444.6,,Autumn,False
449,JUN,Bathroom,heater,1459.0,1.1,2.0,96.29,770.35,8.0,3209.8,Medium,,False
892,Nov,Bathroom,Light,34.0,7.4,3.0,22.64,181.15,8.0,754.8,medium,Autumn,False
955,Feb,Bathroom,HEATER,1052.0,270.0,1.0,85.21,681.7,8.0,284040.0,medium,Winter,False
629,Feb,LIVING ROOM,N/A,18.0,3.1,2.0,3.35,26.78,7.99,111.6,Low,Winter,False
235,jun, Bedroom  ,Light,12.0,,2.0,6.26,50.11,8.0,,low,,False
972,December,BEDROOM,not sure,253.0,7.8,2.0,118.4,947.23,8.0,3946.8,high,,False
276,Feb, Dining Room  , Fan  ,51.0,6.0,1.0,9.18,73.44,8.0,306.0,low,Winter,False
120,Jul,Dining Room, Light  ,18.0,7.2,3.0.0,11.66,93.31,8.0,,low,Summer,False
828,Aug,BEDROOM,LIGHT,34.0,5.8,3.0,17.75,141.98,8.0,591.6,Low,Summer,False
288,Sep,kitchen,,177.0,19.2,1.0,101.95,815.62,8.0,3398.4,high,Autumn,
766,Sep,Bathroom,Fan,86.0,,2.0,34.06,272.45,8.0,,Medium,Autumn,False
34,November,Drawing Room,TV,66.0,5.2,1.0,10.3,82.37,8.0,343.2,low,,False
978,sep,na,FAN,-58.0,14.2,3.0,74.12,592.99,8.0,-2470.8,Medium,,False
86,Jul,bedroom,TV,90.0,2.3,1.0,,49.68,,207.0,,Summer,False
68,January,bedroom,fan,87.0,14.4,1.0,37.58,300.67,8.0,1252.8,Medium,,False
458,Mar,Bedroom,Computer,395.0,4.9,3.0,174.2,1393.56,8.0,5806.5,HIGH,Spring,False
647,apr,dining room,FAN,83.0,10.2,1.0,25.4,203.18,8.0,846.6,Medium,,False
211,February,Living Room,,79.0,8.1,3.0,57.59,460.73,8.0,1919.7,medium,,
917,April,kitchen,Fridge,299.0,23.2,1.0,208.1,1664.83,8.0,6936.8,high,,True
266,may,Dining Room,Light,40.0,4.8,2.0,11.52,92.16,8.0,384.0,low,,False
815,Oct,Living_Room,COMPUTER,270.0,,3.0,206.55,1652.4,8.0,,high,Autumn,False
339,Dec,Drawing Room, Light  ,30.0,9.6,3.0,error,207.36,,864.0,,Winter,False
379,Dec,bedroom,TV,83.0,2.8,2.0,13.94,111.55,8.0,464.8,Low,Winter,False
682,Jun,Bedroom,FAN,61.0,11.3,3.0,62.04,496.3,8.0,2067.9,Med,Summer,False
514,February,BATHROOM,fan,52.0,7.1,3.0,33.23,265.82,8.0,1107.6,medium,,False
858,Apr,bedroom,AC,1488.0,9.2,2.0,821.38,6571.01,8.0,27379.2,High,Spring,True
934,,Bedroom,Computer,324.0,5.8,2.0,112.75,902.02,8.0,3758.4,High,,False
302,Nov, Bathroom  ,Heater,893.0,2.9,,233.07,1864580.0,8000.09,,high,Autumn,False
541,Aug,Drawing_Room,TV,199.0,2.4,2.0,28.66,229.25,8.0,955.2,medium,Summer,False
892,January,Dining Room,Light,25.0,8.1,2.0,12.15,97.2,8.0,405.0,low,,False
909,Aug,Living Room,TV,167.0,2.0,3.0,30.06,240.48,8.0,1002.0,medium,Summer,False
554,Oct,Bedroom,tv,118.0,3.7,3.0,39.29,314.35,8.0,1309.8,Med,Autumn,False
251,Mar, Living Room  ,Light,10.0,3.6,2.0,,17.28,,72.0,,Spring,False
153,na,مجهول,Light,25.0,9.1,3.0,20.48,163.8,8.0,682.5,medium,,False
355,June, Bedroom  ,Heater,1144.0,2.5,3.0,257.4,2059.2,8.0,8580.0,High,,False
771,December,LIVING ROOM, Computer  ,error,4.3,2.0,78.95,631.58,8.0,,medium,,False
732,January,bedroom,ac,1195.0,6.0,2.0,430.2,3441.6,8.0,14340.0,high,,True
42,Feb,Bathroom,Washing Machine,786.0,1.2,1.0,28.3,226.37,8.0,943.2,Medium,Winter,True
922,feb,DRAWING ROOM,Light,38.0,8.6,1.0,9.8,78.43,8.0,326.8,low,,False
584,Mar,Kitchen,Fridge,278.0,20.4,1.0,170.14,1361.09,8.0,5671.2,HIGH,Spring,True
663,Jan,BATHROOM,Washing Machine,467.0,0.6,3.0,25.22,201.74,8.0,840.6,Medium,Winter,True
561,May,Living Room,FAN,52.0,8.4,1.0,13.1,104.83,8.0,436.8,Low,Spring,False
935,Jul,Kitchen,Fan,80.0,17.0,3.0,122.4,979.2,8.0,4080.0,High,Summer,False
443,mar,Drawing Room,Computer,299.0,4.9,3.0.0,131.86,1054.87,8.0,,high,,False
625,Mar,Living Room,light,15.0,5.2,2.0.0,,37.44,,,,Spring,False
519,Jan,Kitchen,Microwave,829.0,0.3,1.0,7.46,59.69,8.0,248.7,low,Winter,True
361,Apr,Dining Room,light,18.0,5.3,3.0,8.59,68.69,8.0,286.2,Low,Spring,False
784,Feb,DRAWING ROOM,TV,153.0,2.5,2.0.0,22.95,183.6,8.0,,Medium,Winter,False
67,Mar,DRAWING ROOM,TV,141.0,5.8,2.0,49.07,392.54,8.0,1635.6,Medium,Spring,False
267,jun,Bedroom,AC,1715.0,7.5,1.0,385.88,3087.0,8.0,12862.5,High,,True
426,Jan,Kitchen,Light,13.0,6.3,2.0,4.91,39.31,8.01,163.8,Low,Winter,False
435,May,BATHROOM,WASHING MACHINE,628.0,1.5,1.0,28.26,226.08,8.0,942.0,medium,Spring,True
575,Jul,Dining Room, Fan  ,58.0,8.0,3.0,41.76,334.08,8.0,1392.0,medium,Summer,False
585,n/a,Drawing Room,AC,934.0,,3.0.0,748.13,5985.07,8.0,,high,,True
665,Jan,Living_Room,Light,26.0,6.7,3.0.0,15.68,125.42,8.0,,low,Winter,False
884,Dec,LIVING ROOM,TV,137.0,2.2,150.0,27.13,217.01,8.0,45210.0,Med,Winter,False
450,Jan,Bathroom,Heater,1438.0,3.1,3.0,401.2,3209.62,8.0,13373.4,high,Winter,False
70,Apr,LIVING ROOM,Light,26.0,9.1,3.0,21.29,170.35,8.0,709.8,medium,Spring,False
658,Nov,Bedroom,Unknown,198.0,2.5,2.0,29.7,237.6,8.0,990.0,Medium,Autumn,False
691,SEP,Bathroom,Heater,1467.0,3.0,3.0,396.09,3168.72,8.0,13203.0,High,,False
161,may,dining room,Fan,61.0,13.1,3.0,71.92,575.35,8.0,2397.3,Medium,,False
120,Sep,n/a, Light  ,16.0,7.1,1.0,3.41,27.26,7.99,113.6,Low,Autumn,False
67,aug, Bedroom  ,Heater,928.0,1.4,1.0,38.98,311.81,8.0,1299.2,Medium,,False
945,jan,Bathroom,FAN,56.0,9.9,1.0,16.63,133.06,8.0,554.4,Low,,False
778,Apr,,light,13.0,4.1,1.0,1.6,12.79,7.99,53.3,low,Spring,False
957,October,Bathroom,heater,1277.0,2.6,3.0,298.82,2390.54,8.0,9960.6,high,,False
93,Nov,Living Room,ac,1848.0,3.4,2.0,376.99,,,12566.4,HIGH,Autumn,True
752,Jan,drawing room, Computer  ,164.0,6.8,2.0,66.91,535.3,8.0,2230.4,Medium,Winter,False
331,Mar,Kitchen,Fridge,225.0,21.0,1.0,141.75,1134.0,8.0,4725.0,High,Spring,True
993,Dec,Drawing Room,Light,13.0,7.6,1.0,2.96,23.71,8.01,98.8,low,Winter,False
320,Dec,living room,TV,186.0,2.8,3.0,46.87,374.98,8.0,1562.4,Medium,Winter,False
696,,,ac,1917.0,4.6,3.0,793.64,6349.1,8.0,26454.6,HIGH,,True
757,November,kitchen,Light,30.0,5.6,1.0,5.04,40.32,8.0,168.0,Low,,False
348,May,Living Room, TV  ,120.0,3.7,3.0,39.96,319.68,8.0,1332.0,Med,Spring,False
362,Jan,Bedroom,,170.0,3.2,3.0,48.96,391.68,8.0,1632.0,Med,Winter,
147,feb,BATHROOM,LIGHT,,6.6,2.0,14.26,114.05,8.0,,low,,False
58,apr, Kitchen  , Fan  ,75.0,11.1,1.0,24.98,199.8,8.0,832.5,medium,,False
619,January,BATHROOM,WASHING MACHINE,599.0,1.3,2.0,46.72,373.78,8.0,1557.4,Medium,,True
923,Jun,drawing room, Computer  ,270.0,3.6,2.0,58.32,466.56,8.0,1944.0,Medium,Summer,False
22,Nov,BEDROOM,Computer,159.0,7.6,,36.25,290.02,8.0,,medium,Autumn,False
951,Feb,LIVING ROOM, TV  ,89.0,5.5,3.0,44.05,352.44,8.0,1468.5,medium,Winter,False
927,Nov,living room,,72.0,10.4,3.0.0,67.39,539.14,8.0,,Med,Autumn,
877,,Living_Room,tv,147.0,4.2,3.0,55.57,444.53,8.0,1852.2,Med,,False
838,Jul,Living Room,AC,1100.0,5.9,3.0,584.1,4672.8,8.0,19470.0,high,Summer,True
 118 ,Jun,Bathroom,N/A,564.0,0.9,3.0,45.68,365.47,8.0,1522.8,Med,Summer,False
479,MAR, Kitchen  ,Fan,88.0,11.4,2.0,60.19,481.54,8.0,2006.4,Medium,,False
41,Feb,Drawing_Room,computer,316.0,4.6,2.0,87.22,,,2907.2,Med,Winter,False
811,Aug,bedroom,TV,121.0,4.5,3.0,49.01,392.04,8.0,1633.5,medium,Summer,False
773,May,Kitchen,fan,84.0,15.9,1.0,?,320.54,,1335.6,,Spring,False
731,dec,Bathroom,fan,82.0,6.1,3.0,45.02,360.14,8.0,1500.6,Medium,,False
136,Jan,Kitchen,Fridge,?,21.8,2.0,180.5,1444.03,8.0,,High,Winter,True
935,,kitchen,Light,-39.0,9.7,1.0,11.35,90.79,8.0,-378.3,Low,,False
70,December,living room,Fan,82.0,14.0,1.0.0,34.44,275.52,8.0,,Medium,,False
651,Jul,Bedroom,n/a,31.0,9.0,3.0,25.11,200.88,8.0,837.0,Medium,Summer,False
116,Jan,drawing room,fan,90.0,16.2,2.0,87.48,699.84,8.0,2916.0,Med,Winter,False
780,Apr,Bathroom,Light,15.0,7.8,1.0,3.51,28.08,8.0,117.0,low,Spring,False
599,Feb, Bedroom  ,COMPUTER,109.0,5.3,3.0,51.99,415.94,8.0,1733.1,Medium,Winter,False
415,Jan,Bedroom,Light,40.0,7.0,3.0,25.2,,,840.0,medium,Winter,False
964,Jul,bedroom,AC,1004.0,5.9,1.0.0,177.71,1421.66,8.0,,High,Summer,True
537,Nov,DINING ROOM,Light,38.0,,1.0,9.92,79.34,8.0,,low,Autumn,False
915,Jun,DINING ROOM,Fan,57.0,6.5,3.0.0,33.34,266.76,8.0,,medium,Summer,False
415,January,KITCHEN,Light,20.0,5.8,3.0,10.44,83.52,8.0,348.0,Low,,False
815,Oct,Bathroom,fan,75.0,17.3,1.0.0,38.92,311.4,8.0,,medium,Autumn,False
181,May,KITCHEN, Washing Machine  ,488.0,1.9,1.0,,222.53,,927.2,,Spring,True
551,Mar,Living_Room,?,17.0,8.9,2.0,9.08,72.62,8.0,302.6,low,Spring,False
132,Jun,Kitchen,LIGHT,,6.6,1.0,3.56,28.51,8.01,,Low,Summer,False
691,May,Living Room,Fan,85.0,12.0,3.0,91.8,734.4,8.0,3060.0,medium,Spring,False
139,February,Living Room,LIGHT,21.0,7.0,3.0,13.23,105.84,8.0,441.0,Low,,False
 520 ,Mar,Living_Room,Light,13.0,9.7,3.0,11.35,90790.0,7999.12,378.3,low,Spring,False
720,Apr,Kitchen,FRIDGE,144.0,21.6,1.0.0,93.31,746.5,8.0,,medium,Spring,True
749,December,Kitchen,light,17.0,5.9,3.0,9.03,72.22,8.0,300.9,low,,False
646,Jun,Living Room,Light,26.0,4.6,2.0,7.18,57.41,8.0,239.2,Low,Summer,False
22,Jul,Bedroom,Computer,394.0,4.9,1.0,57.92,463.34,8.0,1930.6,Med,Summer,False
646,Mar,Dining_Room,fan,84.0,8.0,,40.32,322.56,8.0,,medium,Spring,False
984,mar,,Computer,305.0,5.8,1.0,53.07,424.56,8.0,1769.0,Med,,False
460,مجهول,Kitchen,fridge,112.0,18.1,2.0,121.63,973.06,8.0,4054.4,HIGH,,True
543,October,Living Room, Fan  ,57.0,10.9,1.0,18.64,149.11,8.0,621.3,low,,False
37,May,Dining Room,light,20.0,5.1,3.0,9.18,73.44,8.0,306.0,Low,Spring,False
736,January,Drawing Room, Computer  ,204.0,7.0,3.0,128.52,1028.16,8.0,4284.0,HIGH,,False
634,Jan,Kitchen,Fan,80.0,11.2,1.0,26.88,215.04,8.0,896.0,Med,Winter,False
106,apr,DRAWING ROOM,Computer,314.0,8.0,2.0,150.72,1205.76,8.0,5024.0,high,,False
310,Apr,,computer,383.0,2.8,3.0,96.52,772.13,8.0,3217.2,medium,Spring,False
656,May,DRAWING ROOM,Light,15.0,8.0,1.0.0,3.6,28.8,8.0,,Low,Spring,False
959,jul,Bedroom,ac,1343.0,8.5,2.0.0,684.93,5479.44,8.0,,high,,True
49,Feb,Kitchen, Light  ,17.0,3.8,3.0,5.81,46.51,8.01,193.8,low,Winter,False
675,November,Living Room,LIGHT,11.0,6.9,2.0,4.55,36.43,8.01,151.8,low,,False
931,Apr,Dining_Room,Fan,75.0,12.9,1.0,29.02,232.2,8.0,967.5,medium,Spring,False
314,Feb,Living Room,Fan,78.0,,3.0,87.75,702.0,8.0,,medium,Winter,False
163,,Bedroom,computer,239.0,5.3,1.0.0,38.0,304.01,8.0,,medium,,False
872,Jan,Living Room,Computer,280.0,3.0,2.0,,403.2,,1680.0,,Winter,False
20,Dec,Dining_Room,light,30.0,6.1,1.0,5.49,43.92,8.0,183.0,low,Winter,False
188,November,,Washing Machine,572.0,0.5,3.0,25.74,205.92,8.0,858.0,Med,,True
168,February,Drawing Room,ac,1195.0,8.8,3.0.0,946.44,7571.52,8.0,,HIGH,,True
541,Jul,Dining_Room,FAN,74.0,,1.0,21.31,170.5,8.0,,Medium,Summer,False
318,Apr, Living Room  ,TV,73.0,3.6,1.0.0,7.88,63.07,8.0,,Low,Spring,False
669,Nov,,Fridge,167.0,20.6,1.0,103.21,825.65,8.0,3440.2,high,Autumn,True
802,Feb,BEDROOM,AC,1925.0,3.8,1.0,219.45,1755.6,8.0,7315.0,High,Winter,True
977,Jul,Living Room,AC,1591.0,4.6,3.0,658.67,5269.39,8.0,21955.8,High,Summer,True
132,Jun,Kitchen,,902.0,0.4,2.0.0,21.65,173.18,8.0,,medium,Summer,
400,Dec,Bedroom,HEATER,1287.0,3.8,1.0,146.72,1173.74,8.0,4890.6,high,Winter,False
577,oct,Kitchen,Fridge,144.0,,1.0,,673.92,,,,,True
843,Oct,living room,tv,79.0,4.9,3.0,34.84,,,1161.3,medium,Autumn,False
670,Oct,Kitchen,microwave,725.0,0.3,1.0,6.53,52.2,7.99,217.5,Low,Autumn,True
34,Nov,drawing room,light,24.0,5.6,1.0,4.03,32.26,8.0,134.4,Low,Autumn,False
798,Oct,na,Heater,1092.0,1.7,2.0,111.38,,,3712.8,high,Autumn,False
900,Jul,LIVING ROOM,unknown,1361.0,,100.0,563.45,4507.63,8.0,,High,Summer,False
306,Nov,Drawing Room,computer,,5.7,3.0,63.61,508.9,8.0,,Med,Autumn,False
133,AUG,Living Room,N/A,92.0,5.4,3.0,44.71,357.7,8.0,1490.4,Med,,False
923,September,Living Room,LIGHT,27.0,3.9,2.0,,50.54,,210.6,,,False
7,Jul,DINING ROOM,Fan,53.0,10.8,3.0,51.52,412.13,8.0,1717.2,Med,Summer,False
763,July,bathroom,WASHING MACHINE,unknown,0.7,,29.86,238.9,8.0,,Medium,,True
641,Nov,DINING ROOM, Light  ,14.0,7.8,1.0,3.28,26.21,7.99,109.2,low,Autumn,False
179,,Bedroom,Heater,1358.0,?,2.0,138.52,1108.13,8.0,,High,,False
895,aug,LIVING ROOM, Fan  ,83.0,16.5,1.0,41.09,328.68,8.0,1369.5,medium,,False
416,October,Living Room,Fan,89.0,16.1,3.0,128.96,1031.69,8.0,4298.7,High,,False
871,May, Drawing Room  ,computer,,4.8,2.0,95.04,760.32,8.0,,Med,Spring,False
488,Jan,bedroom, Heater  ,1284.0,3.4,3.0,392.9,3143.23,8.0,13096.8,High,Winter,False
204,Sep,living room,TV,75.0,3.7,1.0,8.32,66.6,8.0,277.5,Low,Autumn,False
 414 ,?,bedroom,Heater,1158.0,2.5,1.0,86.85,694.8,8.0,2895.0,Med,,False
926,Mar, Drawing Room  ,TV,200.0,4.7,1.0,28.2,225.6,8.0,940.0,Medium,Spring,False
485,Apr,KITCHEN,fan,90.0,10.9,3.0,88.29,706320.0,8000.0,2943.0,Medium,Spring,False
616,Jul,,AC,1807.0,6.9,1.0,374.05,2992.39,8.0,12468.3,High,Summer,True
705,Jan, Living Room  ,tv,158.0,4.2,2.0,39.82,318.53,8.0,1327.2,Med,Winter,False
725,Sep,Drawing Room,TV,154.0,3.5,3.0,48.51,388.08,8.0,1617.0,medium,Autumn,False
482,May,Bathroom,fan,77.0,8.3,3.0,57.52,460.15,8.0,1917.3,Med,Spring,False
802,June,Bedroom,TV,124.0,2.3,3.0,25.67,205.34,8.0,855.6,Med,,False
322,Jul,,Washing Machine,464.0,1.4,2.0,38.98,311.81,8.0,1299.2,Medium,Summer,True
856,sep,Dining Room,Light,34.0,8.6,1.0,8.77,70.18,8.0,292.4,low,,False
584,August,dining room, Light  ,32.0,8.7,1.0,8.35,66.82,8.0,278.4,Low,,False
795,Mar,Living Room,light,27.0,3.9,1.0,,25.27,,105.3,,Spring,False
668,Nov,BEDROOM,AC,1817.0,8.5,1.0,,3706.68,,15444.5,,Autumn,True
210,Nov,Drawing Room, Computer  ,119.0,4.5,2.0,32.13,257.04,8.0,1071.0,medium,Autumn,False
561,Jan, Bedroom  ,Fan,57.0,12.5,3.0,64.12,513.0,8.0,2137.5,medium,Winter,False
804,may,Living_Room,COMPUTER,323.0,,3.0,127.91,1023.26,8.0,,HIGH,,False
130,feb,Living_Room,AC,1835.0,5.8,3.0,957.87,7662.96,8.0,31929.0,HIGH,,True
355,aug,Living Room,Computer,368.0,7.0,2.0,154.56,1236.48,8.0,5152.0,HIGH,,False
614,October,DINING ROOM,Light,34.0,6.6,1.0,6.73,53.86,8.0,224.4,low,,False
632,Nov,living room,Fan,86.0,?,2.0,91.33,730.66,8.0,,medium,Autumn,False
346,September,kitchen,Fridge,182.0,18.1,3.0.0,,2371.82,,,,,True
759,Nov,Kitchen,WASHING MACHINE,647.0,1.0,3.0.0,58.23,465.84,8.0,,medium,Autumn,True
940,jul, Living Room  ,Computer,278.0,2.7,2.0,45.04,360.29,8.0,1501.2,medium,,False
417,Sep, Drawing Room  ,Light,27.0,3.6,3.0,8.75,69.98,8.0,291.6,low,Autumn,False
909,Jul, Drawing Room  ,Light,36.0,4.9,3.0,15.88,127.01,8.0,529.2,low,Summer,False
104,May, Dining Room  ,FAN,73.0,11.3,3.0,74.24,593.93,8.0,2474.7,medium,Spring,False
52,May,Kitchen,Washing Machine,695.0,1.5,3.0,93.83,750.6,8.0,3127.5,Medium,Spring,True
31,Dec,KITCHEN,Microwave,1199.0,0.3,2.0,21.58,172.66,8.0,719.4,medium,Winter,True
50,Feb,Kitchen,Washing_Machine,-644.0,0.7,2.0,27.05,216.38,8.0,-901.6,Medium,Winter,True
936,Oct, Living Room  ,FAN,76.0,13.3,3.0,90.97,727.78,8.0,3032.4,medium,Autumn,False
103,Feb,Dining Room,Fan,75.0,16.0,1.0,36.0,288.0,8.0,1200.0,medium,Winter,False
341,May,Kitchen, Washing Machine  ,580.0,1.6,2.0,55.68,445.44,8.0,1856.0,Med,Spring,True
463,oct,Kitchen, Washing Machine  ,431.0,1.0,1.0,12.93,103.44,8.0,431.0,low,,True
377,May,Bathroom,Fan,8800.0,16.2,1.0,42.77,,,142560.0,Medium,Spring,False
604,Oct,,FAN,54.0,12.9,3.0,62.69,501.55,8.0,2089.8,Med,Autumn,False
550,May,Bedroom,Heater,810.0,3.0,2.0,145.8,1166.4,8.0,4860.0,high,Spring,False
409,Mar,Kitchen,Microwave,680.0,0.4,3.0,24.48,195.84,8.0,816.0,Medium,Spring,True
108,Sep,Bedroom,AC,1481.0,3.3,1.0,146.62,1172.95,8.0,4887.3,HIGH,Autumn,True
794,Dec, Living Room  ,computer,234.0,8.9,2.0,124.96,999.65,8.0,4165.2,High,Winter,False
95,December,Drawing Room,fan,73.0,15.2,3.0,99.86,798.91,8.0,3328.8,medium,,False
855,February,Living Room,Light,17.0,7.1,150.0,10.86,86.9,8.0,18105.0,low,,False
366,Mar,bathroom,Light,2700.0,3.8,1.0.0,3.08,24.62,7.99,,low,Spring,False
654,JUN,Living Room,Computer,197.0,3.6,1.0,21.28,170.21,8.0,709.2,medium,,False
423,September, Bedroom  ,tv,147.0,5.2,2.0,45.86,366.91,8.0,1528.8,medium,,False
81,Feb,KITCHEN,Fridge,250.0,19.5,1.0.0,146.25,1170.0,8.0,,high,Winter,True
828,August,Living Room,AC,1714.0,2.1,3.0,323.95,2591.57,8.0,10798.2,HIGH,,True
252,Jun,Kitchen,washing machine,546.0,2.0,3.0.0,98.28,786.24,8.0,,medium,Summer,True
691,October, Drawing Room  ,FAN,,17.4,3.0,129.98,1039.82,8.0,,high,,False
754,January,Drawing Room,fan,90.0,8.8,2.0,47.52,380.16,8.0,1584.0,medium,,False
714,JUN,BATHROOM,,1384.0,1.6,2.0,132.86,1062.91,8.0,4428.8,High,,
435,aug, Living Room  ,FAN,56.0,16.4,2.0,,440.83,,1836.8,,,False
285,January, Living Room  ,TV,84.0,4.9,3.0,37.04,296.35,8.0,1234.8,Med,,False
521,Oct,,Fan,54.0,6.5,2.0,21.06,168.48,8.0,702.0,Medium,Autumn,False
550,Apr,Living Room, AC  ,1897.0,6.1,1.0.0,347.15,2777.21,8.0,,high,Spring,True
382,November,Kitchen,Microwave,696.0,0.2,2.0,8.35,66.82,8.0,278.4,low,,True
114,Oct, Kitchen  ,Light,12.0,3.4,2.0,2.45,19.58,7.99,81.6,Low,Autumn,False
611,Aug,Kitchen,Fridge,126.0,18.5,1.0,69.93,559.44,8.0,2331.0,Med,Summer,True
604,Nov, Kitchen  ,FRIDGE,179.0,19.9,3.0,320.59,,,10686.3,HIGH,Autumn,True
 467 ,June, Living Room  ,FAN,82.0,15.5,1.0,38.13,305.04,8.0,1271.0,Medium,,False
168,Apr,Living Room,tv,164.0,2.2,3.0,32.47,259.78,8.0,1082.4,Med,Spring,False
5,March, Bedroom  ,Fan,68.0,12.7,3.0,77.72,621.79,8.0,2590.8,Med,,False
928,February, Bedroom  ,TV,,,2.0,25.03,200.26,8.0,,Medium,,False
517,September,DRAWING ROOM,COMPUTER,364.0,8.1,3.0,265.36,2122.85,8.0,8845.2,high,,False
631,Jul,Bedroom,TV,157.0,2.8,2.0,26.38,211010.0,7998.86,879.2,Med,Summer,False
415,May,Drawing Room,Fan,54.0,8.2,2.0,26.57,212.54,8.0,885.6,Medium,Spring,False
942,May,Drawing Room, TV  ,-83.0,3.1,1.0,7.72,61.75,8.0,-257.3,Low,Spring,False
199,December,Bedroom,AC,1500.0,7.6,1.0,342.0,2736.0,8.0,11400.0,High,,True
322,May,BEDROOM, Computer  ,-213.0,,1.0,47.92,383.4,8.0,,Med,Spring,False
640,May,Drawing Room,LIGHT,36.0,,1.0,10.48,83.81,8.0,,low,Spring,False
399,January, Bedroom  , TV  ,182.0,,3.0,80.26,642.1,8.0,,medium,,False
694,Feb,drawing room,TV,171.0,5.5,3.0,84.64,677.16,8.0,2821.5,Medium,Winter,False
632,Oct,مجهول,n/a,37.0,4.4,2.0,9.77,78.14,8.0,325.6,Low,Autumn,False
54,Apr,Living_Room,Computer,220.0,,1.0.0,54.78,438.24,8.0,,Med,Spring,False
680,AUG,drawing room,AC,951.0,9.0,3.0,770.31,6162.48,8.0,25677.0,HIGH,,True
90,SEP, Drawing Room  ,Light,12.0,3.0,1.0,1.08,8.64,8.0,36.0,low,,False
293,Sep,,Fan,78.0,10.4,1.0,24.34,194.69,8.0,811.2,Medium,Autumn,False
34,June,,heater,995.0,1.9,1.0,56.72,453.72,8.0,1890.5,Med,,False
787,Feb,Bedroom,TV,128.0,,3.0,42.62,340.99,8.0,,Medium,Winter,False
376,Sep,Drawing Room,AC,1864.0,7.1,3.0,1191.1,9528.77,8.0,39703.2,HIGH,Autumn,True
263,Mar,bathroom,Washing_Machine,551.0,1.7,1.0,28.1,224.81,8.0,936.7,medium,Spring,True
414,mar,Living Room,Fan,58.0,18.0,1.0.0,31.32,250.56,8.0,,Med,,False
934,February,Bedroom,HEATER,1097.0,3.1,3.0,306.06,,,10202.1,high,,False
370,Dec,BATHROOM,Light,35.0,5.9,3.0,18.59,148.68,8.0,619.5,low,Winter,False
1000,Sep,Living Room,TV,178.0,5.2,1.0,27.77,222.14,8.0,925.6,Medium,Autumn,False
240,Feb,BATHROOM, Heater  ,-1368.0,3.6,1.0,147.74,1181.95,8.0,-4924.8,High,Winter,False
344,May, Drawing Room  ,Light,15.0,3.3,2.0,2.97,23.76,8.0,99.0,low,Spring,False
334,Apr,Kitchen,MICROWAVE,772.0,,2.0,9.26,74.11,8.0,,low,Spring,True
336,May,bedroom,heater,1085.0,2.3,3.0,224.59,,,7486.5,HIGH,Spring,False
673,MAY,Kitchen,FAN,68.0,15.7,50.0,32.03,256.22,8.0,53380.0,Med,,False
849,Aug,Bedroom,TV,185.0,4.0,3.0,66.6,532.8,8.0,2220.0,medium,Summer,False
747,January,kitchen,Fan,85.0,14.0,2.0,71.4,571.2,8.0,2380.0,medium,,False
700,Mar,LIVING ROOM,TV,170.0,,2.0,41.82,334.56,8.0,,Medium,Spring,False
488,APR,BEDROOM,unknown,1436.0,3.5,1.0,150.78,1206.24,8.0,5026.0,High,,False
238,feb,kitchen,fan,86.0,15.0,3.0.0,116.1,928.8,8.0,,HIGH,,False
82,Jul,Bedroom,Light,36.0,8.9,1.0,9.61,76.9,8.0,320.4,low,Summer,False
740,April,BEDROOM,AC,1484.0,2.9,1.0,129.11,1032.86,8.0,4303.6,high,,True
579,Oct,Drawing Room,AC,1786.0,6.5,3.0.0,1044.81,8358.48,8.0,,high,Autumn,True
 409 ,Jul,living room,Light,22.0,4.8,1.0,3.17,25.34,7.99,105.6,low,Summer,False
366,Feb,dining room,Fan,72.0,10.9,3.0,70.63,565.06,8.0,2354.4,Med,Winter,False
168,,Drawing_Room,na,1676.0,3.7,2.0,372.07,2976.58,8.0,12402.4,high,,False
386,Sep,Drawing Room,AC,1971.0,9.2,1.0.0,544.0,4351.97,8.0,,high,Autumn,True
533,May,bathroom,light,20.0,?,1.0,2.58,20.64,8.0,,low,Spring,False
321,Aug,Bathroom,Light,21.0,7.7,2.0,9.7,77.62,8.0,323.4,low,Summer,False
631,dec,BEDROOM, Fan  ,57.0,14.5,1.0,24.8,198.36,8.0,826.5,Med,,False
272,Jun,KITCHEN,FRIDGE,223.0,21.2,1.0.0,141.83,1134.62,8.0,,high,Summer,True
882,may,Bedroom,light,32.0,9.5,2.0,-,145.92,,608.0,,,False
365,Jan,living room,TV,150.0,N/A,2.0.0,22.5,180.0,8.0,,Medium,Winter,False
409,Sep, Dining Room  ,Light,39.0,6.0,3.0,21.06,168.48,8.0,702.0,Medium,Autumn,False
597,Apr,Living_Room,Light,34.0,6.5,2.0,13.26,106.08,8.0,442.0,Low,Spring,False
659,Jan, Living Room  , Computer  ,170.0,9.7,1.0,49.47,395.76,8.0,1649.0,Medium,Winter,False
981,February,DRAWING ROOM,Computer,125.0,9.6,2.0,72.0,576.0,8.0,2400.0,Medium,,False
37,June,drawing room,LIGHT,40.0,9.3,2.0,22.32,178.56,8.0,744.0,Med,,False
314,April,kitchen,WASHING MACHINE,533.0,0.9,1.0,14.39,115.13,8.0,479.7,low,,True
766,sep,,Light,30.0,3.8,1.0,3.42,27.36,8.0,114.0,Low,,False
479,Feb,Dining_Room,Light,36.0,3.9,3.0,12.64,101.09,8.0,421.2,Low,Winter,False
179,June,dining room, Fan  ,72.0,7.2,3.0,46.66,373.25,8.0,1555.2,medium,,False
119,Nov,Drawing Room,COMPUTER,314.0,9.0,3.0,254.34,2034.72,8.0,8478.0,high,Autumn,False
400,MAR,Living Room,LIGHT,31.0,5.1,1.0,4.74,37.94,8.0,158.1,low,,False
265,,Living Room,Fan,84.0,7.9,,39.82,318.53,8.0,,medium,,False
187,May, Bedroom  ,Fan,66.0,12.4,3.0,73.66,589.25,8.0,2455.2,Med,Spring,False
256,feb, Living Room  , Fan  ,63.0,17.3,2.0,65.39,523.15,8.0,2179.8,Med,,False
527,Dec,Dining Room,light,17.0,6.7,2.0,6.83,54.67,8.0,227.8,Low,Winter,False
822,Aug,Drawing Room,TV,170.0,5.9,2.0,60.18,481.44,8.0,2006.0,medium,Summer,False
218,June,Drawing Room,Light,14.0,5.4,3.0.0,6.8,54.43,8.0,,low,,False
868,Dec,Living Room,AC,1188.0,9.9,3.0,1058.51,8468.06,8.0,35283.6,high,Winter,True
324,Mar,Kitchen,microwave,850.0,0.4,1.0,10.2,81.6,8.0,340.0,Low,Spring,True
295,Jan,LIVING ROOM,AC,947.0,,2.0,409.1,3272.83,8.0,,high,Winter,True
774,Jan,Drawing_Room,LIGHT,19.0,8.4,2.0,9.58,76.61,8.0,319.2,Low,Winter,False
222,May,Bedroom,AC,1199.0,4.5,2.0,323.73,2589.84,8.0,10791.0,High,Spring,True
603,Mar,Bedroom,Heater,1475.0,3.2,2.0,283.2,2265.6,8.0,9440.0,high,Spring,False
476,July,LIVING ROOM,AC,1265.0,4.5,2.0,341.55,2732.4,8.0,11385.0,HIGH,,True
485,Sep,na, Computer  ,124.0,3.3,1.0,12.28,98.21,8.0,409.2,Low,Autumn,False
831,Jul,Living Room, Fan  ,68.0,8.0,2.0,32.64,261.12,8.0,1088.0,medium,Summer,False
160,dec,KITCHEN,Light,27.0,8.1,,13.12,,,,low,,False
984,dec,KITCHEN,Microwave,690.0,0.4,1.0,8.28,66.24,8.0,276.0,Low,,True
224,dec,Living Room,Computer,220.0,8.4,1.0,?,443.52,,1848.0,,,False
620,Mar,Bedroom,Light,-36.0,6.1,1.0,6.59,52.7,8.0,-219.6,Low,Spring,False
973,Jul,Drawing Room,Light,,6.1,1.0,7.14,57.1,8.0,,Low,Summer,False
188,Jan,Kitchen,Light,18.0,8.9,2.0,9.61,,,320.4,low,Winter,False
494,Jan,bedroom,fan,90.0,12.1,,98.01,784.08,8.0,,medium,Winter,False
381,September,Kitchen,Light,error,7.2,2.0,14.26,114.05,8.0,,low,,False
159,July,Kitchen, Light  ,23.0,,1.0,6.28,50.23,8.0,,low,,False
265,Mar,Bedroom,Light,26.0,4.5,1.0,3.51,28.08,8.0,117.0,low,Spring,False
887,Jun, Living Room  ,TV,117.0,5.4,1.0,18.95,151.63,8.0,631.8,Low,Summer,False
492,Jan,DRAWING ROOM, Light  ,37.0,5.1,1.0,5.66,45.29,8.0,188.7,Low,Winter,False
839,mar, Dining Room  , Light  ,13.0,,1.0.0,1.83,14.66,8.01,,low,,False
37,Sep,Drawing Room,TV,123.0,3.7,2.0,27.31,218.45,8.0,910.2,medium,Autumn,False
414,September,bedroom,Light,-13.0,5.4,1.0,2.11,16.85,7.99,-70.2,low,,False
357,Aug,drawing room,?,34.0,7.0,1.0,0.00714,57.12,8000.0,238.0,low,Summer,False
256,Jan,kitchen,FRIDGE,288.0,20.8,3.0,539.14,4313.09,8.0,17971.2,high,Winter,True
 612 ,Sep, Bedroom  ,TV,127.0,3.2,1.0,12.19,97.54,8.0,406.4,low,Autumn,False
661,Mar,DRAWING ROOM,AC,1541.0,8.7,3.0,1206.6,,,40220.1,HIGH,Spring,True
202,OCT,bedroom,Heater,1305.0,360.0,1.0,140.94,1127.52,8.0,469800.0,high,,False
978,Jun,Bathroom,Washing_Machine,720.0,1.2,3.0,77.76,622.08,8.0,2592.0,Med,Summer,True
100,Nov,DRAWING ROOM,computer,289.0,5.7,2.0,98.84,,,3294.6,Med,Autumn,False
614,jan,Kitchen,,59.0,13.3,1.0,23.54,188.33,8.0,784.7,medium,,
836,Feb,Kitchen,Microwave,727.0,0.3,1.0,6.54,52.34,8.0,218.1,Low,Winter,True
608,Apr, Bedroom  ,TV,105.0,3.6,3.0,34.02,272.16,8.0,1134.0,Med,Spring,False
407,April, Kitchen  ,Light,?,3.8,1.0,1.82,14.59,8.02,,Low,,False
539,Mar,Bedroom, AC  ,1476.0,5.7,1.0,252.4,2019.17,8.0,8413.2,HIGH,Spring,True
762,Apr,dining room,N/A,35.0,3.8,1.0,3.99,,,133.0,Low,Spring,False
207,Mar,kitchen, Light  ,32.0,8.5,1.0,8.16,65.28,8.0,272.0,Low,Spring,False
946,OCT,BEDROOM, Light  ,30.0,9.9,,26.73,213.84,8.0,,Medium,,False
834,Oct,,Washing Machine,702.0,,3.0.0,31.59,252.72,8.0,,medium,Autumn,True
361,,Dining Room,FAN,55.0,7.0,1.0,11.55,92.4,8.0,385.0,low,,False
129,Oct,Dining_Room,Light,-33.0,4.4,3.0.0,13.07,104.54,8.0,,Low,Autumn,False
989,sep,Dining Room,Light,28.0,5.6,3.0,14.11,112.9,8.0,470.4,low,,False
593,May,Bedroom, Heater  ,865.0,260.0,3.0,202.41,1619.28,8.0,674700.0,high,Spring,False
212,December,BEDROOM, TV  ,7000.0,5.0,1.0,10.5,84.0,8.0,35000.0,low,,False
345,Apr,drawing room,مش عارف,88.0,5.5,1.0,14.52,116.16,8.0,484.0,low,Spring,False
386,October,Dining Room,Fan,70.0,12.5,1.0.0,26.25,210.0,8.0,,medium,,False
677,dec,living room,AC,1383.0,unknown,1.0,145.22,1161.72,8.0,,high,,True
605,Oct,Kitchen,MICROWAVE,850.0,0.1,1.0,2.55,20.4,8.0,85.0,low,Autumn,True
626,November, Bathroom  ,heater,867.0,2.9,3.0,226.29,1810.3,8.0,7542.9,HIGH,,False
922,Feb,Bedroom,Light,34.0,9.8,3.0,29.99,239.9,8.0,999.6,Medium,Winter,False
956,January,DRAWING ROOM,fan,77.0,15.2,1.0,35.11,280.9,8.0,1170.4,medium,,False
214,MAR,dining room,Fan,73.0,9.0,2.0.0,39.42,315.36,8.0,,Medium,,False
237,MAR,,LIGHT,26.0,4.5,3.0,10.53,84.24,8.0,351.0,Low,,False
94,SEP,DRAWING ROOM, AC  ,1863.0,8.8,2.0.0,983.66,7869.31,8.0,,High,,True
391,Apr,drawing room,LIGHT,28.0,8.8,3.0,22.18,177.41,8.0,739.2,medium,Spring,False
220,Feb,BEDROOM,fan,77.0,16.6,3.0,115.04,920.3,8.0,3834.6,HIGH,Winter,False
525,Sep,KITCHEN,LIGHT,37.0,9.3,1.0,10.32,82.58,8.0,344.1,Low,Autumn,False
368,Oct,,Light,,5.3,1.0,4.93,39.43,8.0,,Low,Autumn,False
300,feb,Bathroom,Heater,1190.0,,3.0,,2570.4,,,,,False
188,Apr,LIVING ROOM,TV,170.0,4.1,2.0,41.82,334.56,8.0,1394.0,Medium,Spring,False
824,MAY,Dining Room,Light,34.0,7.1,1.0,7.24,57.94,8.0,241.4,Low,,False
952,April,Kitchen,Washing Machine,595.0,0.7,3.0,37.48,299.88,8.0,1249.5,medium,,True
630,May, Bathroom  ,Washing Machine,508.0,,1.0,,134.11,,,,Spring,True
417,Jun,Living Room,AC,1897.0,8.0,3.0,,10926.72,,45528.0,,Summer,True
216,Oct,Bedroom,Computer,168.0,2.5,3.0,37.8,302.4,8.0,1260.0,medium,Autumn,False
2,Mar,Kitchen,,165.0,23.4,3.0,347.49,2779.92,8.0,11583.0,HIGH,Spring,
959,Aug,Drawing_Room,tv,199.0,4.4,1.0,26.27,210.14,8.0,875.6,medium,Summer,False
715,December,Drawing Room,Fan,73.0,14.5,2.0,63.51,508.08,8.0,2117.0,Medium,,False
442,Nov,Living Room,Computer,38200.0,8.3,2.0.0,190.24,1521.89,8.0,,HIGH,Autumn,False
233,Apr,KITCHEN, Light  ,37.0,7.6,2.0,16.87,134.98,8.0,562.4,Low,Spring,False
698,February,Living Room, Computer  ,133.0,3.0,3.0,35.91,287.28,8.0,1197.0,Medium,,False
286,Jul,Bathroom,,16.0,6.2,1.0,2.98,23.81,7.99,99.2,Low,Summer,
618,Jun,KITCHEN,Light,11.0,3.5,3.0,3.46,27.72,8.01,115.5,Low,Summer,False
430,Aug,Living Room,AC,1472.0,5.0,3.0,662.4,5299.2,8.0,22080.0,HIGH,Summer,True
479,July,Bathroom,Washing Machine,479.0,0.8,2.0,22.99,183.94,8.0,766.4,Medium,,True
268,May,living room,,312.0,3.0,1.0.0,28.08,224.64,8.0,,medium,Spring,
904,, Dining Room  ,Fan,65.0,15.7,2.0,61.23,489.84,8.0,2041.0,Med,,False
889,Dec,Kitchen,microwave,781.0,0.2,3.0,14.06,112.46,8.0,468.6,Low,Winter,True
861,Nov,BEDROOM,Light,29.0,7.7,1.0,6.7,53.59,8.0,223.3,low,Autumn,False
137,Apr,,fan,62.0,10.0,3.0,55.8,446.4,8.0,1860.0,Med,Spring,False
444,January,DRAWING ROOM, Fan  ,81.0,16.8,3.0,122.47,979.78,8.0,4082.4,high,,False
761,Aug,BEDROOM,AC,1064.0,7.0,2.0,446.88,3575.04,8.0,14896.0,HIGH,Summer,True
484,Dec,Bedroom,Fan,59.0,12.8,1.0,22.66,181.25,8.0,755.2,Medium,Winter,False
635,MAY,Bathroom,Light,34.0,6.0,,6.12,48.96,8.0,,Low,,False
972,Aug,Kitchen,Fan,6100.0,14.8,2.0,54.17,433.34,8.0,180560.0,Medium,Summer,False
 388 ,Feb,Drawing_Room, Light  ,15.0,-5.2,2.0,4.68,37.44,8.0,-156.0,low,Winter,False
136,May,Drawing Room,Light,20.0,6.1,2.0,7.32,58.56,8.0,244.0,Low,Spring,False
207,Jul,kitchen,Fridge,110.0,20.2,3.0,199.98,1599.84,8.0,6666.0,High,Summer,True
311,Oct, Drawing Room  ,Light,1600.0,4.8,3.0,6.91,55.3,8.0,23040.0,low,Autumn,False
842,September,Dining Room,light,32.0,8.9,,25.63,205.06,8.0,,medium,,False
513,September,bathroom, Washing Machine  ,513.0,1.4,1.0,21.55,172.37,8.0,718.2,Medium,,True
454,March,Bedroom, Computer  ,14600.0,6.4,2.0,56.06,448.51,8.0,186880.0,Medium,,False
340,Aug,Dining Room,Fan,53.0,14.9,3.0,71.07,568.58,8.0,2369.1,Med,Summer,False
417,Nov,DRAWING ROOM,FAN,89.0,13.0,3.0,104.13,833.04,8.0,3471.0,HIGH,Autumn,False
419,Sep,bathroom,Fan,73.0,16.1,2.0,70.52,564.14,8.0,2350.6,Med,Autumn,False
781,Jul,Living Room,light,error,6.6,3.0,16.04,128.3,8.0,,low,Summer,False
735,May,BEDROOM,TV,106.0,2.0,1.0,6.36,50.88,8.0,212.0,low,Spring,False
289,November,KITCHEN,Washing Machine,516.0,1.6,3.0,,594.43,,2476.8,,,True
509,Aug, Kitchen  ,Washing Machine,407.0,2.0,1.0,24.42,195.36,8.0,814.0,medium,Summer,True
480,jul,Kitchen,Fan,-85.0,13.8,2.0,,,,-2346.0,,,False
159,AUG,BEDROOM,Heater,1171.0,1.3,2.0,91.34,730.7,8.0,3044.6,medium,,False
504,jan,Drawing Room,Computer,259.0,6.7,3.0,156.18,1249.42,8.0,5205.9,HIGH,,False
319,January,drawing room,,144.0,3.4,1.0,14.69,117.5,8.0,489.6,low,,
972,DEC,DRAWING ROOM,TV,139.0,4.3,3.0,53.79,430.34,8.0,1793.1,Medium,,False
363,Feb, Drawing Room  ,Computer,157.0,9.7,1.0,45.69,365.5,8.0,1522.9,medium,Winter,False
529,Jun,Bedroom,TV,148.0,4.4,2.0,39.07,312.58,8.0,1302.4,Med,Summer,False
949,Jan,drawing room,Fan,83.0,17.8,3.0.0,132.97,1063.73,8.0,,High,Winter,False
93,Feb,Living Room,Fan,unknown,13.6,1.0,21.22,169.73,8.0,,Medium,Winter,False
493,AUG,Bathroom,Light,19.0,5.9,1.0,3.36,26.9,8.01,112.1,low,,False
683,February,Bedroom,Light,11.0,9.0,1.0,2.97,23.76,8.0,99.0,low,,False
589,Jun,Bedroom,Computer,319.0,3.5,2.0,66.99,535.92,8.0,2233.0,medium,Summer,False
391,JUN,Drawing_Room,TV,168.0,5.2,2.0,52.42,419.33,8.0,1747.2,Med,,False
633,Oct,BEDROOM,TV,185.0,,2.0,36.63,,,,medium,Autumn,False
951,Feb,DRAWING ROOM,Computer,166.0,7.8,2.0,77.69,621.5,8.0,2589.6,Med,Winter,False
45,Apr,Kitchen, Light  ,36.0,5.6,2.0,12.1,96.77,8.0,403.2,Low,Spring,False
246,jul,Drawing Room, Light  ,12.0,4.7,2.0,3.38,27.07,8.01,112.8,low,,False
697,May,Bedroom,Heater,839.0,2.4,3.0,181.22,1449.79,8.0,6040.8,High,Spring,False
22,Mar,Kitchen,Fan,,7.4,1.0,19.31,154.51,8.0,,low,Spring,False
592,dec,Living Room, Fan  ,62.0,8.4,1.0,15.62,124.99,8.0,520.8,Low,,False
297,Jun,Living Room,Light,16.0,3.0,1.0,1.44,11.52,8.0,48.0,Low,Summer,False
276,Jan,Dining Room,Light,10.0,,2.0.0,3.12,24.96,8.0,,low,Winter,False
933,Dec,Living Room,Computer,371.0,2.1,3.0,70.12,560.95,8.0,2337.3,medium,Winter,False
534,Sep,DRAWING ROOM,tv,138.0,2.3,2.0,19.04,152.35,8.0,634.8,Low,Autumn,False
117,JUL,Kitchen,Fridge,192.0,21.0,2.0,241.92,1935.36,8.0,8064.0,High,,True
311,Feb,drawing room,Computer,390.0,5.8,2.0,135.72,1085.76,8.0,4524.0,HIGH,Winter,False
503,Feb,bedroom,Heater,143300.0,1.1,3.0,141.87,1134.94,8.0,472890.0,high,Winter,False
801,Oct,Bedroom,AC,1781.0,7.4,3.0,1186.15,9489.17,8.0,39538.2,High,Autumn,True
851,Nov,Living Room, Light  ,18.0,-7.9,1.0,4.27,34.13,7.99,-142.2,Low,Autumn,False
304,October,Drawing Room,Computer,177.0,2.5,3.0,39.83,318.6,8.0,1327.5,Med,,False
23,Jun,DINING ROOM,light,17.0,9.2,1.0,4.69,37.54,8.0,156.4,Low,Summer,False
600,Nov,,Light,27.0,6.2,3.0,15.07,120.53,8.0,502.2,low,Autumn,False
17,Jul, Bedroom  ,Fan,75.0,10.4,2.0.0,46.8,374.4,8.0,,medium,Summer,False
923,April,Drawing Room,LIGHT,27.0,3.1,2.0,5.02,40.18,8.0,167.4,low,,False
57,Dec,dining room,Light,27.0,6.7,3.0,16.28,130.25,8.0,542.7,Low,Winter,False
672,Aug,,Fan,77.0,8.7,2.0,40.19,321.55,8.0,1339.8,medium,Summer,False
87,Oct,Bedroom,heater,1321.0,3.8,3.0,451.78,3614.26,8.0,15059.4,high,Autumn,False
521,JUN,drawing room,fan,87.0,9.0,1.0,23.49,187.92,8.0,783.0,medium,,False
660,Dec, Kitchen  ,microwave,1152.0,0.4,1.0,13.82,110.59,8.0,460.8,low,Winter,True
415,Oct,Bedroom,Light,38.0,8.2,2.0,18.7,149.57,8.0,623.2,low,Autumn,False
225,Dec,DRAWING ROOM,Computer,207.0,2.4,3.0,44.71,357.7,8.0,1490.4,medium,Winter,False
781,Aug,Living Room,LIGHT,2400.0,8.0,1.0,5.76,46.08,8.0,19200.0,low,Summer,False
174,oct,Bedroom,Light,24.0,10.0,2.0,14.4,115.2,8.0,480.0,Low,,False
179,Feb, Living Room  ,Fan,83.0,14.6,3.0,109.06,872.5,8.0,3635.4,high,Winter,False
843,Nov,Kitchen,microwave,1030.0,,2.0,30.9,247.2,8.0,,Medium,Autumn,True
192,Jul,Bathroom,Fan,71.0,10.9,1.0,23.22,185.74,8.0,773.9,Medium,Summer,False
828,Mar,Kitchen,Microwave,789.0,0.2,1.0,4.73,37.87,8.01,157.8,Low,Spring,True
589,NOV,,Light,37.0,3.6,1.0.0,4.0,31.97,7.99,,low,,False
727,Mar,living room, TV  ,162.0,5.4,1.0.0,26.24,209.95,8.0,,Medium,Spring,False
877,apr,Living Room,AC,1833.0,2.6,3.0,428.92,3431.38,8.0,14297.4,HIGH,,True
533,Jul,Living Room,Fan,55.0,8.8,2.0,29.04,232.32,8.0,968.0,Med,Summer,False
357,AUG, Dining Room  ,Light,13.0,5.8,2.0,4.52,36.19,8.01,150.8,low,,False
505,Feb, Bathroom  , Heater  ,1123.0,1.7,3.0,171.82,1374.55,8.0,5727.3,HIGH,Winter,False
891,AUG, Living Room  ,AC,1193.0,2.2,1.0,78.74,629.9,8.0,2624.6,Med,,True
84,may,Drawing Room,AC,931.0,8.0,1.0,223.44,1787.52,8.0,7448.0,high,,True
176,APR,living room,Fan,,12.8,2.0,63.74,509.95,8.0,,Medium,,False
909,مش عارف,KITCHEN,microwave,1035.0,0.1,2.0,6.21,49.68,8.0,207.0,Low,,True
514,Apr,Living_Room,مش عارف,1210.0,2.1,2.0,,1219.68,,5082.0,,Spring,False
710,May,kitchen,Fridge,,21.0,2.0,0.14238,1139.04,8000.0,,low,Spring,True
153,AUG,Kitchen,MICROWAVE,943.0,0.3,3.0,25.46,203.69,8.0,848.7,Medium,,True
796,JUL,Kitchen,Washing Machine,464.0,1.8,2.0,50.11,400.9,8.0,1670.4,Med,,True
77,Sep,Bathroom,مجهول,703.0,0.9,1.0,18.98,151.85,8.0,632.7,Low,Autumn,False
211,Jul,bedroom,COMPUTER,186.0,5.0,2.0,55.8,446.4,8.0,1860.0,medium,Summer,False
878,February,Living_Room, Computer  ,265.0,2.8,1.0,22.26,178.08,8.0,742.0,Med,,False
170,mar,Drawing_Room,AC,1561.0,7.9,2.0,739.91,5919.31,8.0,24663.8,HIGH,,True
259,Aug,LIVING ROOM,computer,158.0,8.0,3.0,113.76,910.08,8.0,3792.0,high,Summer,False
189,Apr,Bedroom, Light  ,27.0,9.6,2.0,15.55,124.42,8.0,518.4,low,Spring,False
606,Aug,Drawing Room,TV,155.0,4.5,2.0,41.85,334.8,8.0,1395.0,Medium,Summer,False
821,April,Kitchen, Fan  ,54.0,,2.0,26.24,209.95,8.0,,Med,,False
265,Mar,Bedroom,Light,26.0,4.5,1.0,3.51,28.08,8.0,117.0,low,Spring,False
991,May,Bathroom,Heater,1340.0,1.9,3.0,229.14,1833.12,8.0,7638.0,High,Spring,False
874,Dec,Bedroom,Computer,104.0,unknown,2.0,33.7,269.57,8.0,,medium,Winter,False
233,MAR, Bedroom  ,AC,1969.0,7.2,3.0,1275.91,10207.3,8.0,42530.4,high,,True
734,Aug,Drawing_Room,ac,,8.2,1.0,254.36,2034.91,8.0,,high,Summer,True
921,August,BATHROOM,heater,1487.0,1.0,2.0,89.22,713.76,8.0,2974.0,Med,,False
357,Jul,N/A,Fan,87.0,10.5,1.0,27.41,219.24,8.0,913.5,medium,Summer,False
715,December,Dining Room,Fan,58.0,13.7,2.0,47.68,381.41,8.0,1589.2,medium,,False
691,Apr,LIVING ROOM,TV,139.0,4.9,2.0,40.87,326.93,8.0,1362.2,Med,Spring,False
199,Nov,Drawing Room,light,25.0,3.1,3.0,6.97,55.8,8.01,232.5,Low,Autumn,False
521,Feb,Living Room,light,27.0,5.3,1.0,4.29,34.34,8.0,143.1,Low,Winter,False
522,Dec,bedroom,AC,1223.0,6.0,3.0,660.42,5283.36,8.0,22014.0,High,Winter,True
369,Feb, Kitchen  ,Light,34.0,5.1,3.0,15.61,124.85,8.0,520.2,low,Winter,False
830,November,drawing room, TV  ,142.0,3.2,1.0.0,13.63,109.06,8.0,,Low,,False
857,Sep,living room,LIGHT,38.0,6.2,2.0,14.14,113.09,8.0,471.2,low,Autumn,False
58,Nov,Drawing Room,TV,143.0,2.5,3.0.0,32.17,257.4,8.0,,Med,Autumn,False
415,May,Bedroom,HEATER,1343.0,3.4,3.0,410.96,3287.66,8.0,13698.6,High,Spring,False
315,Apr,Bedroom,tv,81.0,3.9,3.0,28.43,227.45,8.0,947.7,Medium,Spring,False
454,Feb,Living Room,LIGHT,16.0,5.6,1.0,2.69,21.5,7.99,89.6,Low,Winter,False
688,Apr,Drawing Room,FAN,51.0,7.7,50.0,11.78,,,19635.0,Low,Spring,False
610,sep,LIVING ROOM,ac,1943.0,3.7,3.0,647.02,5176.15,8.0,21567.3,HIGH,,True
690,n/a,Bedroom,Heater,1161.0,,1.0,121.91,975.24,8.0,,HIGH,,False
473,Jun,Living_Room,,-1904.0,6.1,,1045.3,8362.37,8.0,,High,Summer,
204,Sep,Bedroom,Computer,300.0,8.5,1.0,76.5,612.0,8.0,2550.0,Med,Autumn,False
19,February,Living Room,FAN,71.0,13.6,1.0.0,28.97,231.74,8.0,,Medium,,False
198,Jun,Dining Room, Fan  ,54.0,13.7,2.0,44.39,355.1,8.0,1479.6,Medium,Summer,False
345,Oct,Living Room,Fan,53.0,8.4,1.0,,106.85,,445.2,,Autumn,False
121,Aug, Bedroom  ,Computer,205.0,4.9,2.0,60.27,482.16,8.0,2009.0,Medium,Summer,False
357,Sep,Bedroom,AC,1558.0,7.1,3.0,995.56,7964.5,8.0,33185.4,high,Autumn,True
396,March,living room,TV,-165.0,5.8,2.0,57.42,459.36,8.0,-1914.0,medium,,False
218,jan,Kitchen,Fan,88.0,12.7,1.0,33.53,268.22,8.0,1117.6,Med,,False
915,FEB, Bedroom  ,TV,104.0,4.7,2.0,29.33,234.62,8.0,977.6,medium,,False
883,Nov,Kitchen,?,621.0,0.5,2.0,18.63,149.04,8.0,621.0,low,Autumn,False
504,Nov,Living Room,,1669.0,6.7,3.0,1006.41,8051.26,8.0,33546.9,HIGH,Autumn,
910,Jan,Drawing Room,Fan,78.0,-15.8,1.0,36.97,295.78,8.0,-1232.4,Med,Winter,False
668,may,Bedroom,AC,1466.0,6.2,2.0.0,545.35,4362.82,8.0,,HIGH,,True
855,Jul,LIVING ROOM,TV,132.0,2.7,1.0,10.69,85.54,8.0,356.4,low,Summer,False
411,Jul,bathroom,Washing Machine,727.0,,2.0,34.9,279.17,8.0,,Medium,Summer,True
786,Dec,Kitchen,WASHING MACHINE,668.0,1.5,3.0,90.18,721.44,8.0,3006.0,Med,Winter,True
910,Sep,KITCHEN,Fridge,270.0,19.4,1.0,157.14,1257.12,8.0,5238.0,High,Autumn,True
653,Feb,Living Room,Light,19.0,5.7,3.0,9.75,77.98,8.0,324.9,Low,Winter,False
326,Sep, Bathroom  ,washing machine,767.0,1.5,1.0,34.52,276.12,8.0,1150.5,Med,Autumn,True
66,Sep,BEDROOM,Heater,1144.0,2.1,2.0,144.14,1153.15,8.0,4804.8,High,Autumn,False
188,Mar,kitchen,fan,73.0,6.4,3.0,42.05,336.38,8.0,1401.6,Med,Spring,False
652,Jan,Dining Room,fan,65.0,10.9,3.0,63.77,510.12,8.0,2125.5,Med,Winter,False
530,Feb,dining room, Fan  ,65.0,13.8,1.0,,215.28,,897.0,,Winter,False
930,September, Living Room  ,AC,1186.0,2.4,3.0,256.18,2049.41,8.0,8539.2,HIGH,,True
217,June,LIVING ROOM,tv,182.0,5.3,1.0.0,28.94,231.5,8.0,,medium,,False
61,Oct,LIVING ROOM,Fan,77.0,8.7,3.0.0,60.29,482.33,8.0,,Medium,Autumn,False
747,jan,Bedroom,Computer,240.0,,1.0,45.36,362.88,8.0,,medium,,False
751,Jan,KITCHEN,Light,17.0,9.2,2.0.0,9.38,75.07,8.0,,low,Winter,False
922,Sep,Bedroom,Computer,101.0,7.1,1.0,21.51,172.1,8.0,717.1,Medium,Autumn,False
7,Aug,Dining Room,LIGHT,14.0,9.9,1.0,4.16,33.26,8.0,138.6,low,Summer,False
771,Feb,Living Room,FAN,,16.9,1.0,31.43,251.47,8.0,,Med,Winter,False
874,Sep, Bedroom  , TV  ,64.0,5.5,2.0,21.12,168.96,8.0,704.0,medium,Autumn,False
713,May,DRAWING ROOM,fan,89.0,14.6,3.0,116.95,935.57,8.0,3898.2,high,Spring,False
487,February,,Light,40.0,7.8,3.0,28.08,224.64,8.0,936.0,Medium,,False
206,Jan,?,Computer,300.0,2.5,1.0,22.5,180.0,8.0,750.0,Med,Winter,False
373,October,Bathroom,Heater,1240.0,2.5,1.0,93.0,744.0,8.0,3100.0,Medium,,False
989,Jul,Bedroom,ac,996.0,4.8,1.0,0.14342,1147.39,8000.21,4780.8,low,Summer,True
648,Feb,Kitchen,Fan,76.0,16.5,1.0,37.62,,,1254.0,Medium,Winter,False
483,Apr,Kitchen,Microwave,1078.0,0.2,2.0,12.94,103.49,8.0,431.2,Low,Spring,True
995,SEP, Drawing Room  ,Light,16.0,340.0,50.0,1.63,13.06,8.01,272000.0,low,,False
167,May,Living_Room,AC,1829.0,2.5,2.0,274.35,2194.8,8.0,9145.0,HIGH,Spring,True
464,Jul, Kitchen  ,Microwave,1185.0,0.2,3.0.0,21.33,170.64,8.0,,Medium,Summer,True
492,Jun,BATHROOM,FAN,70.0,15.0,2.0,63.0,504.0,8.0,2100.0,Medium,Summer,False
28,Aug,BEDROOM,AC,1535.0,6.1,1.0,280.9,2247.24,8.0,9363.5,high,Summer,True
 527 ,Nov,DINING ROOM,light,30.0,8.7,2.0,,125.28,,522.0,,Autumn,False
821,jun,Bedroom,AC,1208.0,7.5,3.0,815.4,6523.2,8.0,27180.0,HIGH,,True
503,Oct,Kitchen,Washing_Machine,-698.0,1.1,3.0,69.1,552.82,8.0,-2303.4,medium,Autumn,True
812,Mar,kitchen, Microwave  ,830.0,0.1,1.0,2.49,19.92,8.0,83.0,low,Spring,True
672,Mar,Bedroom,AC,1377.0,7.3,3.0,904.69,7237.51,8.0,30156.3,high,Spring,True
324,Aug,Bedroom,Fan,90.0,11.4,2.0,61.56,492.48,8.0,2052.0,medium,Summer,False
199,May,BEDROOM,fan,74.0,13.0,150.0,86.58,692.64,8.0,144300.0,Med,Spring,False
781,Jun, Living Room  ,Fan,,12.2,2.0,53.44,427.49,8.0,,Medium,Summer,False
691,Apr,,TV,161.0,,2.0.0,20.29,162.29,8.0,,Medium,Spring,False
869,Jun,Dining Room,LIGHT,26.0,3.5,2.0.0,5.46,43.68,8.0,,low,Summer,False
985,February,Bathroom,FAN,87.0,15.6,2.0,81.43,651.46,8.0,2714.4,Med,,False
577,nov,DRAWING ROOM,Computer,250.0,2.7,2.0,40.5,324.0,8.0,1350.0,Med,,False
159,January,Kitchen,WASHING MACHINE,445.0,-0.6,2.0,16.02,128.16,8.0,-534.0,Low,,True
336,February,BATHROOM,light,13.0,8.1,2.0,6.32,50.54,8.0,210.6,low,,False
46,Mar, Kitchen  ,washing machine,776.0,1.8,1.0,41.9,335.23,8.0,1396.8,Med,Spring,True
200,Jun, Bathroom  ,Washing Machine,560.0,1.9,3.0,95.76,766.08,8.0,3192.0,medium,Summer,True
414,May,bathroom,Washing Machine,501.0,1.2,1.0,18.04,144.29,8.0,601.2,low,Spring,True
643,May,Bedroom,AC,1358.0,8.3,2.0,676.28,5410.27,8.0,22542.8,HIGH,Spring,True
234,Jan,Kitchen,Light,20.0,5.4,3.0,9.72,77.76,8.0,324.0,Low,Winter,False
927,Jul,drawing room,TV,75.0,4.4,3.0,29.7,237.6,8.0,990.0,Medium,Summer,False
547,feb,Drawing Room,TV,120.0,2.9,1.0,10.44,83.52,8.0,348.0,low,,False
2,,-,Fan,57.0,11.1,3.0,56.94,455.54,8.0,1898.1,Medium,,False
242,Feb,Kitchen,FAN,63.0,15.3,1.0,28.92,231.34,8.0,963.9,medium,Winter,False
768,Jun,Living Room, Computer  ,249.0,2.1,3.0,47.06,376.49,8.0,1568.7,Medium,Summer,False
19,Jan,,مش عارف,77.0,10.6,2.0,48.97,391.78,8.0,1632.4,Medium,Winter,False
540,May,مجهول, TV  ,140.0,4.5,1.0,18.9,151.2,8.0,630.0,low,Spring,False
429,Apr,Bedroom,Heater,1332.0,2.9,3.0,347.65,2781.22,8.0,11588.4,HIGH,Spring,False
699,February,Kitchen,Microwave,773.0,0.2,3.0,13.91,111.31,8.0,463.8,low,,True
983,Dec,DRAWING ROOM,Fan,68.0,17.7,3.0,108.32,866.59,8.0,3610.8,HIGH,Winter,False
121,April,Bedroom,computer,259.0,4.5,1.0.0,34.97,279.72,8.0,,Medium,,False
 391 ,Oct,,Computer,282.0,2.2,1.0,18.61,148.9,8.0,620.4,low,Autumn,False
516,Nov,Drawing Room,Computer,-270.0,9.5,1.0,76.95,615.6,8.0,-2565.0,Medium,Autumn,False
752,Aug,LIVING ROOM,fan,65.0,7.0,2.0,27.3,218.4,8.0,910.0,medium,Summer,False
211,Dec,kitchen,Light,16.0,5.2,2.0.0,4.99,39.94,8.0,,Low,Winter,False
754,may,KITCHEN, Fan  ,,17.7,2.0,60.53,484.27,8.0,,Medium,,False
873,Jun,Drawing Room,AC,1506.0,7.5,1.0,338.85,2710.8,8.0,11295.0,High,Summer,True
580,Aug,Living_Room,TV,111.0,5.7,3.0,56.94,455.54,8.0,1898.1,medium,Summer,False
159,Aug,Bedroom,Computer,212.0,7.0,1.0,44.52,356.16,8.0,1484.0,medium,Summer,False
355,Dec,Bedroom, Fan  ,64.0,,3.0,,709.63,,,,Winter,False
856,May,kitchen, Fridge  ,,,3.0,579.31,4634.5,8.0,,high,Spring,True
218,July,Bathroom, Heater  ,141400.0,1.8,3.0,229.07,1832.54,8.0,763560.0,HIGH,,False
18,may,drawing room,LIGHT,10.0,3.4,3.0,3.06,24.48,8.0,102.0,Low,,False
422,Apr,Dining Room,Light,28.0,8.3,3.0.0,20.92,167.33,8.0,,Med,Spring,False
333,December,drawing room,Fan,57.0,10.7,3.0,54.89,439.13,8.0,1829.7,Medium,,False
584,Dec,Drawing Room,TV,84.0,2.2,2.0.0,11.09,88.7,8.0,,low,Winter,False
774,Mar,Bathroom, Heater  ,1000.0,1.1,2.0,66.0,528.0,8.0,2200.0,Medium,Spring,False
375,Feb,Living Room,TV,187.0,4.1,1.0,23.0,184.01,8.0,766.7,Medium,Winter,False
167,Dec,Living_Room,tv,100.0,4.1,1.0.0,12.3,98.4,8.0,,low,Winter,False
874,April,,AC,1289.0,4.3,1.0,166.28,1330.25,8.0,5542.7,high,,True
43,Aug,drawing room,Light,13.0,8.3,3.0,9.71,77.69,8.0,323.7,low,Summer,False
261,May,Kitchen,WASHING MACHINE,447.0,1.0,2.0,26.82,214.56,8.0,894.0,medium,Spring,True
962,May,Bedroom,Computer,260.0,8.0,3.0,187.2,1497.6,8.0,6240.0,High,Spring,False
335,May,living room,TV,123.0,2.3,2.0,16.97,135.79,8.0,565.8,Low,Spring,False
946,Mar,Kitchen,washing machine,458.0,0.7,3.0,28.85,230.83,8.0,961.8,Medium,Spring,True
262,JUN,BEDROOM,Heater,972.0,1.6,2.0,93.31,746.5,8.0,3110.4,medium,,False
357,Jan,Bedroom,COMPUTER,142.0,4.5,1.0.0,19.17,153.36,8.0,,Low,Winter,False
992,Jan,living room, AC  ,997.0,8.4,3.0,753.73,6029.86,8.0,25124.4,HIGH,Winter,True
618,Apr,Drawing_Room,Computer,356.0,6.4,2.0,136.7,1093.63,8.0,4556.8,High,Spring,False
378,December, Bedroom  , Fan  ,60.0,11.1,3.0,59.94,479.52,8.0,1998.0,Med,,False
481,Dec,bathroom, Light  ,12.0,8.3,3.0,8.96,71.71,8.0,298.8,low,Winter,False
718,Jun,Bedroom,Heater,831.0,3.4,1.0,84.76,678.1,8.0,2825.4,Med,Summer,False
168,na, Drawing Room  ,Light,40.0,3.1,2.0,7.44,59.52,8.0,248.0,low,,False
947,Dec,Living Room,AC,1295.0,6.6,2.0,512.82,4102.56,8.0,17094.0,high,Winter,True
415,Jul,KITCHEN, Washing Machine  ,430.0,1.2,1.0,15.48,123.84,8.0,516.0,Low,Summer,True
244,Mar, Kitchen  ,washing machine,785.0,1.7,3.0,120.11,960.84,8.0,4003.5,HIGH,Spring,True
407,Sep,living room,AC,1850.0,6.2,1.0,344.1,2752.8,8.0,11470.0,high,Autumn,True
310,Sep,LIVING ROOM,TV,-119.0,4.4,2.0,31.42,251.33,8.0,-1047.2,Medium,Autumn,False
861,November,Drawing Room,Computer,30100.0,5.8,1.0,52.37,418.99,8.0,174580.0,medium,,False
685,Apr,Drawing_Room,Light,37.0,6.2,2.0,13.76,110.11,8.0,458.8,low,Spring,False
146,Jun,Dining_Room,Light,24.0,8.9,3.0,19.22,153.79,8.0,640.8,low,Summer,False
415,October,Drawing Room,Computer,101.0,7.9,2.0,47.87,382.99,8.0,1595.8,medium,,False
373,September,Kitchen,Light,26.0,4.2,3.0,9.83,78.62,8.0,327.6,low,,False
971,Oct,Bathroom,WASHING MACHINE,668.0,1.4,1.0,28.06,224.45,8.0,935.2,Med,Autumn,True
290,Jul,Bedroom,fan,90.0,15.2,3.0,123.12,984.96,8.0,4104.0,High,Summer,False
752,May, Dining Room  ,light,12.0,7.2,1.0,2.59,20.74,8.01,86.4,Low,Spring,False
856,Feb,Kitchen,washing machine,549.0,1.7,3.0,84.0,671.98,8.0,2799.9,Medium,Winter,True
619,Apr,Kitchen, Microwave  ,1083.0,0.3,3.0,29.24,233.93,8.0,974.7,Med,Spring,True
946,Mar,Kitchen,Fridge,230.0,22.2,2.0,306.36,2450.88,8.0,10212.0,HIGH,Spring,True
126,Jan, Kitchen  ,light,34.0,6.8,2.0,13.87,110.98,8.0,462.4,low,Winter,False
395,Jun,Dining Room,Light,20.0,4.8,1.0,2.88,23.04,8.0,96.0,Low,Summer,False
461,Dec,,,12.0,4.5,3.0,4.86,38.88,8.0,162.0,Low,Winter,
685,Jun,bathroom,Fan,51.0,17.8,2.0,54.47,435.74,8.0,1815.6,Medium,Summer,False
630,Jul,LIVING ROOM,ac,1875.0,8.4,2.0,945.0,7560.0,8.0,31500.0,high,Summer,True
572,AUG,,ac,1695.0,2.9,2.0,294.93,2359.44,8.0,9831.0,high,,True
999,Sep,Dining_Room,FAN,71.0,17.9,1.0,38.13,305.02,8.0,1270.9,Med,Autumn,False
606,September,bedroom,Light,17.0,7.2,3.0.0,11.02,88.13,8.0,,Low,,False
877,Jan,,,30.0,8.8,1.0,7.92,63.36,8.0,264.0,low,Winter,
97,Nov,Kitchen,light,29.0,9.9,3.0,25.84,206.71,8.0,861.3,Medium,Autumn,False
467,sep,Living Room,Computer,386.0,4.9,1.0.0,,453.94,,,,,False
27,Dec,Living Room,LIGHT,25.0,6.4,1.0,4.8,38.4,8.0,160.0,Low,Winter,False
136,Dec,DRAWING ROOM,light,33.0,6.1,2.0,12.08,96.62,8.0,402.6,low,Winter,False
353,Feb, Kitchen  ,not sure,63.0,16.6,1.0,31.37,250.99,8.0,1045.8,Med,Winter,False
649,May,Drawing Room,AC,1777.0,4.0,3.0,639.72,5117.76,8.0,21324.0,HIGH,Spring,True
869,Dec, Drawing Room  ,AC,1720.0,8.9,3.0,1377.72,11021.76,8.0,45924.0,HIGH,Winter,True
917,Jul,KITCHEN,MICROWAVE,860.0,0.5,3.0,38.7,309.6,8.0,1290.0,Medium,Summer,True
189,Dec,Bathroom,LIGHT,29.0,3.2,3.0,8.35,66.82,8.0,278.4,low,Winter,False
259,NOV,bathroom,HEATER,1212.0,2.0,1.0,72.72,581.76,8.0,2424.0,Med,,False
48,Mar,Living Room,tv,179.0,,3.0,-,734.62,,,,Spring,False
373,May, Living Room  ,Fan,51.0,10.0,3.0,45.9,367.2,8.0,1530.0,Medium,Spring,False
60,May,Kitchen,Washing Machine,672.0,2.0,1.0,40.32,322.56,8.0,1344.0,medium,Spring,True
540,May,,AC,1421.0,4.2,2.0,358.09,2864.74,8.0,11936.4,High,Spring,True
599,Dec, Bedroom  ,مش عارف,,4.6,2.0,51.34,410.69,8.0,,medium,Winter,False
416,Mar, Living Room  ,light,2600.0,5.6,1.0,4.37,,,14560.0,Low,Spring,False
568,Feb,Bedroom,TV,99.0,4.8,1.0,14.26,114.05,8.0,475.2,low,Winter,False
337,June,Living Room,light,14.0,3.8,3.0.0,4.79,38.3,8.0,,low,,False
39,Mar,Bedroom,Heater,1088.0,N/A,2.0,169.73,1357.82,8.0,,HIGH,Spring,False
108,Jan,DRAWING ROOM,?,1980.0,8.2,3.0,1461.24,11689.92,8.0,48708.0,HIGH,Winter,False
2,Dec,Drawing_Room,TV,64.0,3.0,3.0,17.28,138.24,8.0,576.0,low,Winter,False
995,Oct,LIVING ROOM,Light,23.0,8.8,3.0,18.22,145.73,8.0,607.2,Low,Autumn,False
310,dec,LIVING ROOM,fan,69.0,16.8,3.0,104.33,834.62,8.0,3477.6,high,,False
85,Sep,Living Room,LIGHT,40.0,9.8,3.0,35.28,282.24,8.0,1176.0,medium,Autumn,False
774,Jul,,Unknown,93.0,2.5,3.0,20.93,167.4,8.0,697.5,medium,Summer,False
 754 ,Feb,LIVING ROOM,Computer,125.0,4.5,3.0,50.62,405.0,8.0,1687.5,Medium,Winter,False
236,May,Bathroom,Washing_Machine,636.0,1.5,1.0,28.62,228.96,8.0,954.0,medium,Spring,True
136,,DRAWING ROOM,fan,65.0,14.1,2.0,54.99,439.92,8.0,1833.0,Medium,,False
786,Apr,kitchen,Washing Machine,688.0,1.8,3.0,111.46,891.65,8.0,3715.2,HIGH,Spring,True
633,feb,Dining_Room,Light,35.0,4.8,2.0,10.08,80.64,8.0,336.0,Low,,False
974,Sep,Dining Room,Light,24.0,4.1,3.0,8.86,70.85,8.0,295.2,Low,Autumn,False
524,dec,Kitchen,Light,24.0,7.4,3.0.0,15.98,127.87,8.0,,low,,False
883,jan,Living Room,Computer,,6.9,1.0,68.72,549.79,8.0,,Medium,,False
601,Apr,Living Room,AC,1402.0,4.6,1.0,193.48,1547.81,8.0,6449.2,high,Spring,True
304,Nov,Drawing Room,Computer,330.0,2.4,1.0,23.76,190.08,8.0,792.0,Medium,Autumn,False
429,Jan,Drawing Room,Fan,89.0,8.2,1.0,,175.15,,729.8,,Winter,False
567,JUN, Kitchen  ,Washing Machine,528.0,0.6,3.0,28.51,228.1,8.0,950.4,Medium,,True
207,May,Dining Room,Fan,89.0,7.2,1.0,19.22,153.79,8.0,640.8,Low,Spring,False
247,Jun,Living_Room,LIGHT,18.0,3.3,1.0.0,1.78,14.26,8.01,,low,Summer,False
363,jun,Drawing Room,Computer,-397.0,6.1,2.0,145.3,1162.42,8.0,-4843.4,High,,False
974,Jun,Dining_Room,light,17.0,6.3,3.0,9.64,77.11,8.0,321.3,Low,Summer,False
716,Nov, Dining Room  ,Light,14.0,3.6,2.0,3.02,24.19,8.01,100.8,Low,Autumn,False
114,jan,Drawing Room,TV,173.0,2.6,2.0,26.99,215.9,8.0,899.6,Medium,,False
 376 ,Nov,drawing room,fan,79.0,12.8,1.0,30.34,242.69,8.0,1011.2,medium,Autumn,False
356,apr,Kitchen,fridge,260.0,21.2,1.0,165.36,1322.88,8.0,5512.0,High,,True
305,February, Dining Room  ,-,36.0,5.8,1.0,6.26,50.11,8.0,208.8,low,,False
229,Jul,Bathroom,WASHING MACHINE,657.0,1.7,1.0.0,33.51,268.06,8.0,,medium,Summer,True
192,February,Dining Room, Fan  ,71.0,17.4,2.0,74.12,592.99,8.0,2470.8,Med,,False
959,Apr,LIVING ROOM,TV,166.0,4.1,3.0,61.25,490.03,8.0,2041.8,Med,Spring,False
984,Aug,Bedroom, Heater  ,850.0,3.9,2.0,198.9,1591.2,8.0,6630.0,HIGH,Summer,False
526,Oct, Living Room  ,Computer,338.0,8.2,2.0.0,166.3,1330.37,8.0,,high,Autumn,False
141,Apr,bedroom,,1024.0,3.8,,350.21,2801.66,8.0,,high,Spring,
543,jul,Bathroom, Fan  ,54.0,16.1,50.0,26.08,208.66,8.0,43470.0,Med,,False
821,December,drawing room,light,37.0,9.5,3.0,31.64,253.08,8.0,1054.5,Medium,,False
96,January,Kitchen,Fridge,258.0,20.9,1.0,161.77,1294.13,8.0,5392.2,HIGH,,True
750,Jan,living room,ac,1314.0,9.0,1.0,354.78,2838.24,8.0,11826.0,High,Winter,True
176,Jan,Living Room,tv,74.0,?,1.0,9.55,76.37,8.0,,low,Winter,False
584,November,Living Room,Light,13.0,3.5,1.0,1.36,10.92,8.03,45.5,low,,False
774,Feb,Bathroom,Heater,871.0,1.2,2.0,62.71,501.7,8.0,2090.4,medium,Winter,False
610,September,BATHROOM,Washing Machine,670.0,1.3,2.0,52.26,418.08,8.0,1742.0,Med,,True
745,jun,DRAWING ROOM,Computer,269.0,6.9,3.0,167.05,1336.39,8.0,5568.3,HIGH,,False
182,Mar,Living_Room, AC  ,982.0,3.7,3.0,327.01,2616.05,8.0,10900.2,High,Spring,True
342,Apr,dining room, Light  ,34.0,4.0,1.0,4.08,32.64,8.0,136.0,low,Spring,False
978,Feb,bedroom,tv,160.0,2.8,1.0,13.44,107.52,8.0,448.0,low,Winter,False
375,May,dining room,Light,40.0,6.4,1.0,7.68,61.44,8.0,256.0,low,Spring,False
592,Nov,,AC,1326.0,3.4,1.0,135.25,1082.02,8.0,4508.4,HIGH,Autumn,True
280,Apr, Living Room  , Light  ,26.0,4.4,1.0,3.43,27.46,8.01,114.4,low,Spring,False
564,Jul,dining room,Fan,83.0,16.0,3.0,119.52,956.16,8.0,3984.0,High,Summer,False
422,Dec,LIVING ROOM,?,76.0,17.5,1.0,39.9,319.2,8.0,1330.0,Med,Winter,False
539,Mar,-,Light,28.0,7.6,1.0,6.38,51.07,8.0,212.8,Low,Spring,False
336,June, Bedroom  ,Heater,1154.0,2.8,3.0,290.81,2326.46,8.0,9693.6,High,,False
976,Dec,Dining Room,Light,10.0,8.3,1.0,2.49,19.92,8.0,83.0,low,Winter,False
915,Feb,KITCHEN,Washing_Machine,555.0,1.9,2.0,63.27,506.16,8.0,2109.0,medium,Winter,True
363,feb,BEDROOM, Heater  ,1333.0,3.5,2.0.0,279.93,2239.44,8.0,,high,,False
891,AUG, Living Room  ,AC,1193.0,2.2,1.0,78.74,629.9,8.0,2624.6,medium,,True
519,Feb,Living Room,Light,38.0,7.7,2.0,17.56,140.45,8.0,585.2,Low,Winter,False
346,October,Drawing Room,TV,200.0,5.0,2.0,60.0,480.0,8.0,2000.0,medium,,False
151,July,kitchen, Fan  ,77.0,13.4,1.0,30.95,247.63,8.0,1031.8,Med,,False
797,Aug,dining room,fan,,,1.0,0.01755,140.4,8000.0,,Low,Summer,False
155,January,Drawing Room,TV,61.0,4.9,1.0,8.97,71.74,8.0,298.9,low,,False
986,APR,Living Room,computer,113.0,,2.0,24.41,195.26,8.0,,Med,,False
240,Sep,Dining Room,FAN,53.0,15.8,3.0,75.37,602.93,8.0,2512.2,medium,Autumn,False
399,Nov,Dining Room,Fan,65.0,17.8,2.0,69.42,555.36,8.0,2314.0,Medium,Autumn,False
774,Nov,drawing room,Computer,400.0,7.3,2.0,175.2,1401.6,8.0,5840.0,HIGH,Autumn,False
50,September,Kitchen,microwave,617.0,0.2,2.0,7.4,59.23,8.0,246.8,Low,,True
841,Nov,Kitchen,Washing Machine,780.0,1.0,1.0,23.4,187.2,8.0,780.0,medium,Autumn,True
123,Apr,Bathroom,washing machine,791.0,1.3,2.0,61.7,493.58,8.0,2056.6,Medium,Spring,True
28,May, Drawing Room  ,LIGHT,30.0,7.7,2.0,13.86,,,462.0,low,Spring,False
448,Aug, Drawing Room  ,Light,,9.9,2.0,,123.55,,,,Summer,False
556,December,living room,TV,152.0,2.3,2.0.0,20.98,167.81,8.0,,Med,,False
429,Sep,Living Room,Light,27.0,8.7,2.0,14.09,112.75,8.0,469.8,low,Autumn,False
251,sep,Living_Room,TV,133.0,5.5,1.0,21.95,175.56,8.0,731.5,medium,,False
770,July, Dining Room  , Fan  ,74.0,15.1,1.0,33.52,268.18,8.0,1117.4,Medium,,False
167,September,Drawing Room,Computer,394.0,,1.0,65.01,520.08,8.0,,Medium,,False
967,NOV,Bedroom,Heater,1243.0,2.9,2.0,216.28,1730.26,8.0,7209.4,HIGH,,False
871,May,Drawing Room,LIGHT,,8.9,2.0,10.15,81.17,8.0,,low,Spring,False
319,Apr,Living_Room, Fan  ,88.0,7.7,1.0,20.33,162.62,8.0,677.6,medium,Spring,False
174,Aug,Drawing Room,light,34.0,8.6,2.0.0,17.54,140.35,8.0,,low,Summer,False
398,August, Kitchen  ,Fan,87.0,13.5,1.0,35.23,281.88,8.0,1174.5,Med,,False
153,,,Fan,80.0,15.7,3.0,0.11304,904.32,8000.0,3768.0,low,,False
476,April,Bathroom,washing machine,537.0,0.7,2.0,22.55,180.43,8.0,751.8,Med,,True
1000,January,,Computer,336.0,5.9,3.0,178.42,1427.33,8.0,5947.2,high,,False
115,Apr, Bedroom  ,Fan,51.0,7.7,2.0.0,23.56,188.5,8.0,,medium,Spring,False
392,Jan,living room,Fan,79.0,14.8,,70.15,561.22,8.0,,Med,Winter,False
890,Aug,Bathroom,Heater,1087.0,3.8,1.0,123.92,991.34,8.0,4130.6,HIGH,Summer,False
875,Feb,Bathroom, Heater  ,846.0,3.2,1.0,81.22,649.73,8.0,2707.2,Med,Winter,False
861,Feb, Drawing Room  ,TV,101.0,4.6,3.0,41.81,334.51,8.0,1393.8,Med,Winter,False
65,Nov,Drawing Room,AC,985.0,5.8,3.0.0,514.17,,,,HIGH,Autumn,True
587,February, Living Room  ,TV,-124.0,6.0,1.0,22.32,178.56,8.0,-744.0,Med,,False
177,May,Bedroom,Heater,1070.0,,2.0,,2054.4,,,,Spring,False
871,Oct,Drawing Room, AC  ,-,6.6,3.0,826.85,6614.78,8.0,,High,Autumn,True
923,Aug,drawing room,Fan,53.0,9.1,1.0,14.47,115.75,8.0,482.3,Low,Summer,False
451,Jan,Bathroom,Heater,1352.0,1.9,2.0,154.13,1233.02,8.0,5137.6,High,Winter,False
611,JUN,Living_Room,FAN,,7.3,3.0,36.79,294.34,8.0,,medium,,False
231,Sep,LIVING ROOM,Computer,230.0,7.6,3.0,,1258.56,,5244.0,,Autumn,False
692,Aug,Bathroom,Heater,970.0,,1.0,37.83,302.64,8.0,,Medium,Summer,False
750,mar,Kitchen,Fridge,197.0,,3.0,398.93,3191.4,8.0,,high,,True
945,Apr,Dining Room,Light,21.0,9.4,2.0.0,11.84,94.75,8.0,,Low,Spring,False
707,Mar,Bedroom,TV,112.0,3.7,3.0,37.3,298.37,8.0,1243.2,Med,Spring,False
857,Mar,DRAWING ROOM,COMPUTER,134.0,9.6,2.0,77.18,617.47,8.0,2572.8,medium,Spring,False
766,Oct,Bathroom,Heater,953.0,3.8,2.0,217.28,1738.27,8.0,7242.8,high,Autumn,False
551,مش عارف,Living Room,Fan,74.0,6.2,2.0,27.53,220.22,8.0,917.6,Med,,False
825,Sep,DINING ROOM,Fan,74.0,7.0,1.0,15.54,124.32,8.0,518.0,Low,Autumn,False
24,Oct,kitchen,Washing Machine,714.0,1.0,2.0,42.84,342.72,8.0,1428.0,medium,Autumn,True
49,Dec,Bathroom,Washing_Machine,548.0,1.2,2.0,39.46,315.65,8.0,1315.2,Medium,Winter,True
699,Aug, Dining Room  ,LIGHT,27.0,6.1,2.0,,79.06,,329.4,,Summer,False
971,Apr,Bedroom,TV,-128.0,2.7,1.0,10.37,82.94,8.0,-345.6,low,Spring,False
211,Jul,living room,Computer,389.0,7.3,3.0.0,255.57,2044.58,8.0,,High,Summer,False
427,Oct,n/a,WASHING MACHINE,482.0,1.1,1.0,15.91,127.25,8.0,530.2,low,Autumn,True
393,Apr,Living Room,ac,1921.0,4.8,3.0,829.87,6638.98,8.0,27662.4,HIGH,Spring,True
652,Jan,Living Room,AC,1183.0,4.1,1.0,145.51,1164.07,8.0,4850.3,High,Winter,True
253,مجهول, Kitchen  ,Microwave,946.0,0.1,2.0,5.68,45.41,7.99,189.2,Low,,True
361,Sep,unknown,Fan,57.0,9.9,,50.79,406.3,8.0,,Medium,Autumn,False
999,,bedroom, Fan  ,79.0,17.5,3.0,124.42,995.4,8.0,4147.5,HIGH,,False
669,Oct,Bedroom,Computer,318.0,7.7,1.0.0,73.46,587.66,8.0,,medium,Autumn,False
980,October, Living Room  , Computer  ,345.0,8.4,1.0.0,86.94,695.52,8.0,,Med,,False
973,September,DINING ROOM,FAN,86.0,11.5,3.0,89.01,712.08,8.0,2967.0,Med,,False
 145 ,Aug,living room,Light,unknown,9.7,1.0,3.49,27.94,8.01,,low,Summer,False
65,Nov, Living Room  ,AC,902.0,6.4,3.0,519.55,4156.42,8.0,17318.4,high,Autumn,True
94,JAN,Bedroom, Computer  ,281.0,6.3,2.0,106.22,849.74,8.0,3540.6,High,,False
943,July, Kitchen  ,washing machine,700.0,1.4,1.0,29.4,235.2,8.0,980.0,Med,,True
674,Aug, Living Room  ,Fan,68.0,14.9,3.0,91.19,729.5,8.0,3039.6,medium,Summer,False
747,Jul,Bedroom,Heater,891.0,1.9,1.0,50.79,406.3,8.0,1692.9,medium,Summer,False
883,Dec,dining room,FAN,?,12.6,3.0.0,97.52,780.19,8.0,,Medium,Winter,False
395,Jun,LIVING ROOM,na,183.0,2.4,2.0,,210.82,,878.4,,Summer,False
605,Mar,Bedroom,AC,1600.0,,1.0,254.4,2035.2,8.0,,High,Spring,True
943,December,Bedroom,HEATER,1306.0,2.6,1.0,101.87,814.94,8.0,3395.6,High,,False
234,aug,BEDROOM,AC,1178.0,8.8,3.0,932.98,,,31099.2,HIGH,,True
781,Jul,Bathroom, Light  ,12.0,6.1,1.0,2.2,17.57,7.99,73.2,low,Summer,False
35,April,Bedroom,AC,1563.0,7.7,3.0,,8665.27,,36105.3,,,True
590,aug,Living Room,Light,18.0,9.0,3.0,14.58,116.64,8.0,486.0,low,,False
577,apr,dining room,LIGHT,22.0,5.4,3.0,10.69,85.54,8.0,356.4,low,,False
759,August,bedroom, Computer  ,250.0,5.8,1.0,43.5,348.0,8.0,1450.0,Med,,False
686,Sep, Living Room  ,AC,1717.0,9.0,3.0,1390.77,11126.16,8.0,46359.0,High,Autumn,True
506,Jun,Bedroom,AC,1430.0,5.8,1.0,248.82,1990.56,8.0,8294.0,high,Summer,True
482,Jul,living room,Fan,58.0,9.4,3.0,49.07,392.54,8.0,1635.6,Medium,Summer,False
849,Jan,BEDROOM,Light,3700.0,,2.0,15.32,122.54,8.0,,Low,Winter,False
308,September,Bedroom,AC,1895.0,9.2,2.0,1046.04,8368.32,8.0,34868.0,High,,True
868,aug,, Computer  ,266.0,3.9,3.0,93.37,746.93,8.0,3112.2,Med,,False
759,-,Bedroom, Fan  ,53.0,9.8,1.0,15.58,124.66,8.0,519.4,Low,,False
66,Dec,Bedroom,TV,100.0,3.7,1.0,11.1,88.8,8.0,370.0,Low,Winter,False
829,مش عارف,living room,TV,166.0,4.5,2.0,44.82,358.56,8.0,1494.0,medium,,False
442,March,Drawing Room,Light,28.0,6.2,1.0,5.21,41.66,8.0,173.6,low,,False
943,Jun,LIVING ROOM,,15.0,8.8,2.0,7.92,63.36,8.0,264.0,Low,Summer,
123,Feb,Bathroom,n/a,error,3.4,2.0,3.26,26.11,8.01,,low,Winter,False
210,Sep,Living Room,AC,924.0,5.0,1.0.0,138.6,1108.8,8.0,,HIGH,Autumn,True
214,March,Living Room, TV  ,179.0,2.1,2.0.0,22.55,180.43,8.0,,medium,,False
8,Jan,Kitchen,Light,33.0,7.1,3.0,21.09,168.7,8.0,702.9,Medium,Winter,False
452,Feb,Drawing Room, Computer  ,110.0,4.6,3.0.0,45.54,364.32,8.0,,medium,Winter,False
587,July,Kitchen,fan,71.0,9.5,2.0,40.47,323.76,8.0,1349.0,Med,,False
737,Oct,LIVING ROOM,TV,139.0,,1.0,,90.07,,,,Autumn,False
3,Jul, Drawing Room  ,TV,157.0,-,2.0,19.78,158.26,8.0,,low,Summer,False
458,July,living room,Computer,400.0,9.8,1.0,?,940.8,,3920.0,,,False
578,Dec,Bedroom, Heater  ,853.0,1.3,3.0.0,99.8,,,,Medium,Winter,False
589,Aug,Living Room,Light,15.0,3.6,1.0,1.62,12.96,8.0,54.0,low,Summer,False
385,Nov,living room,ac,-1741.0,4.6,1.0,240.26,1922.06,8.0,-8008.6,HIGH,Autumn,True
405,Aug,Kitchen,microwave,719.0,0.2,3.0,12.94,103.54,8.0,431.4,Low,Summer,True
787,jun,bedroom,Light,16.0,5.1,3.0,7.34,58.75,8.0,244.8,low,,False
922,Aug,Kitchen,fan,8800.0,10.5,3.0,83.16,665.28,8.0,277200.0,Med,Summer,False
825,November,KITCHEN,Fan,76.0,10.7,3.0,73.19,585.5,8.0,2439.6,Medium,,False
826,May,Dining_Room, Fan  ,56.0,14.4,3.0,72.58,580.61,8.0,2419.2,Med,Spring,False
423,December,bedroom,FAN,78.0,8.9,2.0,41.65,333.22,8.0,1388.4,Medium,,False
601,may, Living Room  ,light,13.0,7.4,1.0,2.89,23.09,7.99,96.2,low,,False
858,Jun,bedroom,LIGHT,31.0,7.3,1.0,6.79,,,226.3,low,Summer,False
960,Jul,Dining Room,fan,83.0,13.2,2.0,65.74,525.89,8.0,2191.2,Med,Summer,False
217,May,bedroom,AC,1458.0,9.2,2.0,804.82,6438.53,8.0,26827.2,High,Spring,True
929,December,Bathroom,washing machine,465.0,1.2,3.0,50.22,401.76,8.0,1674.0,Med,,True
807,Mar,BATHROOM, Washing Machine  ,640.0,1.3,1.0.0,24.96,199.68,8.0,,Medium,Spring,True
467,November,Drawing Room, AC  ,1598.0,5.1,1.0,244.49,1955.95,8.0,8149.8,HIGH,,True
532,Sep,Dining_Room,Fan,85.0,-8.7,3.0,,532.44,,-2218.5,,Autumn,False
354,Sep,Bathroom, Fan  ,57.0,10.7,1.0,18.3,146.38,8.0,609.9,low,Autumn,False
340,Apr,DINING ROOM,Light,,6.8,3.0,?,141.98,,,,Spring,False
606,Apr,bedroom,AC,1350.0,2.9,2.0,234.9,1879.2,8.0,7830.0,HIGH,Spring,True
667,MAY,DRAWING ROOM, Light  ,16.0,6.5,3.0,9.36,74.88,8.0,312.0,low,,False
345,Apr,drawing room,مش عارف,88.0,5.5,1.0,14.52,116.16,8.0,484.0,low,Spring,False
731,April,Kitchen,Microwave,1064.0,0.2,2.0,,102.14,,425.6,,,True
448,September,dining room,Fan,53.0,8.7,3.0,41.5,331.99,8.0,1383.3,Medium,,False
984,Jun,,Fan,-78.0,11.3,1.0,26.44,211.54,8.0,-881.4,Med,Summer,False
969,Nov, Bedroom  ,AC,941.0,9.0,1.0.0,254.07,2032.56,8.0,,HIGH,Autumn,True
336,June,living room,light,29.0,3.4,3.0,8.87,70.99,8.0,295.8,Low,,False
100,NOV,dining room,Light,39.0,6.8,2.0,15.91,127.3,8.0,530.4,Low,,False
231,May,kitchen, Microwave  ,742.0,0.2,,8.9,71.23,8.0,,low,Spring,True
573,Dec,BATHROOM,Light,36.0,4.3,1.0,4.64,37.15,8.01,154.8,low,Winter,False
354,August,Living_Room,AC,1668.0,7.3,2.0.0,730.58,5844.67,8.0,,HIGH,,True
450,May,Kitchen,FAN,8300.0,9.4,3.0,70.22,561.74,8.0,234060.0,Medium,Spring,False
834,mar, Living Room  ,Computer,,,2.0,54.06,432.48,8.0,,medium,,False
294,September,BATHROOM,Washing Machine,634.0,0.8,2.0,30.43,243.46,8.0,1014.4,medium,,True
964,Jul,Bedroom,Fan,67.0,7.6,3.0,45.83,366.62,8.0,1527.6,medium,Summer,False
676,Aug,DRAWING ROOM,Fan,70.0,11.5,3.0,72.45,579.6,8.0,2415.0,Medium,Summer,False
129,sep,Bathroom,not sure,50.0,15.0,2.0,45.0,360.0,8.0,1500.0,medium,,False
587,dec,Drawing_Room,TV,118.0,3.0,2.0,21.24,169.92,8.0,708.0,Med,,False
660,,Living Room,AC,1816.0,2.6,3.0,424.94,3399.55,8.0,14164.8,High,,True
122,Sep,Drawing Room,Light,28.0,8.6,1.0,7.22,57.79,8.0,240.8,Low,Autumn,False
557,Jun,kitchen,Light,24.0,4.9,2.0,7.06,56.45,8.0,235.2,Low,Summer,False
630,Aug,Bathroom,washing machine,612.0,1.2,2.0,44.06,352.51,8.0,1468.8,medium,Summer,True
274,Sep,living room,tv,74.0,4.7,2.0.0,20.87,166.94,8.0,,medium,Autumn,False
242,Aug, Kitchen  ,Microwave,1045.0,0.1,3.0,9.4,75.24,8.0,313.5,Low,Summer,True
117,Jun, Kitchen  ,Fan,71.0,1689.9999999999998,2.0,71.99,575.95,8.0,239980.0,Med,Summer,False
251,, Bathroom  ,LIGHT,15.0,4.0,3.0,5.4,43.2,8.0,180.0,Low,,False
460,Oct,LIVING ROOM,Computer,280.0,8.7,3.0,219.24,1753.92,8.0,7308.0,HIGH,Autumn,False
132,February,bedroom,Computer,184.0,7.0,1.0,38.64,309.12,8.0,1288.0,Medium,,False
321,Aug,Living_Room,ac,N/A,580.0,2.0,456.92,3655.39,8.0,,high,Summer,True
344,July,Living_Room,TV,87.0,3.6,3.0,28.19,225.5,8.0,939.6,medium,,False
352,November,bedroom,AC,1135.0,3.3,3.0,337.1,2696.76,8.0,11236.5,high,,True
571,Aug,Bathroom, Fan  ,51.0,6.4,3.0,,235.01,,979.2,,Summer,False
310,Mar,Drawing Room,Fan,77.0,8.9,2.0.0,41.12,328.94,8.0,,Med,Spring,False
624,Jun,Living_Room,fan,89.0,14.0,1.0,,299.04,,1246.0,,Summer,False
694,Aug,Drawing Room, Fan  ,90.0,10.0,1.0,27.0,216.0,8.0,900.0,medium,Summer,False
901,Dec,Bedroom,TV,110.0,2.7,3.0,26.73,213.84,8.0,891.0,medium,Winter,False
353,Aug,Dining Room,LIGHT,24.0,3.2,2.0,4.61,36.86,8.0,153.6,low,Summer,False
558,Dec,Kitchen, Fridge  ,205.0,21.0,3.0,387.45,3099.6,8.0,12915.0,High,Winter,True
880,Dec,Living_Room,TV,73.0,2.8,1.0.0,6.13,49.06,8.0,,Low,Winter,False
568,May,مجهول,FRIDGE,141.0,18.8,1.0,79.52,636.19,8.0,2650.8,medium,Spring,True
197,March,Bathroom, Washing Machine  ,729.0,1.4,3.0,91.85,734.83,8.0,3061.8,Med,,True
934,Sep,Living Room,FAN,50.0,17.0,3.0,76.5,612.0,8.0,2550.0,medium,Autumn,False
386,MAR,Drawing Room, Light  ,15.0,6.1,1.0,2.75,21.96,7.99,91.5,Low,,False
163,Aug,Bathroom,Washing Machine,702.0,1.9,2.0,80.03,640.22,8.0,2667.6,Med,Summer,True
227,Jun,Drawing Room, Computer  ,125.0,5.1,2.0,38.25,306.0,8.0,1275.0,Med,Summer,False
492,Jul,,TV,152.0,2.0,1.0,9.12,72.96,8.0,304.0,low,Summer,False
37,Jul,,Fan,74.0,6.6,1.0,14.65,117.22,8.0,488.4,Low,Summer,False
409,Aug,Living_Room,Computer,369.0,5.2,2.0,115.13,921.02,8.0,3837.6,high,Summer,False
483,January,Kitchen,,124.0,21.5,2.0.0,159.96,1279.68,8.0,,HIGH,,
863,JAN,LIVING ROOM,Light,24.0,3.3,2.0,4.75,38.02,8.0,158.4,Low,,False
721,Aug, Living Room  ,TV,7000.0,5.9,,24.78,198.24,8.0,,Medium,Summer,False
742,N/A,Living Room, AC  ,1374.0,3.8,3.0,469.91,3759.26,8.0,15663.6,high,,True
779,Aug,Dining Room,Fan,86.0,16.8,1.0,43.34,346.75,8.0,1444.8,Med,Summer,False
235,Nov,bedroom,COMPUTER,369.0,8.0,1.0,88.56,708.48,8.0,2952.0,Med,Autumn,False
780,Oct,DRAWING ROOM,tv,105.0,4.1,2.0,25.83,206.64,8.0,861.0,medium,Autumn,False
7,Jul,Bathroom,Light,33.0,4.9,1.0,4.85,38.81,8.0,161.7,Low,Summer,False
489,January,Bedroom,Fan,88.0,13.7,2.0,72.34,578.69,8.0,2411.2,Med,,False
273,April,Drawing Room,TV,142.0,6.0,3.0,76.68,613.44,8.0,2556.0,medium,,False
48,January,Living Room,Computer,297.0,9.8,1.0,87.32,698.54,8.0,2910.6,Med,,False
478,Jun,Living_Room,Light,11.0,8.7,2.0,5.74,45.94,8.0,191.4,low,Summer,False
93,April,living room,Computer,391.0,4.5,1.0,52.78,422.28,8.0,1759.5,Med,,False
646,Sep,BEDROOM, AC  ,1487.0,7.3,1.0,,2605.22,,10855.1,,Autumn,True
515,Aug,Drawing_Room,TV,180.0,3.2,1.0,17.28,138.24,8.0,576.0,Low,Summer,False
488,May, Kitchen  ,Microwave,1055.0,0.2,1.0,6.33,50.64,8.0,211.0,Low,Spring,True
468,Oct, Kitchen  ,Washing Machine,-701.0,1.9,3.0,119.87,958.97,8.0,-3995.7,High,Autumn,True
824,Jun,Drawing Room, TV  ,135.0,2.5,1.0.0,10.12,81.0,8.0,,low,Summer,False
88,Aug,Drawing Room,Computer,359.0,,2.0,107.7,861.6,8.0,,High,Summer,False
798,Jul, Drawing Room  ,AC,1445.0,4.6,2.0,398.82,3190.56,8.0,13294.0,High,Summer,True
716,Mar,living room,AC,1573.0,2.9,2.0.0,273.7,2189.62,8.0,,HIGH,Spring,True
726,, Living Room  ,COMPUTER,344.0,5.0,1.0,51.6,412.8,8.0,1720.0,Medium,,False
494,jan,Bathroom,HEATER,81100.0,1.1,2.0.0,53.53,428.21,8.0,,Med,,False
122,apr, Drawing Room  ,fan,53.0,9.1,3.0,43.41,347.26,8.0,1446.9,Medium,,False
250,May,Living Room,TV,153.0,2.8,3.0,38.56,308.45,8.0,1285.2,Med,Spring,False
642,Dec,Living Room,ac,1349.0,2.5,3.0,303.52,2428.2,8.0,10117.5,high,Winter,True
892,may,Kitchen,Washing Machine,498.0,2.0,2.0,59.76,478.08,8.0,1992.0,Med,,True
551,mar,Dining Room,Light,27.0,6.2,3.0.0,15.07,120.53,8.0,,low,,False
415,October,,unknown,1715.0,2.0,2.0.0,205.8,1646.4,8.0,,High,,False
586,APR,Kitchen,Fan,84.0,7.3,2.0,36.79,294.34,8.0,1226.4,Med,,False
294,August,,Fan,73.0,14.5,1.0,error,254.04,,1058.5,,,False
167,feb,Living Room,ac,1984.0,9.2,3.0,1642.75,13142.02,8.0,54758.4,HIGH,,True
545,Jun,,TV,83.0,3.8,2.0,18.92,,,630.8,low,Summer,False
145,April,Kitchen,fan,83.0,11.2,1.0,27.89,223.1,8.0,929.6,Med,,False
19,Jun,Living Room,LIGHT,22.0,3.9,1.0,2.57,20.59,8.01,85.8,Low,Summer,False
697,Oct,bedroom,tv,107.0,4.8,2.0,30.82,,,1027.2,Med,Autumn,False
345,Dec,Living Room,AC,1081.0,7.5,2.0,486.45,3891.6,8.0,16215.0,High,Winter,True
93,April,living room,Computer,391.0,4.5,1.0,52.78,422.28,8.0,1759.5,Medium,,False
889,Aug,dining room,FAN,64.0,17.6,3.0,101.38,811.01,8.0,3379.2,High,Summer,False
 942 ,May,Kitchen,Light,33.0,?,2.0,13.07,104.54,8.0,,low,Spring,False
70,Oct,Bathroom,Heater,1302.0,3.8,2.0,296.86,2374.85,8.0,9895.2,High,Autumn,False
394,Dec,Bedroom,Fan,58.0,16.1,2.0.0,,448.22,,,,Winter,False
736,Feb,Dining Room,,72.0,14.5,3.0,93.96,751.68,8.0,3132.0,Medium,Winter,
205,May,Living Room,Light,28.0,5.6,2.0,9.41,75.26,8.0,313.6,Low,Spring,False
150,Apr,Kitchen,Washing Machine,739.0,N/A,2.0,35.47,283.78,8.0,,Medium,Spring,True
133,Jun,Living_Room, Light  ,16.0,5.0,2.0,4.8,38.4,8.0,160.0,Low,Summer,False
232,Feb,Living Room,Fan,68.0,10.8,1.0,22.03,176.26,8.0,734.4,Medium,Winter,False
561,mar,Kitchen,Washing_Machine,456.0,1.3,3.0,53.35,426.82,8.0,1778.4,Medium,,True
806,dec,Bedroom, Heater  ,1204.0,1.1,3.0.0,0.1192,953.57,7999.75,,low,,False
787,apr,bathroom,Heater,1007.0,1.7,1.0,51.36,410.86,8.0,1711.9,Medium,,False
599,jul, Bedroom  ,ac,1900.0,3.4,3.0,581.4,4651.2,8.0,19380.0,high,,True
241,sep,Drawing_Room,Light,38.0,9.5,2.0,21.66,173.28,8.0,722.0,medium,,False
934,Jan,BEDROOM,ac,1093.0,680.0,1.0,222.97,1783.78,8.0,743240.0,High,Winter,True
16,November,Dining Room,Light,33.0,9.5,3.0,28.21,225.72,8.0,940.5,Medium,,False
796,August,Bedroom,ac,1311.0,9.3,1.0,365.77,2926.15,8.0,12192.3,high,,True
871,Mar,kitchen,Light,?,9.2,3.0,9.94,79.49,8.0,,Low,Spring,False
273,feb, Drawing Room  ,fan,77.0,7.5,3.0,51.98,415.8,8.0,1732.5,Med,,False
861,Jul,DRAWING ROOM,LIGHT,38.0,3.4,1.0.0,3.88,31.01,7.99,,Low,Summer,False
93,Oct,living room,ac,1245.0,6.3,2.0,470.61,3764.88,8.0,15687.0,High,Autumn,True
295,Apr,bathroom,fan,75.0,11.2,2.0,50.4,403.2,8.0,1680.0,medium,Spring,False
998,Dec,KITCHEN,FRIDGE,133.0,23.8,1.0,94.96,759.7,8.0,3165.4,Med,Winter,True
329,jul,Bedroom,TV,106.0,2.1,2.0,13.36,106.85,8.0,445.2,Low,,False
323,Nov, Kitchen  ,FAN,66.0,8.8,2.0,34.85,278.78,8.0,1161.6,Med,Autumn,False
919,Nov,kitchen, Microwave  ,651.0,0.2,3.0,11.72,93.74,8.0,390.6,low,Autumn,True
100,Nov,Drawing_Room,Computer,180.0,6.6,1.0,35.64,285.12,8.0,1188.0,medium,Autumn,False
21,March,,LIGHT,38.0,3.1,3.0,10.6,84.82,8.0,353.4,low,,False
184,,Drawing Room, AC  ,1357.0,8.4,3.0,1025.89,8207.14,8.0,34196.4,high,,True
437,Aug,BEDROOM,AC,1145.0,6.3,150.0,649.22,5193.72,8.0,1082025.0,High,Summer,True
821,Dec,Bedroom,light,29.0,7.9,1.0,6.87,54.98,8.0,229.1,low,Winter,False
116,April,Kitchen,?,252.0,23.3,1.0,176.15,1409.18,8.0,5871.6,high,,False
94,Nov,Living Room,AC,1731.0,2.1,2.0,218.11,1744.85,8.0,7270.2,high,Autumn,True
724,Jan,Drawing Room,Fan,75.0,16.4,1.0,36.9,295.2,8.0,1230.0,Medium,Winter,False
 299 ,Jul,Bedroom,Heater,1078.0,2.2,2.0,142.3,1138.37,8.0,4743.2,high,Summer,False
628,MAR,Drawing Room, AC  ,1399.0,3.2,1.0,134.3,1074.43,8.0,4476.8,High,,True
301,Apr,BEDROOM, Fan  ,59.0,7.1,2.0,25.13,201.07,8.0,837.8,Medium,Spring,False
818,Jul,BATHROOM,Light,34.0,,3.0,10.1,80.78,8.0,,Low,Summer,False
822,Jul,Bedroom,TV,175.0,4.9,2.0,51.45,411.6,8.0,1715.0,Med,Summer,False
448,November, Kitchen  ,Fridge,154.0,23.3,3.0,322.94,2583.5,8.0,10764.6,high,,True
574,jul,Drawing Room, Fan  ,60.0,?,2.0,47.88,383.04,8.0,,Med,,False
930,Oct,LIVING ROOM,AC,1255.0,7.7,2.0,579.81,4638.48,8.0,19327.0,high,Autumn,True
22,Aug, Dining Room  , Fan  ,86.0,7.7,2.0,39.73,317.86,8.0,1324.4,Med,Summer,False
483,Jul,Dining_Room,FAN,84.0,,3.0,80.89,647.14,8.0,,medium,Summer,False
827,Mar,BEDROOM,HEATER,1382.0,2.2,2.0,182.42,1459.39,8.0,6080.8,high,Spring,False
229,Jun,DINING ROOM,Fan,63.0,6.1,,34.59,276.7,8.0,,medium,Summer,False
433,Feb, Kitchen  ,fridge,184.0,21.6,3.0,357.7,2861.57,8.0,11923.2,high,Winter,True
355,Aug,DRAWING ROOM,COMPUTER,329.0,3.4,2.0.0,67.12,536.93,8.0,,Medium,Summer,False
669,September, Bedroom  ,Unknown,29.0,4.1,1.0,3.57,28.54,7.99,118.9,low,,False
623,October,LIVING ROOM, Computer  ,174.0,9.8,2.0,102.31,818.5,8.0,3410.4,High,,False
244,Jun,Living_Room, Fan  ,78.0,17.6,2.0,82.37,658.94,8.0,2745.6,medium,Summer,False
413,Dec,bathroom,Heater,987.0,2.9,2.0,171.74,1373.9,8.0,5724.6,high,Winter,False
497,Dec,Dining Room, Fan  ,69.0,7.9,2.0,32.71,261.65,8.0,1090.2,medium,Winter,False
376,Feb,Drawing Room, Fan  ,52.0,N/A,1.0.0,26.21,209.66,8.0,,Medium,Winter,False
519,September,Kitchen,Light,37.0,4.3,1.0,4.77,38.18,8.0,159.1,Low,,False
819,June,Bedroom,Fan,61.0,15.9,2.0,58.19,465.55,8.0,1939.8,medium,,False
409,Oct,Bedroom,TV,66.0,5.2,3.0,30.89,247.1,8.0,1029.6,medium,Autumn,False
955,Sep, Bedroom  ,Heater,905.0,2.4,1.0,65.16,521.28,8.0,2172.0,Medium,Autumn,False
59,Jan, Bedroom  ,,16.0,9.0,1.0,4.32,34.56,8.0,144.0,Low,Winter,
44,Dec,,LIGHT,17.0,10.0,1.0,5.1,40.8,8.0,170.0,low,Winter,False
570,May,Kitchen,MICROWAVE,error,0.2,100.0,9.71,77.66,8.0,,Low,Spring,True
752,May,Dining Room,,77.0,13.1,2.0,60.52,484.18,8.0,2017.4,Med,Spring,
537,Apr,Kitchen,Microwave,unknown,0.5,3.0,49.41,395.28,8.0,,medium,Spring,True
898,Oct,Drawing_Room,AC,1847.0,,1.0,504.23,4033.85,8.0,,High,Autumn,True
170,Aug,KITCHEN,MICROWAVE,975.0,0.3,2.0,17.55,140.4,8.0,585.0,low,Summer,True
692,Jun,dining room, Light  ,14.0,6.8,3.0,8.57,68.54,8.0,285.6,low,Summer,False
221,,Bedroom,HEATER,,3.2,3.0,256.32,2050.56,8.0,,high,,False
904,Oct, Kitchen  , Fan  ,,unknown,3.0,33.05,264.38,8.0,,medium,Autumn,False
739,Apr,Drawing Room,AC,1410.0,4.7,3.0,596.43,4771.44,8.0,19881.0,High,Spring,True
4,Apr,BATHROOM,Fan,52.0,1060.0,2.0.0,33.07,264.58,8.0,,Med,Spring,False
352,Nov,not sure,Fan,73.0,15.7,3.0,103.15,825.19,8.0,3438.3,high,Autumn,False
582,November,KITCHEN,LIGHT,29.0,9.7,1.0,8.44,67.51,8.0,281.3,low,,False
111,Apr,Kitchen,Fridge,123.0,20.3,3.0.0,224.72,1797.77,8.0,,high,Spring,True
981,December,Kitchen,light,17.0,5.3,3.0.0,8.11,64.87,8.0,,low,,False
181,Jan, Drawing Room  ,tv,107.0,2.2,,21.19,169.49,8.0,,Med,Winter,False
489,Oct,Bedroom,Fan,86.0,13.2,3.0,102.17,,,3405.6,HIGH,Autumn,False
347,May,LIVING ROOM, TV  ,17800.0,5.2,2.0,55.54,444.29,8.0,185120.0,medium,Spring,False
297,Dec,LIVING ROOM,computer,?,3.7,2.0,73.04,584.3,8.0,,Med,Winter,False
675,Feb,Living Room,Fan,87.0,14.0,1.0,36.54,292.32,8.0,1218.0,Med,Winter,False
170,Nov,Kitchen,LIGHT,-18.0,6.5,,3.51,28.08,8.0,,low,Autumn,False
673,October,Bedroom,Light,20.0,9.0,1.0,5.4,43.2,8.0,180.0,Low,,False
443,April,-,Fridge,278.0,18.3,1.0,152.62,1220.98,8.0,5087.4,High,,True
375,Feb,Dining Room,Light,33.0,5.7,1.0,5.64,45.14,8.0,188.1,Low,Winter,False
982,Sep,living room,FAN,unknown,10.8,2.0,52.49,419.9,8.0,,Medium,Autumn,False
280,Apr,,Microwave,655.0,0.4,3.0,23.58,188.64,8.0,786.0,Med,Spring,True
805,May,living room,AC,1574.0,2.1,2.0,198.32,1586.59,8.0,6610.8,High,Spring,True
755,November,living room,Fan,80.0,13.2,2.0,63.36,506.88,8.0,2112.0,Medium,,False
542,Apr, Bedroom  ,,-70.0,4.6,1.0,9.66,77.28,8.0,-322.0,Low,Spring,
870,FEB,Bathroom,WASHING MACHINE,547.0,0.6,3.0,29.54,236.3,8.0,984.6,Med,,True
699,sep,Kitchen, Washing Machine  ,563.0,0.6,1.0,10.13,81.07,8.0,337.8,Low,,True
937,Jul,Bedroom,Fan,55.0,17.6,3.0.0,87.12,696.96,8.0,,Medium,Summer,False
22,Nov,LIVING ROOM, AC  ,1800.0,3.5,3.0,567.0,4536.0,8.0,18900.0,HIGH,Autumn,True
641,Mar,Kitchen,Washing Machine,541.0,0.9,3.0,43.82,350.57,8.0,1460.7,Medium,Spring,True
294,August,Living Room,LIGHT,31.0,5.2,1.0,4.84,38.69,7.99,161.2,low,,False
359,Apr, Bedroom  ,tv,198.0,4.5,3.0,80.19,641.52,8.0,2673.0,Med,Spring,False
719,Mar,BEDROOM,TV,63.0,5.1,3.0,28.92,231.34,8.0,963.9,Medium,Spring,False
960,December,Living Room,LIGHT,26.0,3.0,1.0,2.34,18.72,8.0,78.0,low,,False
615,Nov,Drawing Room,AC,942.0,9.2,3.0,779.98,6239.81,8.0,25999.2,HIGH,Autumn,True
203,Jun,Kitchen,Fridge,182.0,20.9,3.0,342.34,2738.74,8.0,11411.4,High,Summer,True
34,Mar,Bedroom,HEATER,1119.0,1.7,,171.21,1369.66,8.0,,High,Spring,False
975,Oct,BEDROOM,Light,22.0,7.2,1.0,4.75,38.02,8.0,158.4,low,Autumn,False
918,Apr,Bedroom, Heater  ,872.0,2.0,1.0,52.32,418.56,8.0,1744.0,medium,Spring,False
714,jun,Living Room,Computer,361.0,5.5,3.0,178.69,1429.56,8.0,5956.5,HIGH,,False
858,Jul,Dining Room,LIGHT,34.0,8.1,2.0,16.52,132.19,8.0,550.8,low,Summer,False
919,Oct,living room,Fan,74.0,7.7,3.0,51.28,410.26,8.0,1709.4,Med,Autumn,False
858,Feb,Living Room,fan,70.0,16.8,2.0,70.56,564.48,8.0,2352.0,Med,Winter,False
671,Dec,Drawing_Room,Fan,86.0,6.1,2.0,31.48,251.81,8.0,1049.2,medium,Winter,False
142,August,,Light,22.0,4.0,2.0,5.28,,,176.0,low,,False
858,Apr,dining room, Fan  ,,16.6,2.0,66.73,533.86,8.0,,medium,Spring,False
988,November, Drawing Room  , Light  ,40.0,3.7,3.0,0.01332,106560.0,8000000.0,444.0,Low,,False
26,Jan,Living_Room,fan,89.0,14.4,1.0,38.45,307.58,8.0,1281.6,medium,Winter,False
246,jun,bedroom,HEATER,868.0,1.5,1.0,39.06,312.48,8.0,1302.0,medium,,False
277,Mar,Drawing Room,TV,104.0,2.8,2.0,17.47,139.78,8.0,582.4,Low,Spring,False
182,DEC,LIVING ROOM,COMPUTER,141.0,7.7,3.0,97.71,781.7,8.0,3257.1,Med,,False
630,January,KITCHEN,light,10.0,8.7,3.0,7.83,62.64,8.0,261.0,low,,False
670,Apr,living room,TV,-82.0,5.6,3.0,41.33,330.62,8.0,-1377.6,medium,Spring,False
361,May,Bathroom,Fan,55.0,16.3,2.0,?,430.32,,1793.0,,Spring,False
928,Apr,,TV,131.0,3.3,1.0,12.97,103.75,8.0,432.3,Low,Spring,False
467,sep,Dining Room,fan,52.0,17.4,1.0,27.14,217.15,8.0,904.8,Medium,,False
71,April, Drawing Room  ,TV,,4.7,1.0.0,18.33,146640.0,8000.0,,low,,False
14,March,DINING ROOM,LIGHT,15.0,6.8,3.0,9.18,73.44,8.0,306.0,Low,,False
863,September,Bathroom,Light,13.0,9.3,3.0.0,10.88,87.05,8.0,,low,,False
689,Feb,bedroom,TV,76.0,4.7,3.0,32.15,257.18,8.0,1071.6,medium,Winter,False
7,Mar,kitchen,Washing_Machine,-,1.7,3.0,64.11,512.86,8.0,,Medium,Spring,True
825,MAR,Kitchen,MICROWAVE,608.0,0.2,1.0,3.65,29.18,7.99,121.6,low,,True
948,Feb,Living Room,fan,63.0,12.7,3.0,72.01,576.07,8.0,2400.3,medium,Winter,False
393,AUG,Living Room,,14.0,9.3,2.0,7.81,62.5,8.0,260.4,low,,
432,Oct,living room,Fan,80.0,9.6,1.0,23.04,184.32,8.0,768.0,Med,Autumn,False
601,Feb,Living_Room,computer,114.0,6.8,1.0,23.26,186.05,8.0,775.2,medium,Winter,False
310,May,Bedroom,LIGHT,31.0,3.9,2.0,7.25,58.03,8.0,241.8,Low,Spring,False
670,jan,Living_Room,AC,1159.0,9.6,1.0.0,333.79,2670.34,8.0,,high,,True
999,Feb,Bathroom,light,40.0,3.6,2.0,8.64,69.12,8.0,288.0,Low,Winter,False
453,June, Bedroom  ,Fan,72.0,14.1,2.0,60.91,487.3,8.0,2030.4,Medium,,False
822,December, Dining Room  ,Light,2900.0,8.2,1.0,7.13,57.07,8.0,23780.0,Low,,False
86,Jun,Drawing_Room,fan,79.0,9.3,2.0,,352.66,,1469.4,,Summer,False
262,May, Kitchen  ,washing machine,492.0,1.1,1.0,16.24,129.89,8.0,541.2,Low,Spring,True
712,Oct,bedroom,Light,10.0,8.9,3.0,8.01,64.08,8.0,267.0,low,Autumn,False
709,JAN,Kitchen,light,26.0,,3.0,21.53,172.22,8.0,,Medium,,False
241,July,Bathroom,Washing Machine,490.0,1.0,3.0,44.1,352.8,8.0,1470.0,medium,,True
716,Feb,na,Light,24.0,,1.0.0,4.25,33.98,8.0,,Low,Winter,False
681,apr, Living Room  ,AC,1926.0,7.2,1.0.0,416.02,3328.13,8.0,,HIGH,,True
73,Sep, Bedroom  ,FAN,88.0,7.0,1.0,?,147.84,,616.0,,Autumn,False
 726 ,Oct,Bathroom, Washing Machine  ,634.0,170.0,2.0,64.67,517.34,8.0,215560.0,Medium,Autumn,True
752,Dec,Kitchen,Washing Machine,518.0,1.4,2.0,43.51,348.1,8.0,1450.4,medium,Winter,True
896,Aug,Drawing Room, TV  ,120.0,2.4,3.0,25.92,207.36,8.0,864.0,Med,Summer,False
126,Oct,BEDROOM,Fan,,9.1,3.0,70.43,563.47,8.0,,medium,Autumn,False
975,Sep,Living Room,COMPUTER,174.0,7.2,1.0,37.58,300.67,8.0,1252.8,Medium,Autumn,False
994,Apr,Dining Room,Fan,56.0,16.5,2.0,,443.52,,1848.0,,Spring,False
168,Dec,bathroom, Heater  ,1355.0,1.5,3.0,182.93,1463.4,8.0,6097.5,high,Winter,False
763,Jun,Dining_Room,FAN,84.0,6.9,2.0,0.03478,278.21,7999.14,1159.2,low,Summer,False
754,jul, Drawing Room  ,Light,30.0,9.0,3.0,24.3,194.4,8.0,810.0,medium,,False
642,August,,Computer,263.0,,2.0,-,845.81,,,,,False
618,JAN,LIVING ROOM,Computer,346.0,,1.0.0,36.33,290.64,8.0,,Med,,False
174,December,Kitchen, Washing Machine  ,578.0,0.8,1.0,13.87,110.98,8.0,462.4,low,,True
344,Jan,Living Room,fan,76.0,9.2,3.0.0,62.93,503.42,8.0,,medium,Winter,False
240,Jun,bathroom,Washing Machine,722.0,1.1,2.0,0.04765,381.22,8000.42,1588.4,Low,Summer,True
357,July,bedroom,Computer,170.0,7.3,3.0,111.69,893.52,8.0,3723.0,High,,False
52,Apr,Living_Room,fan,53.0,16.7,,53.11,424.85,8.0,,Med,Spring,False
225,Nov,KITCHEN,Washing Machine,522.0,0.8,2.0,25.06,200.45,8.0,835.2,medium,Autumn,True
975,Jun, Kitchen  ,MICROWAVE,691.0,0.2,1.0,4.15,33.17,7.99,138.2,low,Summer,True
664,Aug, Living Room  ,AC,926.0,6.0,2.0,333.36,2666.88,8.0,11112.0,high,Summer,True
365,Jul,Kitchen,microwave,806.0,0.2,3.0,14.51,116.06,8.0,483.6,low,Summer,True
268,December,Kitchen,microwave,987.0,0.3,2.0,17.77,142.13,8.0,592.2,low,,True
113,Jan, Bedroom  ,TV,157.0,3.8,2.0,35.8,286.37,8.0,1193.2,Med,Winter,False
362,Jul,BATHROOM, Light  ,40.0,8.9,3.0,32.04,256.32,8.0,1068.0,Med,Summer,False
166,Sep,DINING ROOM,Light,37.0,3.8,3.0,12.65,101.23,8.0,421.8,Low,Autumn,False
34,Feb,KITCHEN,FRIDGE,221.0,,2.0.0,249.29,1994300.0,7999.92,,HIGH,Winter,True
958,Jan,Dining Room,Light,37.0,9.0,3.0,29.97,239.76,8.0,999.0,medium,Winter,False
31,JUN,Drawing_Room,TV,117.0,5.1,1.0,17.9,143.21,8.0,596.7,low,,False
90,JAN, Drawing Room  ,Computer,165.0,7.6,3.0.0,112.86,902.88,8.0,,high,,False
722,Oct,Bedroom, Computer  ,196.0,4.8,2.0,56.45,451.58,8.0,1881.6,Medium,Autumn,False
590,May,KITCHEN,Microwave,643.0,0.2,2.0.0,7.72,61.73,8.0,,low,Spring,True
240,Jun,Drawing_Room,AC,1254.0,5.8,1.0,218.2,1745.57,8.0,7273.2,high,Summer,True
588,Dec,Living_Room,AC,1602.0,6.6,2.0,634.39,,,21146.4,high,Winter,True
982,July,Bathroom,Light,21.0,3.8,1.0,2.39,19.15,8.01,79.8,Low,,False
614,Aug,BEDROOM,AC,1103.0,8.5,1.0,281.26,2250.12,8.0,9375.5,HIGH,Summer,True
438,mar,living room, Fan  ,72.0,7.6,2.0,32.83,262.66,8.0,1094.4,medium,,False
222,May,Bedroom,light,16.0,4.2,3.0,6.05,48.38,8.0,201.6,low,Spring,False
475,July,Kitchen,light,-24.0,5.7,1.0,4.1,32.83,8.01,-136.8,Low,,False
504,Nov,LIVING ROOM, Light  ,36.0,4.5,2.0,?,77.76,,324.0,,Autumn,False
915,aug, Drawing Room  ,Fan,70.0,15.9,3.0,100.17,801.36,8.0,3339.0,High,,False
165,Sep,DRAWING ROOM,Fan,84.0,8.0,1.0,20.16,161.28,8.0,672.0,Med,Autumn,False
670,Sep,, Light  ,12.0,5.7,1.0,2.05,16.42,8.01,68.4,Low,Autumn,False
431,jun, Living Room  , Computer  ,397.0,6.0,3.0,214.38,1715.04,8.0,7146.0,high,,False
806,,Bedroom, TV  ,80.0,3.8,1.0.0,9.12,,,,Low,,False
629,NOV,Living Room, AC  ,1324.0,5.9,2.0,468.7,3749.57,8.0,15623.2,high,,True
710,DEC,Living Room, Light  ,18.0,5.3,3.0,8.59,68.69,8.0,286.2,low,,False
743,Dec,Kitchen,fan,60.0,17.3,2.0,62.28,498.24,8.0,2076.0,Medium,Winter,False
884,Jan,Living_Room,Fan,84.0,14.2,,107.35,858.82,8.0,,High,Winter,False
808,Dec,Kitchen,n/a,775.0,0.9,3.0,62.77,502.2,8.0,2092.5,Medium,Winter,False
895,Sep,BEDROOM,TV,131.0,2.4,1.0,9.43,,,314.4,Low,Autumn,False
147,Mar,living room,TV,200.0,3.3,1.0,19.8,158.4,8.0,660.0,low,Spring,False
162,April, Drawing Room  ,computer,313.0,,3.0,,,,,,,False
847,Sep,BEDROOM,ac,1166.0,4.4,3.0,461.74,3693.89,8.0,15391.2,high,Autumn,True
130,Jan,living room,light,35.0,880.0000000000001,1.0,9.24,73.92,8.0,30800.0,low,Winter,False
727,oct,kitchen,Light,16.0,540.0,1.0,2.59,20.74,8.01,8640.0,Low,,False
265,Jun, Kitchen  ,Fridge,214.0,18.2,1.0,116.84,934.75,8.0,3894.8,HIGH,Summer,True
411,,Living Room,fan,58.0,15.9,2.0,55.33,442.66,8.0,1844.4,medium,,False
427,Mar,Kitchen,Fridge,225.0,23.9,3.0,483.98,3871.8,8.0,16132.5,High,Spring,True
558,Oct, Bedroom  ,heater,946.0,1.3,2.0,73.79,590.3,8.0,2459.6,medium,Autumn,False
242,nov,KITCHEN, Microwave  ,1013.0,0.2,3.0,18.23,145.87,8.0,607.8,Low,,True
152,aug,Bathroom, Heater  ,1427.0,1.3,2.0,111.31,890.45,8.0,3710.2,HIGH,,False
250,Nov,Bedroom,AC,,3.3,3.0,493.32,3946.54,8.0,,HIGH,Autumn,True
886,Jun,LIVING ROOM,Light,35.0,6.4,3.0,20.16,161.28,8.0,672.0,Med,Summer,False
236,August,Bathroom,Heater,84600.0,3.0,1.0,76.14,609.12,8.0,253800.0,Med,,False
52,Mar,Living Room, Light  ,11.0,7.6,1.0.0,2.51,20.06,7.99,,low,Spring,False
497,Sep,dining room,FAN,57.0,13.7,1.0,0.02343,187.42,7999.15,780.9,Low,Autumn,False
314,Aug,Living Room,tv,176.0,4.8,1.0,25.34,202.75,8.0,844.8,medium,Summer,False
963,Jun,Drawing Room, TV  ,61.0,,1.0,9.15,73.2,8.0,,Low,Summer,False
273,March,Bathroom,washing machine,583.0,1.4,3.0,73.46,587.66,8.0,2448.6,medium,,True
722,Mar,Kitchen,washing machine,554.0,0.9,2.0,29.92,239.33,8.0,997.2,Medium,Spring,True
449,Jun,Living Room,COMPUTER,191.0,7.5,1.0,42.98,343.8,8.0,1432.5,Medium,Summer,False
728,Feb,Drawing Room, Fan  ,68.0,10.7,2.0,43.66,349.25,8.0,1455.2,medium,Winter,False
733,Mar,Bedroom,Computer,199.0,3.8,2.0,45.37,362.98,8.0,1512.4,Medium,Spring,False
413,Jan,Kitchen, Microwave  ,1001.0,0.4,2.0,24.02,192.19,8.0,800.8,medium,Winter,True
405,September,DRAWING ROOM, Light  ,29.0,4.0,2.0.0,6.96,55.68,8.0,,Low,,False
656,Jul,Living Room,Fan,58.0,10.3,1.0.0,17.92,143.38,8.0,,low,Summer,False
826,DEC,BEDROOM,light,40.0,3.1,1.0,3.72,29.76,8.0,124.0,Low,,False
660,Mar,Drawing Room,COMPUTER,219.0,5.0,1.0,32.85,262.8,8.0,1095.0,Medium,Spring,False
224,Jul,Bedroom,Heater,-1438.0,-3.9,100.0,336.49,2691.94,8.0,560820.0,high,Summer,False
610,Aug, Living Room  ,ac,1946.0,3.6,2.0,420.34,3362.69,8.0,14011.2,HIGH,Summer,True
336,May,Bedroom,TV,159.0,2.5,3.0,35.77,286.2,8.0,1192.5,Med,Spring,False
600,Jul, Dining Room  ,مجهول,24.0,9.1,2.0,13.1,104.83,8.0,436.8,Low,Summer,False
222,Dec,Living_Room,AC,1986.0,9.6,3.0,1715.9,13727.23,8.0,57196.8,HIGH,Winter,True
519,March,bedroom,Computer,358.0,9.7,1.0.0,104.18,833.42,8.0,,HIGH,,False
600,Oct,Bathroom,Fan,83.0,10.8,3.0,80.68,645.41,8.0,2689.2,medium,Autumn,False
893,Jan,,computer,203.0,10.0,2.0,121.8,974.4,8.0,4060.0,HIGH,Winter,False
862,January,Drawing Room,computer,372.0,5.9,2.0.0,131.69,1053.5,8.0,,high,,False
841,Aug,Living_Room,Computer,236.0,3.7,3.0,78.59,628700.0,7999.75,2619.6,medium,Summer,False
339,May,dining room,Light,25.0,7.8,3.0,17.55,140.4,8.0,585.0,low,Spring,False
879,May,Drawing_Room,TV,120.0,5.9,2.0,42.48,339.84,8.0,1416.0,Medium,Spring,False
642,September,KITCHEN, Light  ,32.0,4.9,3.0,14.11,112.9,8.0,470.4,low,,False
270,SEP,Drawing Room,Fan,51.0,12.6,1.0,19.28,154.22,8.0,642.6,low,,False
33,,Drawing_Room,Fan,83.0,9.9,3.0.0,73.95,591.62,8.0,,medium,,False
353,Aug,Kitchen,Light,28.0,9.0,3.0,22.68,181.44,8.0,756.0,Medium,Summer,False
986,feb, Kitchen  ,MICROWAVE,838.0,,2.0,20.11,160.9,8.0,,Medium,,True
537,Feb,BEDROOM,AC,1768.0,6.0,3.0,954.72,7637.76,8.0,31824.0,HIGH,Winter,True
888,Jan,Kitchen,,278.0,18.8,1.0,156.79,1254.34,8.0,5226.4,high,Winter,
221,,DRAWING ROOM,light,28.0,6.1,1.0,5.12,40.99,8.01,170.8,Low,,False
294,Jul,dining room, Light  ,20.0,4.0,2.0.0,,38.4,,,,Summer,False
689,sep,Bedroom,AC,1216.0,unknown,3.0,601.92,4815.36,8.0,,HIGH,,True
400,Jul,Dining Room,LIGHT,25.0,5.1,1.0,3.82,30.6,8.01,127.5,Low,Summer,False
619,Apr,Dining_Room,Light,-29.0,3.9,3.0,10.18,81.43,8.0,-339.3,low,Spring,False
18,Jun,,Light,25.0,6.7,1.0,5.03,40.2,7.99,167.5,low,Summer,False
137,Dec, Living Room  ,AC,1983.0,5.4,1.0,321.25,2569.97,8.0,10708.2,HIGH,Winter,True
78,Mar,bedroom,AC,1464.0,7.3,2.0.0,641.23,,,,high,Spring,True
967,May,Kitchen,Light,-27.0,3.9,3.0,9.48,75.82,8.0,-315.9,low,Spring,False
162,Mar,Drawing Room, Light  ,16.0,5.1,3.0,7.34,58.75,8.0,244.8,low,Spring,False
829,Mar,DINING ROOM,,87.0,6.3,2.0,32.89,263.09,8.0,1096.2,medium,Spring,
484,Jul,Dining Room,Fan,59.0,,150.0,58.41,467.28,8.0,,Med,Summer,False
868,,Bedroom,TV,135.0,,2.0,25.92,207.36,8.0,,Medium,,False
519,Apr,Bedroom,Fan,55.0,15.9,2.0,,419760.0,,1749.0,,Spring,False
132,nov,Bathroom,Light,34.0,4.2,2.0,8.57,68.54,8.0,285.6,low,,False
599,Apr,BEDROOM,AC,1048.0,6.3,2.0,396.14,3169.15,8.0,13204.8,high,Spring,True
311,jan,Living Room,Light,36.0,3.5,2.0,7.56,60.48,8.0,252.0,low,,False
642,Apr,Kitchen, Fan  ,62.0,8.4,3.0,46.87,374.98,8.0,1562.4,medium,Spring,False
461,Jan,Bedroom,TV,74.0,-5.9,3.0,39.29,314.35,8.0,-1309.8,Med,Winter,False
572,,Dining Room,Fan,53.0,17.5,1.0,27.82,222.6,8.0,927.5,Medium,,False
614,Oct,Bedroom,TV,140.0,5.5,2.0,46.2,369.6,8.0,1540.0,Medium,Autumn,False
616,March, Dining Room  ,Fan,57.0,15.7,3.0,80.54,644.33,8.0,2684.7,Medium,,False
807,March,Dining_Room,Fan,74.0,9.7,3.0,64.6,516.82,8.0,2153.4,Medium,,False
42,Sep,Dining_Room, Fan  ,57.0,9.2,3.0,,377.57,,1573.2,,Autumn,False
860,May,Kitchen,Fridge,134.0,22.5,2.0,180.9,1447.2,8.0,6030.0,HIGH,Spring,True
261,November, Kitchen  ,Washing Machine,651.0,0.8,2.0,31.25,249.98,8.0,1041.6,Med,,True
616,Apr,Drawing Room,light,22.0,9.8,1.0,,51.74,,215.6,,Spring,False
105,May,DINING ROOM, Fan  ,86.0,14.8,3.0,114.55,916.42,8.0,3818.4,High,Spring,False
503,Oct,DINING ROOM,Fan,80.0,14.6,3.0,105.12,840.96,8.0,3504.0,high,Autumn,False
865,Mar,LIVING ROOM,Fan,89.0,15.4,1.0,41.12,328.94,8.0,1370.6,Med,Spring,False
869,Mar,Living_Room,TV,79.0,300.0,2.0,14.22,113.76,8.0,47400.0,low,Spring,False
251,Dec,,Light,30.0,9.8,3.0,26.46,,,882.0,medium,Winter,False
310,Sep,Bedroom,LIGHT,21.0,8.8,3.0,16.63,133.06,8.0,554.4,low,Autumn,False
666,Nov,Dining Room,Fan,87.0,8.8,3.0,68.9,551.23,8.0,2296.8,Medium,Autumn,False
36,Aug,Bedroom,Heater,879.0,3.6,1.0,94.93,759.46,8.0,3164.4,Medium,Summer,False
469,October,dining room,,37.0,3.2,3.0,10.66,85.25,8.0,355.2,Low,,
482,Apr,drawing room,computer,105.0,4.7,2.0,29.61,236.88,8.0,987.0,Med,Spring,False
979,FEB,Kitchen,washing machine,600.0,1.2,3.0,64.8,518.4,8.0,2160.0,Med,,True
262,January,Living Room, Computer  ,137.0,8.5,1.0,34.94,279.48,8.0,1164.5,medium,,False
747,Nov,bedroom,,867.0,1.1,1.0,28.61,228.89,8.0,953.7,Med,Autumn,
893,mar,Bedroom,COMPUTER,200.0,2.5,1.0,15.0,120.0,8.0,500.0,low,,False
207,Jun, Living Room  ,COMPUTER,247.0,6.8,2.0,100.78,806.21,8.0,3359.2,HIGH,Summer,False
2,Oct,Bathroom,FAN,66.0,12.9,3.0,76.63,613.01,8.0,2554.2,Med,Autumn,False
579,September,Dining Room, Light  ,38.0,4.3,3.0,14.71,117.65,8.0,490.2,Low,,False
478,Jul, Kitchen  ,LIGHT,15.0,5.6,2.0,5.04,40.32,8.0,168.0,low,Summer,False
936,Aug,Dining Room, Fan  ,88.0,16.8,1.0,44.35,354.82,8.0,1478.4,medium,Summer,False
714,Oct, Kitchen  ,Light,11.0,7.0,2.0,4.62,36.96,8.0,154.0,Low,Autumn,False
28,April, Living Room  ,Light,29.0,9.4,1.0,8.18,65.42,8.0,272.6,low,,False
745,May,bedroom,Light,3500.0,6.1,,19.21,153.72,8.0,,Low,Spring,False
351,Aug,bedroom,Computer,317.0,7.3,3.0.0,208.27,1666150.0,7999.95,,High,Summer,False
907,apr, Dining Room  ,fan,90.0,9.1,1.0,24.57,196.56,8.0,819.0,Med,,False
424,nov, Bedroom  ,,1071.0,7.7,3.0,742.2,5937.62,8.0,24740.1,HIGH,,
348,Mar,Bathroom,,40000.0,1.8,3.0,64.8,518.4,8.0,216000.0,Medium,Spring,
141,Feb, Bedroom  ,Light,16.0,,3.0,6.77,54.14,8.0,,Low,Winter,False
250,Nov,KITCHEN,LIGHT,15.0,3.4,3.0.0,4.59,36.72,8.0,,low,Autumn,False
44,, Bathroom  ,Fan,63.0,17.0,1.0,32.13,257.04,8.0,1071.0,Medium,,False
31,Oct, Kitchen  ,fridge,142.0,20.4,3.0,260.71,2085699.9999999998,8000.08,8690.4,High,Autumn,True
446,Feb,Drawing Room,computer,224.0,6.9,,46.37,370.94,8.0,,Med,Winter,False
989,Sep,Bathroom,HEATER,1224.0,3.5,1.0,128.52,1028.16,8.0,4284.0,high,Autumn,False
119,June, Drawing Room  ,Computer,398.0,2.3,2.0,54.92,439.39,8.0,1830.8,medium,,False
786,Aug,kitchen,Light,21.0,5.9,2.0,7.43,59.47,8.0,247.8,low,Summer,False
668,Jan,Drawing Room, Computer  ,233.0,6.2,3.0.0,130.01,1040.11,8.0,,HIGH,Winter,False
715,Feb,Bedroom,Light,10.0,7.3,3.0,6.57,52.56,8.0,219.0,Low,Winter,False
822,,Bedroom, Fan  ,86.0,6.4,3.0,49.54,396.29,8.0,1651.2,Medium,,False
943,January,,Microwave,657.0,0.4,1.0,7.88,63.07,8.0,262.8,low,,True
994,mar, Dining Room  ,light,17.0,-9.7,1.0,4.95,39.58,8.0,-164.9,low,,False
224,Jan,Bedroom,AC,902.0,5.6,3.0,454.61,,,15153.6,High,Winter,True
469,mar,Kitchen,Microwave,613.0,0.4,3.0,22.07,,,735.6,Med,,True
100,Mar,drawing room,Fan,59.0,9.0,1.0,15.93,127.44,8.0,531.0,low,Spring,False
541,Sep,BEDROOM,heater,1186.0,3.2,1.0,113.86,910.85,8.0,3795.2,high,Autumn,False
319,Oct,kitchen,FRIDGE,281.0,22.9,3.0,579.14,4633.13,8.0,19304.7,high,Autumn,True
93,November,living room, AC  ,1042.0,,3.0,881.53,7052.26,8.0,,high,,True
104,, Dining Room  ,Light,26.0,4.7,3.0,11.0,87.98,8.0,366.6,Low,,False
54,Oct,drawing room,AC,1526.0,6.8,2.0,622.61,4980.86,8.0,20753.6,High,Autumn,True
386,January,,COMPUTER,223.0,8.3,1.0,55.53,444.22,8.0,1850.9,Medium,,False
776,aug,Dining Room,Light,21.0,5.2,2.0,6.55,52.42,8.0,218.4,Low,,False
952,May,Dining Room,fan,52.0,13.6,2.0,42.43,339.46,8.0,1414.4,medium,Spring,False
125,Aug,bedroom,heater,1415.0,1.3,1.0,55.19,441.48,8.0,1839.5,Medium,Summer,False
863,Oct,DRAWING ROOM,AC,1512.0,2.6,2.0,235.87,1886.98,8.0,7862.4,high,Autumn,True
222,MAY,Kitchen,,11.0,9.2,3.0,9.11,72.86,8.0,303.6,Low,,
950,Sep,Living Room,tv,67.0,2.4,1.0,4.82,38.59,8.01,160.8,low,Autumn,False
253,September,Living Room,TV,,4.8,3.0,79.92,639.36,8.0,,Med,,False
894,June,Living Room,Light,23.0,8.3,3.0,17.18,137.45,8.0,572.7,low,,False
17,Jan,DRAWING ROOM,,81.0,3.6,3.0,26.24,209.95,8.0,874.8,Medium,Winter,
407,JUL,Living Room,light,10.0,4.1,,2.46,19.68,8.0,,low,,False
716,sep,bedroom,AC,1034.0,3.1,1.0,96.16,769.3,8.0,3205.4,Med,,True
773,Feb,KITCHEN,WASHING MACHINE,488.0,1.4,3.0.0,61.49,491.9,8.0,,medium,Winter,True
52,June,n/a,Fan,80.0,6.5,2.0,31.2,249.6,8.0,1040.0,medium,,False
497,Jul,Drawing Room,Fan,90.0,7.0,2.0,37.8,302.4,8.0,1260.0,Med,Summer,False
889,Apr,Dining Room,Fan,51.0,17.0,1.0,26.01,208.08,8.0,867.0,Medium,Spring,False
489,JAN,Kitchen,Light,32.0,4.8,3.0,13.82,110.59,8.0,460.8,low,,False
 394 ,Apr, Bedroom  ,Heater,1124.0,1.0,2.0,67.44,539.52,8.0,2248.0,Med,Spring,False
537,dec, Drawing Room  ,Computer,397.0,2.7,1.0,32.16,257.26,8.0,1071.9,Med,,False
559,Dec,Drawing Room,TV,18400.0,2.6,1.0,14.35,114.82,8.0,47840.0,Low,Winter,False
930,Jul,BEDROOM,AC,1122.0,7.1,1.0,238.99,1911.89,8.0,7966.2,high,Summer,True
442,Jan,Drawing Room, Light  ,36.0,7.6,1.0,8.21,65.66,8.0,273.6,Low,Winter,False
471,Mar,Bedroom,Fan,52.0,12.2,3.0,57.1,456.77,8.0,1903.2,medium,Spring,False
638,JUL,Dining Room, Light  ,23.0,640.0,3.0,13.25,105.98,8.0,44160.0,Low,,False
654,Jan,Bathroom, Light  ,40.0,5.6,1.0,6.72,53.76,8.0,224.0,Low,Winter,False
579,APR,drawing room,Fan,55.0,16.9,2.0,55.77,446.16,8.0,1859.0,medium,,False
856,Dec,Bathroom, Light  ,11.0,7.4,1.0,2.44,19.54,8.01,81.4,low,Winter,False
310,JUL,Bedroom,Computer,204.0,4.7,1.0.0,28.76,230.11,8.0,,Medium,,False
301,December,Dining Room,light,35.0,8.6,2.0.0,18.06,144.48,8.0,,Low,,False
448,July,Drawing_Room, Computer  ,354.0,6.6,3.0,210.28,1682.21,8.0,7009.2,HIGH,,False
346,Apr,Bedroom,TV,153.0,3.0,3.0.0,41.31,330.48,8.0,,Medium,Spring,False
831,jun,Kitchen, Light  ,32.0,7.7,2.0,14.78,118.27,8.0,492.8,low,,False
949,apr,, Light  ,34.0,4.8,1.0,4.9,39.17,7.99,163.2,Low,,False
461,aug,Kitchen,Light,16.0,3.1,3.0,4.46,35.71,8.01,148.8,low,,False
719,Jul,Kitchen,Fridge,122.0,20.6,3.0,226.19,1809.5,8.0,7539.6,high,Summer,True
314,Apr,living room,Computer,371.0,7.6,1.0,84.59,676.7,8.0,2819.6,Med,Spring,False
805,sep,Dining_Room,Fan,57.0,7.8,2.0,26.68,213.41,8.0,889.2,Med,,False
652,December,kitchen, Fridge  ,,23.5,2.0,212.91,1703.28,8.0,,high,,True
149,Jul,,Fan,76.0,10.9,3.0,74.56,596.45,8.0,2485.2,Med,Summer,False
581,oct,Living Room,Fan,75.0,8.0,1.0,18.0,144.0,8.0,600.0,Low,,False
533,April, Drawing Room  ,AC,1224.0,4.4,2.0,323.14,2585.09,8.0,10771.2,High,,True
465,Jun,Dining Room,Fan,63.0,11.0,3.0,62.37,498.96,8.0,2079.0,Medium,Summer,False
377,Apr, Drawing Room  ,ac,1007.0,5.6,2.0,338.35,2706.82,8.0,11278.4,high,Spring,True
202,feb, Bedroom  ,,291.0,4.4,3.0,115.24,921.89,8.0,3841.2,High,,
885,Jan,Living Room,Fan,85.0,14.2,2.0,72.42,579.36,8.0,2414.0,medium,Winter,False
763,Jun, Living Room  ,FAN,88.0,16.0,2.0,84.48,675.84,8.0,2816.0,Medium,Summer,False
463,sep,Bathroom,Light,30.0,9.8,3.0,26.46,211.68,8.0,882.0,Medium,,False
706,Apr,Drawing_Room,light,30.0,5.5,2.0,9.9,79.2,8.0,330.0,Low,Spring,False
670,Aug,BEDROOM,FAN,57.0,14.8,3.0,75.92,607.39,8.0,2530.8,Med,Summer,False
56,Mar,DRAWING ROOM,Computer,206.0,3.7,1.0,22.87,182.93,8.0,762.2,medium,Spring,False
142,October,LIVING ROOM,TV,141.0,-2.9,3.0,,294.41,,-1226.7,,,False
588,AUG,Drawing Room,Light,-34.0,5.5,3.0.0,16.83,134.64,8.0,,low,,False
491,aug,Bathroom,FAN,76.0,12.4,2.0.0,56.54,452.35,8.0,,Med,,False
129,dec, Bathroom  ,Heater,1239.0,1.3,1.0,48.32,386.57,8.0,1610.7,medium,,False
357,Aug,Living Room,AC,961.0,9.7,3.0,838.95,6711.62,8.0,27965.1,High,Summer,True
441,jan,kitchen,Microwave,698.0,30.0,3.0,18.85,150.77,8.0,62820.0,Low,,True
443,Oct,n/a,مش عارف,85.0,10.0,1.0,25.5,204.0,8.0,850.0,Med,Autumn,False
458,Nov,Bedroom,computer,127.0,6.6,2.0,50.29,402.34,8.0,1676.4,Med,Autumn,False
818,mar,Kitchen,Light,32.0,8.5,1.0,8.16,65.28,8.0,272.0,low,,False
807,Jun,dining room,Fan,86.0,9.3,1.0,23.99,191.95,8.0,799.8,medium,Summer,False
426,May,Dining Room,light,13.0,3.9,2.0,3.04,24.34,8.01,101.4,low,Spring,False
422,March,KITCHEN, Light  ,21.0,9.6,1.0,6.05,48.38,8.0,201.6,Low,,False
59,August,Bedroom,computer,399.0,7.9,1.0,94.56,756.5,8.0,3152.1,Med,,False
995,September, Living Room  ,TV,194.0,2.4,1.0.0,13.97,111.74,8.0,,Low,,False
858,Jun,bedroom,LIGHT,31.0,7.3,1.0,6.79,,,226.3,low,Summer,False
422,April,Drawing Room,Fan,74.0,14.6,2.0,64.82,518.59,8.0,2160.8,Medium,,False
323,Mar,drawing room,FAN,68.0,7.8,2.0,31.82,254.59,8.0,1060.8,Med,Spring,False
561,Nov,Kitchen,Washing Machine,560.0,0.6,3.0,30.24,241.92,8.0,1008.0,medium,Autumn,True
331,Feb,Kitchen,Fridge,202.0,23.4,,141.8,1134.43,8.0,,High,Winter,True
296,AUG,bedroom, Computer  ,295.0,4.2,2.0,74.34,594.72,8.0,2478.0,medium,,False
164,May,Bedroom, Heater  ,1456.0,-,2.0,122.3,978.43,8.0,,HIGH,Spring,False
974,Aug,LIVING ROOM,Computer,314.0,8.6,2.0,162.02,1296.19,8.0,5400.8,high,Summer,False
134,Jun,kitchen,MICROWAVE,874.0,0.2,1.0,5.24,41.95,8.01,174.8,low,Summer,True
531,jun,Drawing Room,Light,40.0,8.9,2.0,21.36,170.88,8.0,712.0,Medium,,False
735,Aug, Bedroom  ,Light,40.0,3.2,3.0,11.52,92.16,8.0,384.0,Low,Summer,False
615,Jun,dining room,Fan,73.0,16.1,2.0,70.52,564.14,8.0,2350.6,Med,Summer,False
713,Jan,Bathroom,Washing Machine,,1.1,3.0,47.72,381.74,8.0,,medium,Winter,True
194,Nov,Bedroom,Fan,70.0,11.7,1.0,24.57,196.56,8.0,819.0,medium,Autumn,False
942,Jul,living room, AC  ,1336.0,2.3,2.0,184.37,1474.94,8.0,6145.6,High,Summer,True
952,Dec,Kitchen,,67.0,13.0,1.0,26.13,209.04,8.0,871.0,Med,Winter,
419,mar,Dining Room,Light,35.0,9.1,3.0,28.66,229.32,8.0,955.5,Medium,,False
186,,Drawing Room, AC  ,1818.0,7.2,2.0,785.38,6283.01,8.0,26179.2,HIGH,,True
676,APR,Drawing_Room,Computer,108.0,7.9,2.0,51.19,409.54,8.0,1706.4,medium,,False
31,not sure,living room,ac,1165.0,3.6,3.0,377.46,3019.68,8.0,12582.0,High,,True
644,Mar,Kitchen,Microwave,1077.0,0.3,2.0,19.39,155.09,8.0,646.2,low,Spring,True
922,June,BEDROOM,Computer,313.0,470.0,2.0,88.27,706.13,8.0,294220.0,medium,,False
109,NOV,Drawing Room,AC,1746.0,9.3,2.0,974.27,7794.14,8.0,32475.6,High,,True
31,aug,Kitchen,WASHING MACHINE,,1.0,2.0,37.2,297.6,8.0,,Med,,True
872,March,DRAWING ROOM,Computer,385.0,7.7,,177.87,1422.96,8.0,,High,,False
367,Mar,Living Room, TV  ,200.0,3.8,2.0,45.6,364.8,8.0,1520.0,Med,Spring,False
967,February,BEDROOM,ac,1696.0,4.9,1.0,249.31,1994.5,8.0,8310.4,high,,True
1000,SEP,Drawing Room,TV,112.0,2.5,2.0,16.8,134.4,8.0,560.0,low,,False
474,November,Drawing Room,Light,34.0,7.8,1.0,7.96,63.65,8.0,265.2,Low,,False
398,n/a,Kitchen,Light,14.0,6.4,3.0.0,8.06,64.51,8.0,,Low,,False
225,?, Bedroom  ,heater,1287.0,3.5,3.0,405.4,3243.24,8.0,13513.5,High,,False
770,May,LIVING ROOM,TV,-88.0,2.4,2.0,12.67,101.38,8.0,-422.4,low,Spring,False
775,jan,DINING ROOM,LIGHT,19.0,6.5,1.0,3.71,29.64,7.99,123.5,Low,,False
406,Mar,DINING ROOM,Fan,63.0,,3.0,64.64,517.1,8.0,,Med,Spring,False
46,jul,kitchen,Fridge,158.0,23.7,1.0,,898.7,,3744.6,,,True
891,Nov,Kitchen,,66.0,11.2,3.0,66.53,532.22,8.0,2217.6,medium,Autumn,
414,Mar,Bathroom,Washing Machine,754.0,1.2,150.0,81.43,651.46,8.0,135720.0,medium,Spring,True
812,Apr, Kitchen  ,MICROWAVE,707.0,0.1,3.0,6.36,50.9,8.0,212.1,low,Spring,True
660,jul, Living Room  ,Computer,131.0,4.3,1.0,16.9,135.19,8.0,563.3,Low,,False
344,December,,tv,85.0,450.0,1.0,11.47,91.8,8.0,38250.0,low,,False
660,June,Living Room,,297.0,4.7,1.0,41.88,335.02,8.0,1395.9,medium,,
324,Oct,Kitchen, Microwave  ,1028.0,,1.0.0,3.08,24.67,8.01,,low,Autumn,True
577,Oct,Living Room,COMPUTER,227.0,3.7,1.0,25.2,201.58,8.0,839.9,Medium,Autumn,False
35,oct,Bedroom,tv,96.0,3.1,2.0,17.86,142850.0,7998.32,595.2,low,,False
228,Sep,bedroom,AC,,6.5,1.0,202.02,1616.16,8.0,,High,Autumn,True
798,Oct,Bedroom,Fan,51.0,15.5,1.0,23.71,189.72,8.0,790.5,medium,Autumn,False
210,Jul, Living Room  ,AC,1769.0,5.2,3.0,827.89,6623.14,8.0,27596.4,HIGH,Summer,True
592,Jul,Bathroom,light,,900.0,3.0,29.16,233.28,8.0,,medium,Summer,False
209,Mar,drawing room,Light,29.0,9.6,3.0,,200.45,,835.2,,Spring,False
483,Oct,, Light  ,30.0,6.5,2.0,11.7,93.6,8.0,390.0,Low,Autumn,False
58,Feb,DRAWING ROOM,fan,78.0,9.8,2.0,45.86,366.91,8.0,1528.8,medium,Winter,False
986,Dec,BEDROOM,AC,1207.0,,2.0,695.23,5561.86,8.0,,High,Winter,True
265,October,,Heater,1500.0,3.7,2.0,333.0,2664.0,8.0,11100.0,high,,False
752,sep,Kitchen, Fridge  ,209.0,19.8,3.0,372.44,2979500.0,7999.95,12414.6,High,,True
974,Mar,,Computer,260.0,2.1,3.0,49.14,393.12,8.0,1638.0,Medium,Spring,False
238,Dec,Bedroom,Unknown,324.0,,1.0,53.46,427.68,8.0,,Med,Winter,False
559,May, Bedroom  ,ac,1403.0,4.7,1.0,0.19782,1582.58,8000.1,6594.1,low,Spring,True
650,October,Drawing Room,Computer,11500.0,,1.0,9.66,77.28,8.0,,Low,,False
858,apr,Bedroom, Computer  ,278.0,6.2,1.0.0,51.71,413.66,8.0,,Medium,,False
688,Apr,BATHROOM,,1364.0,4.0,,327.36,2618.88,8.0,,HIGH,Spring,
509,Sep,Kitchen,MICROWAVE,697.0,0.3,1.0,6.27,50.18,8.0,209.1,low,Autumn,True
380,Mar,dining room,Light,15.0,8.3,1.0,3.74,29.88,7.99,124.5,low,Spring,False
59,February, Kitchen  ,Light,37.0,9.7,1.0,10.77,86.14,8.0,358.9,low,,False
644,nov,BEDROOM,TV,114.0,5.2,2.0,35.57,284.54,8.0,1185.6,Medium,,False
540,,Living Room,AC,922.0,3.3,3.0,273.83,2190.67,8.0,9127.8,High,,True
994,Oct, Bedroom  ,Computer,,4.1,3.0,111.81,894.46,8.0,,HIGH,Autumn,False
996,Jun,Drawing Room, Computer  ,156.0,7.9,1.0,36.97,295.78,8.0,1232.4,Med,Summer,False
980,Feb,Living Room,fan,84.0,8.2,2.0,41.33,330.62,8.0,1377.6,Medium,Winter,False
780,Apr,Bedroom,Computer,-321.0,9.3,1.0.0,89.56,716.47,8.0,,Med,Spring,False
949,Aug,Drawing Room,Light,15.0,6.1,,2.75,21.96,7.99,,low,Summer,False
333,Aug,kitchen,Microwave,860.0,0.2,3.0,15.48,123.84,8.0,516.0,Low,Summer,True
208,Mar, Kitchen  ,LIGHT,37.0,9.3,2.0,20.65,165.17,8.0,688.2,Med,Spring,False
119,Sep,DRAWING ROOM,LIGHT,12.0,6.7,2.0,4.82,38.59,8.01,160.8,Low,Autumn,False
264,Sep,,fan,70.0,15.3,1.0,32.13,257.04,8.0,1071.0,Med,Autumn,False
862,January,Dining Room,LIGHT,10.0,8.0,2.0,0.0048,38.4,8000.0,160.0,Low,,False
214,Feb, Drawing Room  , Computer  ,371.0,2.4,1.0,26.71,213.7,8.0,890.4,Med,Winter,False
700,May,Bedroom,AC,1169.0,,3.0,336.67,2693.38,8.0,,HIGH,Spring,True
573,OCT,Kitchen,WASHING MACHINE,789.0,1.0,2.0,47.34,378.72,8.0,1578.0,Medium,,True
15,Nov,drawing room,computer,,4.2,3.0,100.17,801.36,8.0,,High,Autumn,False
993,Aug,Living Room,Computer,319.0,2.4,3.0,68.9,551.23,8.0,2296.8,Med,Summer,False
487,Mar, Bedroom  ,Computer,196.0,3.8,3.0,,536.26,,2234.4,,Spring,False
893,Sep,living room, AC  ,1947.0,7.7,2.0,899.51,7196.11,8.0,29983.8,HIGH,Autumn,True
473,Feb,Bedroom,Computer,277.0,-5.8,1.0,48.2,385.58,8.0,-1606.6,Medium,Winter,False
422,Oct,living room, AC  ,1134.0,9.5,1.0,323.19,2585.52,8.0,10773.0,High,Autumn,True
545,March,living room,AC,1180.0,5.3,1.0,187.62,1500.96,8.0,6254.0,high,,True
559,Oct,Bathroom,Heater,1090.0,1.4,1.0,45.78,366.24,8.0,1526.0,Med,Autumn,False
966,Jun,Drawing Room,COMPUTER,345.0,7.1,3.0,220.46,1763.64,8.0,7348.5,HIGH,Summer,False
869,,Bathroom,,58.0,11.9,1.0,,165.65,,690.2,,,
591,February,Dining_Room,fan,87.0,14.6,3.0.0,114.32,914.54,8.0,,High,,False
952,Feb,Dining_Room, Fan  ,62.0,12.9,2.0,47.99,383.9,8.0,1599.6,medium,Winter,False
303,Jun,BATHROOM,Heater,1456.0,2.4,2.0,209.66,1677.31,8.0,6988.8,HIGH,Summer,False
866,Dec,BATHROOM, Light  ,13.0,5.4,2.0,4.21,,,140.4,Low,Winter,False
239,jul,Dining Room,FAN,62.0,13.8,1.0,25.67,205.34,8.0,855.6,medium,,False
889,Feb,bathroom,Heater,1485.0,2.3,3.0,307.39,2459.16,8.0,10246.5,high,Winter,False
369,February,Kitchen,Washing Machine,610.0,0.9,2.0,32.94,263.52,8.0,1098.0,Medium,,True
714,February,,,72.0,-,3.0,84.89,679.1,8.0,,medium,,
936,Feb,DRAWING ROOM,TV,125.0,5.2,2.0,39.0,312.0,8.0,1300.0,Medium,Winter,False
88,May,living room,FAN,66.0,6.6,3.0,39.2,313.63,8.0,1306.8,Med,Spring,False
516,Jun,Bathroom,WASHING MACHINE,404.0,1.3,3.0,47.27,378.14,8.0,1575.6,medium,Summer,True
914,May, Bathroom  ,FAN,68.0,16.9,1.0,34.48,275.81,8.0,1149.2,Medium,Spring,False
683,January, Drawing Room  ,COMPUTER,,4.4,3.0.0,148.5,1188.0,8.0,,High,,False
642,May,Living Room,TV,146.0,5.8,3.0,76.21,609.7,8.0,2540.4,Med,Spring,False
699,mar,Living_Room,Computer,175.0,2.6,1.0.0,13.65,109.2,8.0,,low,,False
969,Feb,BATHROOM,Washing Machine,591.0,0.5,2.0,17.73,141.84,8.0,591.0,Low,Winter,True
899,Sep,Living Room,LIGHT,10.0,9.4,3.0.0,8.46,67.68,8.0,,Low,Autumn,False
191,Oct,Bathroom, Washing Machine  ,763.0,1.6,1.0,36.62,292.99,8.0,1220.8,Med,Autumn,True
144,Apr, Drawing Room  ,TV,93.0,5.5,2.0,30.69,245.52,8.0,1023.0,Medium,Spring,False
339,MAR,DINING ROOM,Light,2300.0,5.2,1.0,3.59,,,11960.0,low,,False
670,Aug,Kitchen,WASHING MACHINE,633.0,0.9,1.0,17.09,136.73,8.0,569.7,Low,Summer,True
463,oct,Dining Room,Fan,57.0,6.5,3.0,33.34,266.76,8.0,1111.5,medium,,False
710,May,bedroom,LIGHT,24.0,8.1,2.0,11.66,93.31,8.0,388.8,Low,Spring,False
227,Jul,drawing room,AC,133000.0,2.4,1.0,95.76,766.08,8.0,319200.0,Medium,Summer,True
286,JUL,drawing room,COMPUTER,301.0,9.1,2.0,164.35,1314.77,8.0,5478.2,high,,False
407,Aug,Drawing Room,Fan,50.0,15.4,150.0,69.3,554.4,8.0,115500.0,Med,Summer,False
277,feb,DRAWING ROOM,AC,1927.0,6.7,2.0,774.65,6197.23,8.0,25821.8,High,,True
904,SEP,Dining Room,FAN,76.0,7.9,3.0,54.04,432.29,8.0,1801.2,Medium,,False
802,May, Bedroom  , Fan  ,78.0,11.7,2.0.0,54.76,438.05,8.0,,Medium,Spring,False
318,jun,Living Room,Fan,63.0,13.5,1.0,25.52,204.12,8.0,850.5,medium,,False
611,Jan,Kitchen,LIGHT,26.0,7.8,3.0,18.25,146.02,8.0,608.4,low,Winter,False
260,Mar,Living Room, TV  ,171.0,3.9,1.0,20.01,160.06,8.0,666.9,medium,Spring,False
946,Sep,,light,39.0,5.6,1.0,6.55,52.42,8.0,218.4,Low,Autumn,False
595,apr,LIVING ROOM,Light,40.0,4.3,2.0,10.32,82.56,8.0,344.0,low,,False
297,Mar,Living Room,,105.0,4.4,1.0.0,13.86,110.88,8.0,,Low,Spring,
561,May,Bedroom,Light,36.0,7.8,2.0,16.85,134.78,8.0,561.6,low,Spring,False
61,apr,living room,Light,13.0,6.3,2.0,4.91,39.31,8.01,163.8,low,,False
704,Nov,Bedroom,AC,1563.0,3.6,3.0,506.41,4051.3,8.0,16880.4,High,Autumn,True
564,Sep,Bedroom,Light,35.0,3.7,1.0,3.88,,,129.5,Low,Autumn,False
543,Jun,Drawing_Room,Light,10.0,4.9,3.0.0,4.41,35.28,8.0,,low,Summer,False
62,May,BEDROOM,TV,198.0,4.1,3.0,73.06,584.5,8.0,2435.4,Medium,Spring,False
446,May,,Light,38.0,4.1,1.0,4.67,37.39,8.01,155.8,Low,Spring,False
677,February,,Heater,1340.0,1.9,3.0,229.14,1833.12,8.0,7638.0,HIGH,,False
714,FEB,kitchen,Washing Machine,498.0,1.3,1.0,19.42,155.38,8.0,647.4,Low,,True
600,Sep,Dining Room,Light,37.0,-9.2,3.0,30.64,245.09,8.0,-1021.2,Medium,Autumn,False
537,February,Living Room,AC,1455.0,7.7,1.0,336.11,2688.84,8.0,11203.5,HIGH,,True
36,Apr,Bedroom,,-115.0,3.9,1.0,13.46,107.64,8.0,-448.5,low,Spring,
579,Jan, Dining Room  ,Fan,79.0,12.7,3.0,90.3,722.38,8.0,3009.9,medium,Winter,False
101,Oct,DINING ROOM,Light,10.0,4.4,1.0,1.32,10.56,8.0,44.0,Low,Autumn,False
393,Apr,Bathroom,WASHING MACHINE,425.0,1.5,1.0,19.12,153.0,8.0,637.5,low,Spring,True
904,October,Drawing Room,Computer,,2.1,2.0,34.78,278.21,8.0,,Medium,,False
930,Sep,dining room,light,15.0,9.3,1.0,4.18,33.48,8.01,139.5,Low,Autumn,False
355,Dec,dining room,fan,84.0,10.6,2.0,53.42,427.39,8.0,1780.8,medium,Winter,False
218,Jun,DRAWING ROOM,AC,1796.0,4.9,3.0,792.04,6336.29,8.0,26401.2,high,Summer,True
935,Jan, Kitchen  ,fan,69.0,14.3,3.0,88.8,710420.0,8000.23,2960.1,Med,Winter,False
587,June,Living Room,AC,1405.0,6.7,2.0,564.81,,,18827.0,HIGH,,True
478,July,Kitchen,MICROWAVE,620.0,0.4,1.0,7.44,59.52,8.0,248.0,Low,,True
839,Sep,,Light,19.0,7.2,2.0,8.21,65.66,8.0,273.6,Low,Autumn,False
100,May,Kitchen,Light,21.0,6.6,1.0,4.16,33.26,8.0,138.6,low,Spring,False
980,Dec,N/A,Fan,89.0,8.8,2.0,46.99,375.94,8.0,1566.4,Med,Winter,False
801,May,Bedroom,,28.0,8.8,3.0,22.18,177.41,8.0,739.2,Medium,Spring,
321,Dec,KITCHEN,Washing Machine,420.0,0.9,3.0,34.02,,,1134.0,medium,Winter,True
 807 ,Oct,Bedroom,AC,1608.0,4.8,1.0,231.55,1852.42,8.0,7718.4,high,Autumn,True
572,Dec,KITCHEN,fridge,295.0,20.3,3.0,538.97,4311.72,8.0,17965.5,HIGH,Winter,True
675,Aug,Dining Room,Light,27.0,8.0,3.0,19.44,155.52,8.0,648.0,low,Summer,False
119,oct,Kitchen,Light,38.0,4.9,3.0,16.76,134.06,8.0,558.6,low,,False
332,Jul,bedroom,Fan,70.0,13.8,1.0,28.98,231.84,8.0,966.0,medium,Summer,False
606,September,Dining_Room,Fan,55.0,17.8,2.0,58.74,469.92,8.0,1958.0,Med,,False
917,March, Drawing Room  ,Light,14.0,9.8,2.0,8.23,65.86,8.0,274.4,Low,,False
275,Oct, Bedroom  ,AC,1846.0,6.8,3.0,1129.75,9038.02,8.0,37658.4,high,Autumn,True
544,Jul,BEDROOM,TV,88.0,5.6,3.0,44.35,354.82,8.0,1478.4,medium,Summer,False
377,JUL,Bedroom,TV,120.0,,1.0,15.12,120.96,8.0,,low,,False
25,Sep,Dining Room,light,28.0,8.3,3.0,20.92,167.33,8.0,697.2,medium,Autumn,False
274,May,Bedroom,Computer,289.0,7.3,3.0,189.87,1518.98,8.0,6329.1,High,Spring,False
583,April,Bedroom,Computer,316.0,5.3,1.0,50.24,401.95,8.0,1674.8,Med,,False
406,feb,Bedroom,heater,1332.0,1.6,3.0,191.81,1534.46,8.0,6393.6,high,,False
860,dec,Dining Room,light,24.0,5.1,3.0.0,11.02,88.13,8.0,,Low,,False
935,feb,Kitchen,Washing Machine,756.0,1.9,1.0,43.09,344.74,8.0,1436.4,Med,,True
407,Sep,living room,AC,1850.0,6.2,1.0,344.1,2752.8,8.0,11470.0,high,Autumn,True
 286 ,May,Bedroom,Light,33.0,3.2,1.0,3.17,25.34,7.99,105.6,Low,Spring,False
274,Mar,Drawing_Room,COMPUTER,360.0,-5.8,3.0,187.92,1503.36,8.0,-6264.0,high,Spring,False
364,Nov,Bedroom,Fan,70.0,15.7,2.0,65.94,527.52,8.0,2198.0,medium,Autumn,False
610,Apr,Dining_Room,Fan,63.0,640.0,3.0,36.29,290.3,8.0,120960.0,Med,Spring,False
602,Jan,DRAWING ROOM,AC,107200.0,3.8,2.0,244.42,1955.33,8.0,814720.0,high,Winter,True
396,Feb,Bathroom,Heater,unknown,3.7,1.0.0,130.31,1042.51,8.0,,high,Winter,False
399,Sep,bedroom,Heater,1227.0,2.6,2.0,,1531.3,,6380.4,,Autumn,False
163,Mar,Drawing Room,TV,152.0,5.2,1.0,,189.7,,790.4,,Spring,False
368,Sep, Bedroom  ,TV,161.0,2.2,2.0,21.25,170.02,8.0,708.4,Med,Autumn,False
346,October,Living Room,TV,62.0,3.5,2.0,,104.16,,434.0,,,False
179,sep,Living Room,COMPUTER,231.0,890.0,1.0,61.68,493.42,8.0,205590.0,Med,,False
254,sep,Drawing Room,COMPUTER,223.0,5.7,2.0,76.27,610.13,8.0,2542.2,medium,,False
722,dec,Kitchen,Microwave,981.0,0.5,3.0,44.15,353.16,8.0,1471.5,Med,,True
125,Aug,bedroom,heater,1415.0,1.3,1.0,55.19,441.48,8.0,1839.5,Med,Summer,False
382,Oct, Bathroom  ,Washing Machine,503.0,1.4,,63.38,507.02,8.0,,medium,Autumn,True
936,October,Living Room, Computer  ,344.0,8.2,1.0,84.62,676.99,8.0,2820.8,medium,,False
478,Nov,living room,Light,23.0,4.4,3.0,9.11,72.86,8.0,303.6,Low,Autumn,False
583,may, Bedroom  ,TV,162.0,4.0,2.0,38.88,311.04,8.0,1296.0,Medium,,False
981,Jul,Kitchen,Fridge,163.0,18.4,2.0,179.95,1439.62,8.0,5998.4,High,Summer,True
344,aug,,FAN,53.0,15.5,3.0,,591.48,,2464.5,,,False
369,Aug,Drawing Room,Computer,354.0,7.5,2.0,159.3,1274.4,8.0,5310.0,high,Summer,False
360,Feb,Drawing_Room,AC,921.0,5.0,3.0,414.45,3315.6,8.0,13815.0,high,Winter,True
 697 ,Aug,Bathroom,Washing_Machine,728.0,0.7,3.0,45.86,366.91,8.0,1528.8,Med,Summer,True
93,Feb,Living Room,Fan,unknown,13.6,1.0,21.22,169.73,8.0,,Medium,Winter,False
229,may, Kitchen  ,Fridge,208.0,19.8,2.0,247.1,1976.83,8.0,8236.8,High,,True
787,aug,bathroom,Light,38.0,5.8,1.0,6.61,52.9,8.0,220.4,Low,,False
69,Aug,Bathroom, Heater  ,981.0,1.4,3.0,,988.85,,4120.2,,Summer,False
347,Jul,Kitchen,Washing Machine,704.0,1.6,2.0.0,67.58,540.67,8.0,,medium,Summer,True
188,February,LIVING ROOM,light,32.0,9.0,3.0,25.92,207.36,8.0,864.0,Medium,,False
996,November,Living Room,Fan,75.0,12.0,3.0,81.0,648.0,8.0,2700.0,Med,,False
649,Apr,DINING ROOM,Light,1200.0,6.9,1.0,2.48,19.87,8.01,8280.0,low,Spring,False
672,Nov,Living_Room,Fan,60.0,10.2,1.0,18.36,146.88,8.0,612.0,low,Autumn,False
276,oct,Living Room,TV,107.0,3.1,3.0,29.85,,,995.1,Med,,False
919,Apr,KITCHEN,Fridge,291.0,,2.0,363.17,2905.34,8.0,,High,Spring,True
729,Jul, Bathroom  ,Heater,1296.0,3.6,2.0,279.94,2239.49,8.0,9331.2,high,Summer,False
895,jul,Kitchen,Fan,56.0,17.9,1.0,30.07,240.58,8.0,1002.4,Medium,,False
553,Dec,bathroom,Washing_Machine,468.0,0.9,3.0,37.91,303.26,8.0,1263.6,Med,Winter,True
647,Aug,Dining_Room,Fan,63.0,15.3,2.0,57.83,462.67,8.0,1927.8,medium,Summer,False
863,JAN,Living Room,fan,81.0,9.6,,23.33,186.62,8.0,,Med,,False
363,oct,Bedroom,AC,1906.0,9.1,1.0,520.34,4162.7,8.0,17344.6,High,,True
183,FEB, Living Room  ,TV,106.0,3.7,1.0,11.77,94.13,8.0,392.2,low,,False
584,Sep,Living_Room,Light,38.0,9.5,3.0,32.49,259.92,8.0,1083.0,Med,Autumn,False
460,June,dining room,Fan,80.0,6.6,3.0,47.52,380.16,8.0,1584.0,Med,,False
632,Aug,Drawing Room,Computer,144.0,6.8,1.0.0,29.38,235.01,8.0,,Medium,Summer,False
281,Apr,drawing room,AC,1277.0,9.9,2.0,758.54,6068.3,8.0,25284.6,High,Spring,True
46,July,BATHROOM,FAN,85.0,17.0,2.0,86.7,693.6,8.0,2890.0,Medium,,False
185,January,Kitchen, Washing Machine  ,606.0,1.7,2.0.0,61.81,494.5,8.0,,medium,,True
503,dec, Living Room  ,Computer,172.0,3.9,1.0,20.12,160.99,8.0,670.8,Medium,,False
554,Feb,Living Room,Light,18.0,,1.0,3.62,28.94,7.99,,low,Winter,False
815,Oct,Living_Room,TV,179.0,5.5,2.0,59.07,472.56,8.0,1969.0,Med,Autumn,False
360,Oct,BATHROOM,fan,61.0,16.1,2.0,58.93,471.41,8.0,1964.2,medium,Autumn,False
864,Sep,Drawing Room,Fan,,14.2,3.0,69.01,552.1,8.0,,medium,Autumn,False
161,may,Bedroom,AC,1745.0,9.0,1.0,471.15,3769.2,8.0,15705.0,HIGH,,True
559,Apr, Dining Room  , Fan  ,68.0,9.0,1.0,18.36,146.88,8.0,612.0,low,Spring,False
65,Jul,Drawing Room,TV,162.0,3.6,3.0,52.49,419.9,8.0,1749.6,Med,Summer,False
456,Jul,DRAWING ROOM,LIGHT,39.0,5.3,1.0,6.2,49.61,8.0,206.7,Low,Summer,False
678,Oct,Bedroom,TV,80.0,2.5,2.0,12.0,96.0,8.0,400.0,low,Autumn,False
642,June, Kitchen  ,Microwave,1080.0,0.1,1.0,3.24,25.92,8.0,108.0,Low,,True
4,Feb,Kitchen,light,3900.0,4.5,3.0,15.79,126.36,8.0,52650.0,Low,Winter,False
255,Apr,KITCHEN,Fridge,293.0,22.9,1.0,201.29,1610.33,8.0,6709.7,High,Spring,True
373,Jan, Bedroom  , AC  ,1623.0,,2.0,311.62,2492.93,8.0,,High,Winter,True
435,October,Living_Room,fan,75.0,15.0,2.0,67.5,540.0,8.0,2250.0,Medium,,False
973,Jan,Dining Room,FAN,81.0,7.4,2.0,35.96,287.71,8.0,1198.8,medium,Winter,False
525,N/A,Dining Room,FAN,63.0,17.9,2.0,67.66,541.3,8.0,2255.4,Med,,False
521,October,Drawing Room, AC  ,1631.0,9.5,3.0,1394.51,11156.04,8.0,46483.5,high,,True
945,dec,Bathroom, Fan  ,79.0,17.8,3.0,126.56,1012.46,8.0,4218.6,High,,False
407,Jun,Bathroom,,1280.0,1.4,2.0.0,107.52,860.16,8.0,,HIGH,Summer,
540,nov, Living Room  ,TV,112.0,5.6,3.0,56.45,451.58,8.0,1881.6,medium,,False
754,Jul,BEDROOM,TV,90.0,3.6,2.0,19.44,155.52,8.0,648.0,Low,Summer,False
668,Aug,Drawing_Room,Computer,298.0,9.1,2.0,162.71,1301.66,8.0,5423.6,HIGH,Summer,False
543,Aug,Bedroom, Heater  ,1061.0,1.6,2.0,101.86,814.85,8.0,3395.2,HIGH,Summer,False
872,Sep,Bathroom,Light,22.0,7.5,2.0,9.9,79.2,8.0,330.0,low,Autumn,False
195,Nov,Kitchen, Microwave  ,761.0,0.3,2.0,13.7,109.58,8.0,456.6,Low,Autumn,True
526,Dec,Bathroom, Light  ,14.0,9.5,2.0,7.98,63.84,8.0,266.0,Low,Winter,False
246,mar,drawing room,Computer,352.0,5.8,1.0,61.25,489.98,8.0,2041.6,medium,,False
910,jun,Drawing Room,,135.0,4.9,1.0,19.84,158.76,8.0,661.5,Low,,
488,Feb,Drawing Room,AC,1853.0,6.5,3.0,1084.01,8672.04,8.0,36133.5,high,Winter,True
406,October, Dining Room  ,light,24.0,6.5,2.0,9.36,74.88,8.0,312.0,Low,,False
543,Jan,LIVING ROOM,Computer,241.0,9.0,2.0,130.14,1041.12,8.0,4338.0,high,Winter,False
695,Aug,Kitchen,FAN,61.0,16.1,3.0,88.39,707.11,8.0,2946.3,Med,Summer,False
707,Dec,Bedroom,computer,220.0,9.0,1.0,59.4,475.2,8.0,1980.0,Medium,Winter,False
264,Sep,Bedroom,heater,889.0,2.9,1.0,77.34,618.74,8.0,2578.1,Med,Autumn,False
318,Apr, Living Room  , Fan  ,87.0,8.6,2.0,44.89,359.14,8.0,1496.4,Medium,Spring,False
13,July,Dining Room,Light,12.0,,1.0,1.22,9.79,8.02,,Low,,False
426,December,Dining Room,LIGHT,18.0,-8.4,,4.54,36.29,7.99,,low,,False
443,,Bedroom,AC,N/A,3.1,3.0.0,313.32,2506.54,8.0,,High,,True
623,Jun,Drawing Room,Fan,83.0,9.9,2.0,49.3,394.42,8.0,1643.4,medium,Summer,False
934,Nov,DRAWING ROOM,Fan,84.0,10.0,3.0,75.6,604.8,8.0,2520.0,medium,Autumn,False
180,April,Bedroom,TV,107.0,3.9,2.0,25.04,200.3,8.0,834.6,medium,,False
266,February,Bedroom,light,40.0,8.2,1.0,9.84,78.72,8.0,328.0,Low,,False
819,May,Bedroom,AC,-1841.0,8.8,3.0,1458.07,11664.58,8.0,-48602.4,high,Spring,True
707,Jan,LIVING ROOM,TV,179.0,4.4,3.0,70.88,567.07,8.0,2362.8,Med,Winter,False
453,Jun,KITCHEN,Fridge,159.0,21.1,1.0,0.10065,805.18,7999.8,3354.9,Low,Summer,True
363,May,Bathroom,Light,2800.0,7.5,2.0,12.6,100.8,8.0,42000.0,low,Spring,False
216,July,,LIGHT,10.0,3.4,3.0,3.06,24.48,8.0,102.0,Low,,False
647,dec, Drawing Room  ,Fan,76.0,13.0,3.0,88.92,711.36,8.0,2964.0,medium,,False
 965 ,Sep,Bedroom,AC,1996.0,9.7,3.0,1742.51,13940.06,8.0,58083.6,HIGH,Autumn,True
342,September,BEDROOM, Fan  ,52.0,12.1,3.0,56.63,453.02,8.0,1887.6,Medium,,False
41,Dec,Drawing Room, Fan  ,53.0,12.2,3.0,58.19,465.55,8.0,1939.8,medium,Winter,False
2,Jun,Drawing Room,Light,21.0,8.8,3.0,16.63,133.06,8.0,554.4,low,Summer,False
617,September,BEDROOM,Computer,188.0,9.9,1.0,55.84,,,1861.2,medium,,False
222,Jan,KITCHEN,,724.0,0.5,2.0,,173.76,,724.0,,Winter,
730,Jul,Bedroom,TV,125.0,4.0,1.0,15.0,120.0,8.0,500.0,Low,Summer,False
638,Feb,dining room,LIGHT,35.0,6.3,3.0,19.84,158.76,8.0,661.5,low,Winter,False
784,jan,bathroom,light,40.0,3.8,1.0,4.56,36.48,8.0,152.0,Low,,False
344,Apr,drawing room,TV,172.0,2.1,3.0,32.51,260.06,8.0,1083.6,Medium,Spring,False
422,aug,Living Room,Light,22.0,9.4,2.0.0,12.41,99.26,8.0,,low,,False
856,January,,Computer,,6.8,2.0,97.92,783.36,8.0,,medium,,False
404,Dec,Bedroom, Heater  ,1304.0,1.3,2.0,101.71,813.7,8.0,3390.4,High,Winter,False
170,mar,Bedroom,Computer,303.0,4.9,2.0,89.08,712.66,8.0,2969.4,Med,,False
565,Mar,Bedroom,light,14.0,9.5,1.0,3.99,31.92,8.0,133.0,low,Spring,False
831,October,Kitchen,,40.0,8.2,2.0,19.68,157.44,8.0,656.0,low,,
380,Feb,Dining Room,FAN,54.0,13.6,2.0,44.06,352.51,8.0,1468.8,Med,Winter,False
297,October,Bedroom,Light,2500.0,9.7,2.0,14.55,116.4,8.0,48500.0,Low,,False
864,October,bathroom, Heater  ,916.0,2.2,3.0,181.37,1450.94,8.0,6045.6,high,,False
629,jul, Living Room  ,AC,945.0,10.0,1.0,283.5,2268.0,8.0,9450.0,HIGH,,True
224,Nov,Dining Room, Fan  ,88.0,13.4,2.0,70.75,566.02,8.0,2358.4,medium,Autumn,False
9,October,, Fan  ,89.0,14.4,3.0,115.34,922.75,8.0,3844.8,High,,False
506,April,Living Room,Fan,85.0,9.7,3.0,74.2,593.64,8.0,2473.5,Med,,False
280,Sep,Kitchen,washing machine,513.0,1.3,3.0,60.02,480.17,8.0,2000.7,Med,Autumn,True
104,Apr,Kitchen,Fridge,131.0,22.0,3.0,259.38,2075.04,8.0,8646.0,HIGH,Spring,True
38,?,dining room,Light,25.0,5.4,3.0,12.15,97.2,8.0,405.0,low,,False
847,Nov,Bedroom,Light,10.0,8.2,1.0,2.46,19.68,8.0,82.0,Low,Autumn,False
730,Apr,BEDROOM,Light,13.0,,3.0,5.5,43.99,8.0,,Low,Spring,False
457,,living room,TV,113.0,3.9,2.0,26.44,211.54,8.0,881.4,Medium,,False
375,Apr,KITCHEN, Washing Machine  ,535.0,0.6,2.0,19.26,154.08,8.0,642.0,low,Spring,True
290,Sep,Dining Room,Fan,75.0,14.9,1.0,33.52,268.2,8.0,1117.5,medium,Autumn,False
69,nov,BATHROOM,Fan,54.0,13.0,1.0,21.06,168.48,8.0,702.0,medium,,False
203,Dec,bathroom, Heater  ,1069.0,2.6,1.0,83.38,667.06,8.0,2779.4,Med,Winter,False
796,Feb,Kitchen,Fridge,185.0,22.0,2.0.0,244.2,1953.6,8.0,,high,Winter,True
344,Mar,Bedroom,AC,906.0,8.0,1.0,217.44,1739.52,8.0,7248.0,High,Spring,True
378,Dec,DRAWING ROOM,AC,950.0,9.4,3.0,803.7,6429.6,8.0,26790.0,HIGH,Winter,True
733,Jun,Living Room, AC  ,1815.0,5.7,3.0,931.1,7448.76,8.0,31036.5,High,Summer,True
534,Dec,Bedroom,TV,71.0,2.4,1.0,5.11,40.9,8.0,170.4,Low,Winter,False
10,Mar,DRAWING ROOM,Computer,255.0,6.0,100.0,91.8,734.4,8.0,153000.0,Medium,Spring,False
752,February, Kitchen  ,Light,32.0,4.7,2.0,9.02,72.19,8.0,300.8,low,,False
632,Mar,Dining Room,Light,34.0,7.2,1.0,7.34,58.75,8.0,244.8,low,Spring,False
858,Oct,Living Room,light,17.0,9.6,1.0,4.9,39.17,7.99,163.2,Low,Autumn,False
338,Apr,Drawing Room,Fan,55.0,8.9,2.0,29.37,,,979.0,medium,Spring,False
810,Apr,LIVING ROOM,ac,1639.0,8.2,1.0,403.19,3225.55,8.0,13439.8,HIGH,Spring,True
732,Feb,Kitchen,WASHING MACHINE,700.0,0.9,2.0,37.8,302.4,8.0,1260.0,Medium,Winter,True
676,oct,Drawing Room,COMPUTER,304.0,-8.1,3.0,221.62,1772.93,8.0,-7387.2,high,,False
86,Feb,, Light  ,35.0,9.2,2.0,19.32,154.56,8.0,644.0,low,Winter,False
962,Dec,BEDROOM,HEATER,1166.0,2.1,2.0,146.92,1175.33,8.0,4897.2,High,Winter,False
329,May,Living Room, Fan  ,67.0,8.2,2.0,32.96,263.71,8.0,1098.8,Med,Spring,False
498,Jul,Bathroom,Light,15.0,5.8,2.0,5.22,41.76,8.0,174.0,low,Summer,False
200,May, Living Room  ,Fan,90.0,,1.0,21.06,168.48,8.0,,Med,Spring,False
478,Nov, Bedroom  ,AC,1489.0,4.1,2.0,366.29,2930.35,8.0,12209.8,high,Autumn,True
484,Jun,Bedroom,Fan,62.0,14.3,1.0,26.6,212.78,8.0,886.6,Medium,Summer,False
873,DEC,bedroom,COMPUTER,271.0,6.2,150.0,151.22,1209740.0,7999.87,252030.0,HIGH,,False
163,Dec, Kitchen  , Microwave  ,1010.0,0.4,3.0,36.36,290.88,8.0,1212.0,medium,Winter,True
728,Mar,Kitchen,Microwave,1002.0,0.5,1.0,15.03,120.24,8.0,501.0,low,Spring,True
447,Feb, Kitchen  ,Washing Machine,496.0,0.9,1.0,13.39,107.14,8.0,446.4,low,Winter,True
675,may,Kitchen,Fridge,137.0,18.9,3.0,233.04,1864.3,8.0,7767.9,High,,True
795,Jun,Drawing Room,TV,95.0,-2.1,,11.97,95.76,8.0,,low,Summer,False
550,Sep,Kitchen,Fridge,259.0,21.9,2.0,340.33,2722.61,8.0,11344.2,HIGH,Autumn,True
550,Jan,Bathroom,fan,66.0,1320.0,2.0,52.27,418.18,8.0,174240.0,medium,Winter,False
709,APR,Kitchen,FRIDGE,128.0,20.7,2.0,158.98,1271.81,8.0,5299.2,HIGH,,True
487,Feb,Bedroom,AC,1463.0,8.9,3.0,1171.86,9374.9,8.0,39062.1,HIGH,Winter,True
902,Jan,Dining Room,fan,69.0,13.0,2.0,53.82,430.56,8.0,1794.0,Med,Winter,False
488,April,drawing room, Fan  ,66.0,7.6,1.0,15.05,120.38,8.0,501.6,Low,,False
744,Jul,BATHROOM,FAN,,,1.0,43.82,350.59,8.0,,medium,Summer,False
722,Oct,Bedroom,Computer,118.0,4.1,2.0,29.03,232.22,8.0,967.6,Med,Autumn,False
495,Mar,living room,LIGHT,25.0,3.4,2.0,5.1,40.8,8.0,170.0,Low,Spring,False
184,Jul,,AC,1873.0,3.7,1.0,207.9,1663.22,8.0,6930.1,High,Summer,True
742,Feb, Living Room  ,Light,10.0,,2.0,4.02,32.16,8.0,,low,Winter,False
514,Jul,kitchen,Washing Machine,557.0,1.2,2.0,40.1,320.83,8.0,1336.8,Medium,Summer,True
255,June,bedroom,TV,140.0,2.4,3.0,30.24,241.92,8.0,1008.0,medium,,False
561,Aug,Dining Room,fan,82.0,9.4,3.0,69.37,554.98,8.0,2312.4,medium,Summer,False
756,September,BEDROOM,fan,54.0,13.9,3.0,67.55,540.43,8.0,2251.8,Medium,,False
121,Feb,Bedroom,ac,1382.0,8.0,2.0,663.36,5306.88,8.0,22112.0,HIGH,Winter,True
649,September,Drawing Room, AC  ,1943.0,9.0,3.0,1573.83,12590.64,8.0,52461.0,high,,True
860,Sep,Kitchen,Microwave,726.0,0.1,1.0.0,2.18,17.42,7.99,,low,Autumn,True
820,feb, Bathroom  , Heater  ,901.0,2.7,3.0,218.94,1751.54,8.0,7298.1,HIGH,,False
338,November,Drawing Room,COMPUTER,250.0,2.6,1.0,19.5,156.0,8.0,650.0,Low,,False
394,Dec,Kitchen,Fan,-63.0,16.7,2.0,63.13,505.01,8.0,-2104.2,medium,Winter,False
942,Aug,Living Room,AC,1245.0,5.9,2.0.0,440.73,3525.84,8.0,,HIGH,Summer,True
787,Jun, Kitchen  ,Fridge,260.0,1870.0,1.0,145.86,1166.88,8.0,486200.0,High,Summer,True
971,Jun,Bedroom,TV,128.0,4.8,1.0.0,18.43,,,,low,Summer,False
897,May,living room,AC,1363.0,5.5,3.0,674.68,5397.48,8.0,22489.5,high,Spring,True
418,Oct,KITCHEN,Microwave,1121.0,0.5,1.0,16.82,134.52,8.0,560.5,low,Autumn,True
368,May, Bedroom  ,AC,1695.0,7.2,1.0,366.12,2928.96,8.0,12204.0,high,Spring,True
568,Jul, Dining Room  ,Light,36.0,5.8,3.0,18.79,150.34,8.0,626.4,Low,Summer,False
559,Feb,kitchen, Fan  ,82.0,7.7,3.0,56.83,454.61,8.0,1894.2,medium,Winter,False
 400 ,jan,Drawing Room,TV,73.0,2.4,1.0,5.26,42.05,7.99,175.2,Low,,False
892,Apr,drawing room,Light,13.0,8.8,2.0,6.86,54.91,8.0,228.8,low,Spring,False
96,Aug,Living Room,AC,1487.0,8.8,3.0,1177.7,9421.63,8.0,39256.8,High,Summer,True
360,Oct,Dining Room,FAN,61.0,11.5,2.0,42.09,336.72,8.0,1403.0,Med,Autumn,False
514,may,Drawing_Room,Computer,227.0,,3.0,149.14,1193.11,8.0,,HIGH,,False
323,Jul,Kitchen,Light,16.0,7.6,1.0,3.65,29.18,7.99,121.6,Low,Summer,False
28,Aug,DRAWING ROOM,Computer,399.0,5.6,,134.06,1072.51,8.0,,high,Summer,False
182,October,Living Room,tv,107.0,5.4,3.0,52.0,416.02,8.0,1733.4,Med,,False
822,April,Drawing Room,AC,1074.0,4.0,3.0,386.64,3093.12,8.0,12888.0,HIGH,,True
724,April,DRAWING ROOM,light,27.0,3.8,2.0,0.0061600000000000005,49.25,7995.13,205.2,Low,,False
939,Mar,Bedroom,TV,104.0,3.4,2.0,21.22,169.73,8.0,707.2,Med,Spring,False
716,JUL,Living Room,TV,181.0,4.2,1.0,22.81,182.45,8.0,760.2,medium,,False
708,jul,Drawing Room,AC,1083.0,3.0,1.0,97.47,779.76,8.0,3249.0,medium,,True
422,Jul, Drawing Room  ,Fan,90.0,13.6,3.0,110.16,881.28,8.0,3672.0,High,Summer,False
662,Dec,Drawing Room,ac,1852.0,3.1,1.0,172.24,1377.89,8.0,5741.2,High,Winter,True
950,Nov, Bedroom  ,HEATER,942.0,1.2,1.0,33.91,271.3,8.0,1130.4,Medium,Autumn,False
433,Jan,kitchen, Washing Machine  ,442.0,1.6,1.0,21.22,169.73,8.0,707.2,Med,Winter,True
521,Dec,Kitchen,FAN,83.0,15.4,1.0,38.35,306.77,8.0,1278.2,Med,Winter,False
103,May,BATHROOM,Light,26.0,8.8,3.0,20.59,164.74,8.0,686.4,Med,Spring,False
648,Oct,Living Room,Fan,51.0,,3.0,79.41,635.26,8.0,,medium,Autumn,False
264,Aug,Bathroom,Fan,63.0,13.7,3.0,77.68,621.43,8.0,2589.3,Medium,Summer,False
621,May,Bedroom,Light,12.0,3.6,1.0.0,,10.37,,,,Spring,False
724,Jun,BATHROOM, Heater  ,1120.0,1.4,1.0,47.04,376.32,8.0,1568.0,medium,Summer,False
448,May,BATHROOM,Light,34.0,6.7,2.0,13.67,109.34,8.0,455.6,low,Spring,False
340,May,Living Room,Fan,74.0,12.9,1.0,28.64,229.1,8.0,954.6,medium,Spring,False
675,,kitchen,unknown,63.0,17.9,2.0.0,67.66,541.3,8.0,,Medium,,False
915,Aug,Bathroom,Heater,1200.0,2.4,3.0,259.2,2073.6,8.0,8640.0,high,Summer,False
567,Dec,Kitchen,FAN,88.0,16.9,3.0,133.85,1070780.0,7999.85,4461.6,HIGH,Winter,False
250,Jan, Living Room  ,LIGHT,17.0,-5.7,2.0,5.81,46.51,8.01,-193.8,low,Winter,False
630,Nov,BEDROOM,fan,82.0,13.8,3.0,101.84,814.75,8.0,3394.8,high,Autumn,False
778,April,Bathroom,Heater,1343.0,3.8,3.0,459.31,3674.45,8.0,15310.2,High,,False
638,JAN,Living Room,TV,91.0,5.4,2.0,29.48,235.87,8.0,982.8,medium,,False
56,November,kitchen,FRIDGE,230.0,22.4,1.0,154.56,1236.48,8.0,5152.0,high,,True
11,Feb,Drawing_Room,TV,96.0,5.4,1.0,15.55,124.42,8.0,518.4,low,Winter,False
489,Nov,Bedroom,AC,-989.0,6.1,1.0,180.99,1447.9,8.0,-6032.9,High,Autumn,True
309,May,Bedroom,TV,105.0,5.4,3.0,51.03,408.24,8.0,1701.0,Med,Spring,False
78,Jul,Bathroom,Fan,74.0,,1.0,33.08,264.62,8.0,,Medium,Summer,False
551,January,Bedroom,Fan,64.0,12.5,3.0,72.0,576.0,8.0,2400.0,medium,,False
242,Oct,Bathroom,light,12.0,7.7,3.0,8.32,66.53,8.0,277.2,Low,Autumn,False
872,Aug,Living Room,Computer,156.0,3.3,1.0,15.44,123.55,8.0,514.8,Low,Summer,False
782,Feb, Living Room  , Fan  ,55.0,14.9,2.0,49.17,393.36,8.0,1639.0,Med,Winter,False
121,Dec,LIVING ROOM,Computer,342.0,9.3,2.0,190.84,1526.69,8.0,6361.2,High,Winter,False
485,Jan,living room,FAN,52.0,7.0,150.0,32.76,262.08,8.0,54600.0,medium,Winter,False
81,Mar,bedroom,LIGHT,35.0,8.0,2.0,16.8,134.4,8.0,560.0,low,Spring,False
274,n/a,Bedroom,AC,1408.0,9.4,2.0,,6352.9,,26470.4,,,True
346,Jul,Living Room,TV,181.0,2.5,3.0,40.73,325.8,8.0,1357.5,Med,Summer,False
951,April,Dining Room,LIGHT,18.0,4.4,1.0,2.38,19.01,7.99,79.2,Low,,False
454,Jan,Kitchen,washing machine,-698.0,1.0,2.0,41.88,335.04,8.0,-1396.0,Med,Winter,True
44,, Living Room  , Fan  ,83.0,15.8,1.0,39.34,314.74,8.0,1311.4,Med,,False
633,Sep, Dining Room  ,LIGHT,34.0,4.4,1.0.0,4.49,35.9,8.0,,Low,Autumn,False
790,September, Living Room  ,Computer,336.0,6.6,3.0,199.58,1596.67,8.0,6652.8,high,,False
136,Jan,Kitchen,Fridge,?,21.8,2.0,180.5,1444.03,8.0,,HIGH,Winter,True
58,Jan,Kitchen,light,38.0,3.6,2.0,8.21,65.66,8.0,273.6,Low,Winter,False
696,June,living room,fan,77.0,13.7,2.0,63.29,506.35,8.0,2109.8,medium,,False
874,Aug,Bathroom,Washing Machine,487.0,1.1,3.0,48.21,385.7,8.0,1607.1,Medium,Summer,True
613,jul,kitchen,Light,32.0,4.7,3.0,13.54,108.29,8.0,451.2,Low,,False
470,Oct,Kitchen,FRIDGE,282.0,23.7,3.0,601.51,4812.05,8.0,20050.2,HIGH,Autumn,True
726,Mar,living room,,-63.0,16.3,2.0,61.61,492.91,8.0,-2053.8,Medium,Spring,
839,November,Drawing Room,مش عارف,1173.0,7.4,1.0,260.41,2083.25,8.0,8680.2,High,,False
140,January, Drawing Room  , Light  ,15.0,6.0,2.0,5.4,,,180.0,Low,,False
262,feb,Drawing Room,AC,1971.0,7.1,2.0,839.65,6717.17,8.0,27988.2,HIGH,,True
494,Jan,Dining Room, Light  ,24.0,7.3,1.0,5.26,42.05,7.99,175.2,Low,Winter,False
708,Sep,drawing room,Fan,87.0,,3.0,82.22,657.72,8.0,,medium,Autumn,False
554,FEB,Bedroom,Light,22.0,9.1,3.0,18.02,144.14,8.0,600.6,Low,,False
829,November,Drawing_Room,Computer,376.0,6.5,1.0,73.32,586.56,8.0,2444.0,Med,,False
714,Apr, Living Room  ,Computer,140.0,3.9,2.0,32.76,262.08,8.0,1092.0,Med,Spring,False
320,Mar,Living Room,TV,95.0,3.9,3.0,33.34,266.76,8.0,1111.5,medium,Spring,False
560,NOV,,Microwave,1120.0,0.4,2.0,26.88,215.04,8.0,896.0,Medium,,True
387,Jun, Drawing Room  ,TV,182.0,5.5,1.0,30.03,240.24,8.0,1001.0,medium,Summer,False
30,Feb,KITCHEN,Microwave,841.0,-0.1,1.0,2.52,20.18,8.01,-84.1,low,Winter,True
704,July,KITCHEN, Microwave  ,986.0,0.3,1.0,8.87,70.99,8.0,295.8,low,,True
672,Apr, Drawing Room  ,مجهول,10.0,5.3,2.0,3.18,25.44,8.0,106.0,low,Spring,False
701,mar,Bathroom,fan,79.0,11.4,3.0,81.05,648.43,8.0,2701.8,Med,,False
377,November,Bedroom, Heater  ,1397.0,2.7,2.0,226.31,1810.51,8.0,7543.8,high,,False
125,May, Bathroom  ,,87.0,11.9,3.0,93.18,745.42,8.0,3105.9,Med,Spring,
222,jul, Living Room  ,Computer,324.0,5.7,1.0,55.4,443.23,8.0,1846.8,Med,,False
252,February,Kitchen,Fan,76.0,15.3,100.0,69.77,558.14,8.0,116280.0,Medium,,False
732,Apr,Bathroom,Washing Machine,576.0,1.4,3.0,72.58,580.61,8.0,2419.2,medium,Spring,True
646,January,,Fan,67.0,12.6,3.0,75.98,607.82,8.0,2532.6,Medium,,False
980,Apr,Bathroom,Light,37.0,4.5,2.0,9.99,79.92,8.0,333.0,low,Spring,False
373,June,BEDROOM,,133.0,3.7,2.0,29.53,236.21,8.0,984.2,medium,,
394,Oct,Bathroom,Light,34.0,9.1,3.0.0,27.85,222.77,8.0,,Med,Autumn,False
 992 ,Jun,DRAWING ROOM,Light,33.0,9.2,2.0,18.22,145.73,8.0,607.2,Low,Summer,False
525,September,Living Room,TV,151.0,3.6,1.0,16.31,130.46,8.0,543.6,low,,False
 747 ,SEP,Bedroom,مجهول,101.0,2.4,1.0,7.27,58.18,8.0,242.4,low,,False
779,Mar,BATHROOM,Heater,1359.0,,1.0,40.77,326.16,8.0,,Medium,Spring,False
440,Mar,Dining Room,Light,,7.6,1.0,2.74,21.89,7.99,,Low,Spring,False
647,July,Bedroom,heater,983.0,3.7,3.0.0,327.34,2618.71,8.0,,High,,False
242,Mar, Living Room  ,Light,11.0,7.6,2.0,5.02,40.13,7.99,167.2,low,Spring,False
213,Mar,LIVING ROOM,Fan,75.0,11.6,2.0.0,,417.6,,,,Spring,False
315,jan,BEDROOM,HEATER,1136.0,2.9,1.0,98.83,790.66,8.0,3294.4,medium,,False
870,Aug,Dining Room, Light  ,27.0,6.1,3.0,14.82,118.58,8.0,494.1,Low,Summer,False
479,May,kitchen,FAN,64.0,10.2,3.0,58.75,470.02,8.0,1958.4,medium,Spring,False
571,Apr,Dining_Room,Light,34.0,4.1,,4.18,33.46,8.0,,Low,Spring,False
104,Jul,Living_Room,LIGHT,15.0,7.0,1.0,3.15,25.2,8.0,105.0,low,Summer,False
162,April, Drawing Room  ,computer,313.0,,3.0,,,,,,,False
57,August,Bedroom,TV,111.0,-5.2,3.0,51.95,415.58,8.0,-1731.6,Medium,,False
186,June,Dining Room,Fan,,16.4,2.0,81.67,653.38,8.0,,Medium,,False
454,December,Bedroom,Fan,70.0,14.8,1.0,31.08,248.64,8.0,1036.0,Med,,False
860,Oct,Dining Room,Fan,-75.0,,1.0.0,20.93,167.4,8.0,,Medium,Autumn,False
378,Mar,KITCHEN,Washing Machine,747.0,0.8,1.0.0,17.93,143.42,8.0,,Low,Spring,True
589,January,Drawing Room, Light  ,21.0,8.1,3.0,15.31,122.47,8.0,510.3,low,,False
460,Dec,Bedroom, Fan  ,83.0,17.3,3.0,129.23,1033.85,8.0,4307.7,high,Winter,False
984,Mar,Dining Room,Fan,51.0,7.9,1.0,12.09,96.7,8.0,402.9,Low,Spring,False
642,Jun,BEDROOM,Fan,59.0,8.2,2.0,29.03,232.22,8.0,967.6,medium,Summer,False
102,Oct,LIVING ROOM, TV  ,142.0,4.5,2.0,38.34,306.72,8.0,1278.0,Med,Autumn,False
613,May,Drawing Room,FAN,76.0,15.9,3.0,108.76,870.05,8.0,3625.2,high,Spring,False
458,oct,LIVING ROOM,Fan,,14.9,1.0,37.1,296.81,8.0,,medium,,False
270,Dec,Kitchen,Fridge,,18.5,3.0,249.75,1998.0,8.0,,HIGH,Winter,True
244,Apr, Living Room  , Fan  ,50.0,6.2,1.0,9.3,74.4,8.0,310.0,low,Spring,False
398,September,, Light  ,22.0,3.6,1.0,2.38,19.01,7.99,79.2,Low,,False
903,Apr, Bedroom  , TV  ,82.0,2.5,1.0,6.15,,,205.0,low,Spring,False
537,Oct, Drawing Room  , AC  ,922.0,7.3,3.0,605.75,4846.03,8.0,20191.8,HIGH,Autumn,True
646,September,living room,Light,37.0,9.2,1.0,10.21,81.7,8.0,340.4,low,,False
341,Jan,kitchen,,118.0,18.5,1.0,65.49,523.92,8.0,2183.0,Med,Winter,
375,feb,LIVING ROOM,AC,1999.0,8.2,2.0,983.51,7868.06,8.0,32783.6,HIGH,,True
940,Feb,living room,TV,86.0,3.5,1.0,9.03,72.24,8.0,301.0,Low,Winter,False
342,JAN,Living Room,Fan,61.0,12.1,3.0,66.43,531.43,8.0,2214.3,Med,,False
153,January,drawing room,light,25.0,3.5,,7.88,63.0,7.99,,Low,,False
660,Jul,not sure, Light  ,31.0,4.6,3.0,12.83,102.67,8.0,427.8,Low,Summer,False
399,Jan,Bathroom,Light,32.0,7.5,2.0,14.4,115.2,8.0,480.0,low,Winter,False
394,Sep, Dining Room  ,Light,16.0,6.5,3.0.0,9.36,74.88,8.0,,Low,Autumn,False
727,mar, Dining Room  ,Fan,83.0,,2.0,53.78,430.27,8.0,,Med,,False
132,Nov,Bathroom,heater,1049.0,2.9,1.0,91.26,730.1,8.0,3042.1,Med,Autumn,False
240,Nov,living room,computer,154.0,4.9,2.0,45.28,362.21,8.0,1509.2,Medium,Autumn,False
436,Sep,Living Room,computer,169.0,7.8,2.0,79.09,,,2636.4,Medium,Autumn,False
953,NOV,kitchen,microwave,1186.0,0.4,2.0,28.46,227.71,8.0,948.8,Med,,True
400,Feb,not sure,,1968.0,2.1,50.0,123.98,991.87,8.0,206640.0,HIGH,Winter,
953,Apr,Bedroom,TV,170.0,4.5,2.0,45.9,367.2,8.0,1530.0,Medium,Spring,False
404,Apr,Kitchen,Fridge,,21.7,1.0,167.96,1343.66,8.0,,high,Spring,True
344,Nov,Kitchen,LIGHT,19.0,4.7,3.0,8.04,64.3,8.0,267.9,low,Autumn,False
411,NOV, Bathroom  ,Washing Machine,529.0,2.0,1.0,31.74,253.92,8.0,1058.0,Medium,,True
993,Jul,Bedroom, Heater  ,1146.0,1.1,3.0,113.45,907.63,8.0,3781.8,High,Summer,False
825,Mar, Drawing Room  ,AC,911.0,7.9,1.0,215.91,1727.26,8.0,7196.9,High,Spring,True
496,Aug, Drawing Room  ,,312.0,2.7,3.0,75.82,606.53,8.0,2527.2,Medium,Summer,
595,February, Drawing Room  ,Light,14.0,?,3.0,5.29,42.34,8.0,,low,,False
399,APR,Living_Room,Computer,322.0,4.7,3.0,136.21,1089.65,8.0,4540.2,HIGH,,False
671,Jan,bedroom,,158.0,8.8,2.0,83.42,667.39,8.0,2780.8,Medium,Winter,
476,Feb,Bedroom,Fan,53.0,17.2,2.0,54.7,437.57,8.0,1823.2,Med,Winter,False
229,jan,Dining Room,FAN,54.0,6.7,2.0,21.71,173.66,8.0,723.6,Medium,,False
10,Feb,Kitchen, Light  ,29.0,8.4,1.0,7.31,58.46,8.0,243.6,low,Winter,False
845,Dec,Bathroom,Fan,76.0,11.4,2.0,51.98,415.87,8.0,1732.8,medium,Winter,False
287,may,, Fan  ,63.0,8.0,1.0,,120.96,,504.0,,,False
783,Mar,Kitchen,light,30.0,5.4,1.0,4.86,38880.0,8000.0,162.0,Low,Spring,False
754,Jul,kitchen,FAN,80.0,15.7,1.0,37.68,301.44,8.0,1256.0,Medium,Summer,False
787,feb,Bedroom,AC,1273.0,5.8,2.0,443.0,3544.03,8.0,14766.8,high,,True
202,Apr,Bathroom,Heater,965.0,,1.0.0,75.27,602.16,8.0,,medium,Spring,False
919,Sep, Living Room  ,TV,158.0,2.5,1.0,11.85,94.8,8.0,395.0,low,Autumn,False
919,Jun,Dining Room,FAN,87.0,11.4,2.0,59.51,476.06,8.0,1983.6,Med,Summer,False
432,Oct,Living Room, Fan  ,61.0,6.5,50.0,11.89,95.16,8.0,19825.0,Low,Autumn,False
593,Sep,Bedroom,Computer,-203.0,2.7,1.0,16.44,131.54,8.0,-548.1,low,Autumn,False
534,jan,Bedroom,TV,165.0,5.9,1.0,29.21,233.64,8.0,973.5,Medium,,False
604,Feb,Living Room,FAN,84.0,6.9,2.0,34.78,278.21,8.0,1159.2,medium,Winter,False
453,AUG,Bedroom,HEATER,1100.0,1.0,1.0,,264.0,,1100.0,,,False
375,Sep,Living Room,TV,183.0,2.4,1.0,13.18,105.41,8.0,439.2,Low,Autumn,False
562,OCT, Bedroom  , Computer  ,118.0,9.6,50.0,33.98,,,56640.0,Med,,False
67,May,drawing room, AC  ,1153.0,3.9,1.0,134.9,1079.21,8.0,4496.7,High,Spring,True
893,Aug,DRAWING ROOM, AC  ,1245.0,6.1,2.0,455.67,3645.36,8.0,15189.0,HIGH,Summer,True
567,Jul, Kitchen  ,FAN,79.0,6.8,1.0,0.016120000000000002,128.93,7998.14,537.2,Low,Summer,False
19,May,Dining Room,Fan,82.0,9.8,1.0,24.11,192.86,8.0,803.6,Med,Spring,False
303,oct, Drawing Room  ,FAN,,11.6,3.0,87.7,701.57,8.0,,medium,,False
619,Jul,Kitchen,Fan,73.0,17.3,1.0,37.89,303.1,8.0,1262.9,medium,Summer,False
226,may,Bedroom,unknown,59.0,13.2,2.0,46.73,373.82,8.0,1557.6,Medium,,False
626,Aug,Kitchen, Fridge  ,255.0,18.9,1.0.0,144.59,1156.68,8.0,,high,Summer,True
311,Jul, Bedroom  ,Fan,71.0,16.4,3.0,104.8,838.37,8.0,3493.2,high,Summer,False
65,Nov,Drawing Room,AC,985.0,5.8,3.0.0,514.17,,,,High,Autumn,True
547,Jun,Kitchen,Microwave,982.0,0.3,3.0.0,26.51,212.11,8.0,,medium,Summer,True
608,Jul,Dining Room,Fan,64.0,12.4,2.0,47.62,380.93,8.0,1587.2,Medium,Summer,False
344,November,Bedroom,FAN,58.0,13.9,3.0,72.56,580.46,8.0,2418.6,Med,,False
787,Aug,Kitchen,washing machine,421.0,1.4,3.0,53.05,424.37,8.0,1768.2,medium,Summer,True
161,Dec,Living Room,,165.0,2.4,1.0,11.88,95.04,8.0,396.0,low,Winter,
956,April,Drawing Room,Computer,199.0,7.2,2.0,85.97,687.74,8.0,2865.6,Med,,False
133,,Bathroom,Light,19.0,8.3,1.0,4.73,37.85,8.0,157.7,low,,False
446,,Drawing Room,fan,71.0,6.1,3.0,38.98,311.83,8.0,1299.3,Medium,,False
28,Nov,Drawing_Room,AC,1527.0,4.2,2.0,384.8,3078.43,8.0,12826.8,HIGH,Autumn,True
140,Jan,Living Room,Computer,353.0,7.9,3.0.0,250.98,2007.86,8.0,,HIGH,Winter,False
 51 ,Apr,DRAWING ROOM,AC,1347.0,3.6,2.0,290.95,2327.62,8.0,9698.4,HIGH,Spring,True
530,Jun,Dining_Room, Light  ,22.0,3.5,3.0,6.93,55.44,8.0,231.0,Low,Summer,False
315,Oct, Bathroom  ,Washing Machine,,1.8,1.0,28.24,225940.0,8000.71,,Medium,Autumn,True
353,APR,Drawing Room,computer,351.0,?,1.0.0,95.82,766.58,8.0,,medium,,False
414,Mar, Living Room  ,Computer,384.0,3.6,2.0,82.94,663.55,8.0,2764.8,medium,Spring,False
409,March,bathroom,Washing Machine,788.0,0.8,2.0,37.82,302.59,8.0,1260.8,Med,,True
441,feb,Kitchen,Fan,58.0,12.5,1.0,21.75,174.0,8.0,725.0,Medium,,False
583,December,Drawing_Room, TV  ,161.0,3.1,2.0,29.95,239.57,8.0,998.2,Medium,,False
886,September,Drawing Room,TV,160.0,5.8,3.0,83.52,668.16,8.0,2784.0,medium,,False
484,Apr, Dining Room  ,Light,23.0,7.1,3.0,14.7,117.58,8.0,489.9,low,Spring,False
644,Sep,Dining Room,fan,61.0,10.2,1.0,18.67,149.33,8.0,622.2,Low,Autumn,False
443,May,Drawing_Room,Computer,287.0,4.0,3.0,103.32,826.56,8.0,3444.0,high,Spring,False
630,May,Living Room,fan,74.0,9.7,2.0,43.07,344.54,8.0,1435.6,Medium,Spring,False
409,Jan,Bedroom,TV,126.0,,2.0,28.73,229.82,8.0,,Med,Winter,False
779,Nov,Drawing_Room,Light,26.0,5.5,3.0,12.87,102.96,8.0,429.0,Low,Autumn,False
829,November, Bathroom  ,Light,36.0,5.6,3.0,18.14,,,604.8,Low,,False
902,NOV,,Fan,73.0,13.6,3.0,89.35,714.82,8.0,2978.4,Med,,False
943,Apr,drawing room,Light,28.0,,3.0,23.69,189.5,8.0,,Med,Spring,False
331,November,Bedroom,Heater,1397.0,2.1,1.0,88.01,,,2933.7,medium,,False
360,Mar,Dining Room,LIGHT,34.0,4.3,3.0,13.16,105.26,8.0,438.6,Low,Spring,False
317,Feb,dining room,Fan,57.0,17.7,1.0,30.27,242.14,8.0,1008.9,Medium,Winter,False
100,Jun,,Fan,79.0,14.3,2.0,0.06778,542.26,8000.3,2259.4,Low,Summer,False
706,May,Dining Room,FAN,51.0,6.7,,10.25,82.01,8.0,,Low,Spring,False
895,Sep,living room,Fan,50.0,9.8,,29.4,235.2,8.0,,Med,Autumn,False
859,Aug,Bedroom,AC,,8.0,3.0,764.64,6117.12,8.0,,High,Summer,True
277,Jun,bedroom, Heater  ,1425.0,2.9,1.0,123.97,991.8,8.0,4132.5,High,Summer,False
313,Nov,Kitchen, Washing Machine  ,547.0,0.7,2.0.0,22.97,183.79,8.0,,medium,Autumn,True
895,Mar,Drawing Room,Computer,240.0,6.4,2.0,92.16,737.28,8.0,3072.0,Medium,Spring,False
923,jan,Living Room,tv,147.0,5.7,1.0,25.14,201.1,8.0,837.9,Medium,,False
868,May,,Light,11.0,9.6,1.0,3.17,25.34,7.99,105.6,Low,Spring,False
859,mar,Drawing_Room,AC,1933.0,5.4,3.0,939.44,7515.5,8.0,31314.6,High,,True
845,April, Living Room  ,AC,1628.0,9.5,1.0,463.98,3711.84,8.0,15466.0,HIGH,,True
786,DEC,BATHROOM,Light,24.0,4.4,1.0,3.17,25.34,7.99,105.6,low,,False
993,October,,TV,152.0,4.6,3.0,62.93,503.42,8.0,2097.6,Medium,,False
926,Oct,Living Room,COMPUTER,329.0,7.7,2.0,152.0,1215.98,8.0,5066.6,High,Autumn,False
485,Dec,Kitchen,Washing Machine,659.0,0.7,1.0,13.84,110.71,8.0,461.3,Low,Winter,True
927,Nov, Dining Room  ,Fan,64.0,8.0,1.0,15.36,122.88,8.0,512.0,Low,Autumn,False
514,jun,drawing room,FAN,69.0,10.3,3.0,63.96,511.7,8.0,2132.1,medium,,False
860,Apr,Drawing Room,TV,,5.7,3.0,90.29,722.3,8.0,,medium,Spring,False
914,Jan,Kitchen,,405.0,0.9,3.0.0,32.8,262.44,8.0,,Medium,Winter,
766,Jul,Bedroom, Fan  ,67.0,15.6,1.0,31.36,250.85,8.0,1045.2,Medium,Summer,False
713,JAN,Drawing_Room,Computer,386.0,7.8,3.0,270.97,2167.78,8.0,9032.4,high,,False
682,Sep,Kitchen,washing machine,687.0,1.5,3.0,92.75,741.96,8.0,3091.5,Med,Autumn,True
153,Apr,kitchen, Washing Machine  ,699.0,1.3,1.0,27.26,218.09,8.0,908.7,Medium,Spring,True
810,Apr,LIVING ROOM,ac,1639.0,8.2,1.0,403.19,3225.55,8.0,13439.8,HIGH,Spring,True
923,February, Living Room  ,Light,16.0,3.7,2.0,3.55,28.42,8.01,118.4,Low,,False
954,March,dining room,Fan,73.0,12.2,2.0,53.44,427.49,8.0,1781.2,Medium,,False
545,November,,Fan,67.0,17.3,2.0,69.55,556.37,8.0,2318.2,Med,,False
271,aug,living room,Fan,76.0,15.8,2.0,72.05,576.38,8.0,2401.6,Medium,,False
444,Mar,DINING ROOM,Light,31.0,9.8,2.0.0,18.23,145.82,8.0,,Low,Spring,False
943,Jan,bedroom,Light,18.0,3.8,3.0,6.16,49.25,8.0,205.2,low,Winter,False
141,Oct,Living Room,AC,1931.0,,2.0,602.47,4819.78,8.0,,high,Autumn,True
573,Feb,KITCHEN,Washing Machine,786.0,2.0,2.0,94.32,754.56,8.0,3144.0,medium,Winter,True
365,July,Dining Room,LIGHT,36.0,9.6,2.0,20.74,165.89,8.0,691.2,Med,,False
266,SEP,DINING ROOM,FAN,79.0,12.4,3.0.0,88.16,705.31,8.0,,medium,,False
125,Jun,BEDROOM,Light,21.0,4.5,2.0,5.67,45.36,8.0,189.0,Low,Summer,False
574,Sep, Bathroom  ,Washing Machine,446.0,1.2,3.0.0,48.17,385.34,8.0,,medium,Autumn,True
312,May,Living Room,AC,1137.0,?,2.0,504.83,4038.62,8.0,,high,Spring,True
667,May,Kitchen,fan,74.0,12.6,2.0,55.94,447.55,8.0,1864.8,Med,Spring,False
842,Oct,LIVING ROOM,AC,1240.0,3.8,1.0,141.36,1130.88,8.0,4712.0,high,Autumn,True
676,Aug,Bathroom,Light,18.0,7.7,3.0,12.47,99.79,8.0,415.8,low,Summer,False
 578 ,Aug,Living Room,Fan,61.0,15.1,2.0,55.27,442.13,8.0,1842.2,Med,Summer,False
763,Mar, Living Room  ,Fan,50.0,8.9,3.0,40.05,320.4,8.0,1335.0,Med,Spring,False
50,October,Kitchen,LIGHT,20.0,6.4,3.0,11.52,92160.0,8000.0,384.0,low,,False
384,July,Living Room,Computer,383.0,4.1,2.0,94.22,753.74,8.0,3140.6,medium,,False
142,Oct,Bedroom,Heater,1016.0,3.7,3.0,error,2706.62,,11277.6,,Autumn,False
116,Jul,DRAWING ROOM, TV  ,175.0,2.3,1.0,12.07,96.6,8.0,402.5,Low,Summer,False
64,AUG, Bathroom  ,light,10.0,9.3,1.0,2.79,22.32,8.0,93.0,Low,,False
434,May,Dining_Room,Fan,57.0,16.9,2.0,57.8,462.38,8.0,1926.6,medium,Spring,False
310,,Drawing Room,fan,56.0,10.6,1.0,17.81,142.46,8.0,593.6,low,,False
482,Sep,Drawing Room,Light,37.0,7.7,2.0,17.09,136.75,8.0,569.8,Low,Autumn,False
991,Feb,Dining Room,Fan,50.0,14.7,2.0,44.1,352.8,8.0,1470.0,medium,Winter,False
994,Jan,bathroom,Heater,1233.0,1.4,1.0,51.79,414.29,8.0,1726.2,medium,Winter,False
600,Jan, Living Room  ,FAN,-50.0,15.7,3.0,70.65,565.2,8.0,-2355.0,Med,Winter,False
178,March,KITCHEN,FAN,88.0,12.7,2.0.0,67.06,536.45,8.0,,Medium,,False
644,Feb, Dining Room  ,fan,82.0,16.7,3.0,123.25,985.97,8.0,4108.2,HIGH,Winter,False
901,Feb,Bedroom,light,21.0,7.7,1.0,4.85,38.81,8.0,161.7,low,Winter,False
294,May,bedroom,Computer,288.0,9.2,3.0,238.46,1907.71,8.0,7948.8,High,Spring,False
995,Mar,Bedroom, Light  ,33.0,4.0,3.0,11.88,95.04,8.0,396.0,low,Spring,False
455,April,Bedroom,Light,14.0,5.2,2.0.0,4.37,34.94,8.0,,Low,,False
854,September,DINING ROOM,Fan,62.0,7.3,1.0,13.58,108.62,8.0,452.6,Low,,False
632,Dec,drawing room, TV  ,141.0,4.2,2.0,35.53,284.26,8.0,1184.4,Medium,Winter,False
13,oct, Dining Room  ,light,37.0,4.4,1.0.0,4.88,39.07,8.01,,Low,,False
418,Mar, Kitchen  ,Light,29.0,4.9,3.0,12.79,102310.0,7999.22,426.3,low,Spring,False
76,Sep,Kitchen, Microwave  ,904.0,0.5,3.0.0,40.68,325.44,8.0,,Med,Autumn,True
66,Mar,Drawing Room,Computer,145.0,3.1,2.0,26.97,215.76,8.0,899.0,Medium,Spring,False
81,Jun,Kitchen,,1062.0,0.3,3.0,28.67,229.39,8.0,955.8,medium,Summer,
264,Nov,Bedroom,not sure,169.0,2.5,3.0,38.02,304.2,8.0,1267.5,Medium,Autumn,False
674,Apr,LIVING ROOM,na,1537.0,7.4,2.0,682.43,5459.42,8.0,22747.6,HIGH,Spring,False
940,Jun,Bedroom, Computer  ,166.0,6.3,1.0.0,31.37,250.99,8.0,,medium,Summer,False
586,July,Living Room,Fan,68.0,9.8,3.0.0,59.98,479.81,8.0,,Med,,False
305,Feb,Kitchen,Fan,82.0,18.0,3.0,132.84,1062.72,8.0,4428.0,high,Winter,False
278,May,drawing room,AC,1727.0,7.6,2.0,787.51,6300.1,8.0,26250.4,high,Spring,True
348,August,Living Room,light,13.0,3.7,2.0,2.89,23.09,7.99,96.2,Low,,False
900,Feb,Bedroom,Light,38.0,6.9,3.0,23.6,188.78,8.0,786.6,Med,Winter,False
859,,DRAWING ROOM,fan,64.0,13.2,1.0,25.34,202.75,8.0,844.8,Medium,,False
462,Nov,Dining Room,LIGHT,32.0,-,3.0,26.21,209.66,8.0,,Med,Autumn,False
569,Jan,kitchen,Light,25.0,3.6,2.0.0,5.4,43.2,8.0,,low,Winter,False
740,apr,Bedroom,fan,53.0,11.0,3.0,52.47,419.76,8.0,1749.0,medium,,False
224,Oct,Living Room,Light,31.0,8.5,2.0,15.81,126.48,8.0,527.0,low,Autumn,False
647,Aug,Kitchen, Light  ,,3.7,2.0,2.44,19.54,8.01,,Low,Summer,False
347,Apr,Kitchen,Microwave,1050.0,0.3,2.0,18.9,151.2,8.0,630.0,Low,Spring,True
919,May, Bedroom  ,AC,1764.0,6.8,2.0,719.71,5757.7,8.0,23990.4,HIGH,Spring,True
407,Jan, Drawing Room  ,Light,13.0,8.9,2.0,6.94,55.54,8.0,231.4,Low,Winter,False
211,Aug,Living Room,TV,80.0,4.4,1.0,10.56,84.48,8.0,352.0,low,Summer,False
644,Feb, Dining Room  ,fan,82.0,16.7,3.0,123.25,985.97,8.0,4108.2,high,Winter,False
596,NOV,Bathroom,Heater,1056.0,2.6,1.0,82.37,658.94,8.0,2745.6,medium,,False
727,Jun,Bedroom,Fan,59.0,,2.0,47.08,376.66,8.0,,Med,Summer,False
354,Feb,Drawing Room,AC,1555.0,2.1,3.0,293.89,2351.16,8.0,9796.5,High,Winter,True
246,Apr,Bedroom, Computer  ,396.0,6.4,1.0,76.03,,,2534.4,Medium,Spring,False
219,,Drawing Room,TV,105.0,2.8,2.0,17.64,141.12,8.0,588.0,Low,,False
 328 ,Apr,bedroom,ac,1072.0,9.2,2.0,591.74,4733.95,8.0,19724.8,HIGH,Spring,True
221,Aug,Bathroom,Fan,50.0,16.0,1.0,24.0,192.0,8.0,800.0,Medium,Summer,False
746,Aug,DRAWING ROOM, AC  ,1897.0,7.9,1.0,449.59,3596.71,8.0,14986.3,High,Summer,True
526,,Bathroom, Fan  ,81.0,12.0,2.0,58.32,466.56,8.0,1944.0,Med,,False
812,Jan,DRAWING ROOM,light,18.0,7.6,1.0,4.1,32.83,8.01,136.8,Low,Winter,False
482,Apr, Living Room  ,Fan,,11.1,2.0,37.3,298.37,8.0,,Med,Spring,False
28,AUG,Living_Room,TV,64.0,3.5,3.0.0,20.16,161.28,8.0,,Medium,,False
861,Feb,Bedroom,Computer,341.0,9.6,1.0,98.21,785.66,8.0,3273.6,medium,Winter,False
409,Jul,living room,TV,175.0,5.3,1.0,27.82,222.6,8.0,927.5,Medium,Summer,False
948,Feb,Kitchen,Fridge,164.0,21.1,3.0,311.44,2491.49,8.0,10381.2,high,Winter,True
965,Dec,Bedroom,fan,88.0,10.4,3.0,82.37,658.94,8.0,2745.6,Med,Winter,False
742,January,BEDROOM,TV,104.0,3.4,1.0,10.61,84.86,8.0,353.6,low,,False
390,Feb,LIVING ROOM,Light,11.0,4.0,1.0,1.32,10.56,8.0,44.0,low,Winter,False
319,Jul,Living Room,Computer,192.0,8.0,1.0.0,46.08,368.64,8.0,,medium,Summer,False
25,May,LIVING ROOM,Computer,299.0,2.3,2.0,41.26,330.1,8.0,1375.4,medium,Spring,False
126,February,living room,Fan,,13.5,2.0,65.61,524.88,8.0,,Med,,False
239,Jun,DRAWING ROOM,AC,1748.0,5.4,1.0,283.18,,,9439.2,high,Summer,True
128,Oct,drawing room,AC,1111.0,9.2,2.0,613.27,4906.18,8.0,20442.4,High,Autumn,True
180,Jun,Living_Room,TV,171.0,5.1,2.0.0,52.33,418.61,8.0,,Medium,Summer,False
233,Apr,kitchen,Fan,82.0,16.1,3.0,118.82,950.54,8.0,3960.6,High,Spring,False
363,Mar,Living Room,TV,error,3.2,1.0,9.6,76.8,8.0,,low,Spring,False
408,Jan,Bedroom,AC,1541.0,8.9,3.0,1234.34,9874.73,8.0,41144.7,high,Winter,True
147,Oct, Kitchen  ,Light,29.0,,2.0,-,91.87,,,,Autumn,False
391,February,Living_Room, Computer  ,292.0,3.5,2.0,61.32,490560.0,8000.0,2044.0,Medium,,False
226,September,Bathroom, Fan  ,50.0,-6.3,1.0,-,75.6,,-315.0,,,False
940,Nov,Bathroom,Light,20.0,5.5,2.0,0.0066,52.8,8000.0,220.0,Low,Autumn,False
42,Feb,Dining Room,Fan,67.0,16.5,1.0,33.16,265.32,8.0,1105.5,Medium,Winter,False
10,Dec,Bathroom,Light,29.0,9.6,2.0,16.7,133.63,8.0,556.8,low,Winter,False
507,May,Living Room,TV,76.0,5.7,2.0,25.99,,,866.4,Medium,Spring,False
332,Feb,,Light,40.0,4.6,2.0,11.04,88.32,8.0,368.0,Low,Winter,False
531,Aug,DINING ROOM,,34.0,6.9,1.0,7.04,56.3,8.0,234.6,Low,Summer,
329,OCT,Drawing Room,Fan,53.0,,2.0,29.57,236.59,8.0,,Medium,,False
197,July,dining room,Light,17.0,6.1,3.0,9.33,74.66,8.0,311.1,low,,False
680,Mar,,Fan,73.0,17.8,3.0,116.95,935.57,8.0,3898.2,high,Spring,False
221,Sep,DINING ROOM, Fan  ,67.0,9.7,1.0,19.5,155.98,8.0,649.9,Low,Autumn,False
516,Dec,living room,Fan,58.0,12.5,1.0.0,21.75,174.0,8.0,,Med,Winter,False
543,Sep, Kitchen  ,fan,70.0,16.1,1.0,33.81,270.48,8.0,1127.0,medium,Autumn,False
209,Jul,DRAWING ROOM,Light,11.0,4.2,2.0,2.77,22.18,8.01,92.4,low,Summer,False
572,JUL,Living Room,Light,15.0,,2.0,3.42,27.36,8.0,,Low,,False
198,dec,Bathroom, Fan  ,76.0,13.8,2.0,62.93,503.42,8.0,2097.6,Med,,False
 870 ,Mar,bathroom,Light,27.0,,1.0.0,3.65,29.16,7.99,,low,Spring,False
22,Apr,bedroom,AC,1856.0,4.0,2.0,445.44,3563.52,8.0,14848.0,HIGH,Spring,True
207,jan,Dining Room,Fan,86.0,7.4,1.0,19.09,152.74,8.0,636.4,Low,,False
391,May,Dining Room,FAN,56.0,9.2,1.0,15.46,123.65,8.0,515.2,low,Spring,False
566,Nov,Living Room,Fan,53.0,7.9,1.0,12.56,100.49,8.0,418.7,low,Autumn,False
647,April,Kitchen,,728.0,0.3,1.0,6.55,52.42,8.0,218.4,low,,
47,Apr,Living_Room,LIGHT,31.0,4.9,2.0,9.11,72.91,8.0,303.8,low,Spring,False
749,feb, Dining Room  ,LIGHT,11.0,3.2,1.0,1.06,8.45,7.97,35.2,Low,,False
27,Nov,,AC,1562.0,5.4,2.0.0,506.09,4048.7,8.0,,High,Autumn,True
345,,Living_Room, TV  ,149.0,4.9,1.0,21.9,175220.0,8000.91,730.1,medium,,False
731,Jul,Dining_Room,FAN,65.0,8.5,1.0,16.57,132.6,8.0,552.5,low,Summer,False
284,Feb,Bedroom,LIGHT,29.0,9.9,3.0,25.84,206.71,8.0,861.3,Med,Winter,False
776,Mar, Kitchen  ,Microwave,1190.0,,2.0,21.42,171.36,8.0,,medium,Spring,True
25,Jul, Drawing Room  ,TV,,5.3,1.0,19.88,159.0,8.0,,Low,Summer,False
826,Nov,Drawing Room, Fan  ,78.0,6.0,2.0,28.08,224.64,8.0,936.0,medium,Autumn,False
926,Sep,Bathroom,Washing Machine,450.0,0.9,3.0,36.45,291.6,8.0,1215.0,medium,Autumn,True
503,Jul,BEDROOM,AC,,3.1,3.0,297.13,2377.08,8.0,,HIGH,Summer,True
549,February,Dining_Room,Light,25.0,4.3,3.0.0,9.68,77.4,8.0,,low,,False
828,Jul,Kitchen,Fan,57.0,15.0,2.0,51.3,410.4,8.0,1710.0,medium,Summer,False
355,Jul,Drawing Room,FAN,84.0,,3.0,65.77,526.18,8.0,,Med,Summer,False
256,Oct,Dining Room,LIGHT,15.0,4.0,3.0,5.4,43.2,8.0,180.0,low,Autumn,False
975,October,Kitchen, Fridge  ,103.0,19.2,2.0,118.66,949.25,8.0,3955.2,High,,True
19,Sep,,FAN,54.0,14.7,1.0,23.81,190.51,8.0,793.8,Med,Autumn,False
922,MAY,Kitchen,fridge,218.0,21.5,2.0,281.22,2249.76,8.0,9374.0,HIGH,,True
783,Feb,,Microwave,775.0,0.4,3.0,27.9,223.2,8.0,930.0,Medium,Winter,True
746,Sep,Drawing Room,AC,1233.0,6.9,3.0,765.69,6125.54,8.0,25523.1,High,Autumn,True
660,,Living Room,AC,1816.0,2.6,3.0,424.94,3399.55,8.0,14164.8,high,,True
857,June,drawing room,fan,78.0,10.8,2.0.0,50.54,404.35,8.0,,medium,,False
299,Jun,Bedroom,Computer,181.0,5.5,3.0,89.59,716.76,8.0,2986.5,Medium,Summer,False
751,Nov,Living Room, AC  ,2000.0,8.9,2.0.0,1068.0,8544.0,8.0,,HIGH,Autumn,True
174,Jul,Kitchen,Fridge,232.0,21.0,1.0,N/A,,,4872.0,,Summer,True
644,Jan,,Fan,8500.0,11.7,3.0,89.5,716.04,8.0,298350.0,Medium,Winter,False
594,March,Bedroom,Light,13.0,5.1,3.0,5.97,47.74,8.0,198.9,Low,,False
526,Jan,Bedroom, Computer  ,373.0,8.6,1.0,96.23,769.87,8.0,3207.8,medium,Winter,False
887,Jun,living room,N/A,117.0,2.4,2.0,16.85,134.78,8.0,561.6,low,Summer,False
467,May,Living_Room,AC,920.0,7.0,2.0,386.4,3091.2,8.0,12880.0,HIGH,Spring,True
113,MAY,Dining_Room,LIGHT,31.0,6.4,1.0,5.95,47.62,8.0,198.4,low,,False
865,July,Living Room,COMPUTER,225.0,5.2,3.0,105.3,842.4,8.0,3510.0,high,,False
329,AUG,bedroom,TV,149.0,4.5,2.0,40.23,321.84,8.0,1341.0,Med,,False
121,October,Living Room,Fan,70.0,9.5,2.0,39.9,319.2,8.0,1330.0,Medium,,False
484,aug,Kitchen,Microwave,1116.0,0.2,3.0,20.09,160.7,8.0,669.6,medium,,True
22,Mar,Dining Room,fan,66.0,14.0,1.0,27.72,221.76,8.0,924.0,Medium,Spring,False
 656 ,Jun,bathroom,light,17.0,-,1.0,2.5,19.99,8.0,,Low,Summer,False
826,Jun,Kitchen,MICROWAVE,999.0,0.2,1.0,5.99,,,199.8,low,Summer,True
873,Jul,Bedroom, Fan  ,69.0,14.2,3.0,88.18,705.46,8.0,2939.4,Medium,Summer,False
78,Dec,Bedroom, Computer  ,391.0,9.4,1.0,110.26,882.1,8.0,3675.4,high,Winter,False
589,Mar,Drawing Room,AC,1000.0,2.5,2.0,150.0,1200.0,8.0,5000.0,HIGH,Spring,True
342,مش عارف,Bedroom,light,22.0,3.1,1.0,2.05,16.37,7.99,68.2,low,,False
350,Nov,Kitchen,Fridge,147.0,20.1,1.0,88.64,709.13,8.0,2954.7,Med,Autumn,True
217,Mar, Living Room  ,fan,69.0,14.6,3.0,90.67,725.33,8.0,3022.2,Med,Spring,False
447,Apr,Dining Room,Light,-38.0,4.3,1.0.0,4.9,39.22,8.0,,low,Spring,False
 952 ,Mar,Bathroom,Fan,86.0,10.6,3.0,82.04,656.35,8.0,2734.8,medium,Spring,False
252,Jun,Kitchen,washing machine,546.0,2.0,3.0.0,98.28,786.24,8.0,,Medium,Summer,True
253,Feb,bedroom,TV,140.0,2.2,1.0,9.24,73.92,8.0,308.0,Low,Winter,False
409,NOV,Bedroom,fan,60.0,16.6,1.0,29.88,239.04,8.0,996.0,Med,,False
371,Nov,LIVING ROOM,,393.0,5.0,2.0,117.9,943.2,8.0,3930.0,HIGH,Autumn,
230,Aug,Bathroom,Light,32.0,3.1,2.0,5.95,47.62,8.0,198.4,low,Summer,False
392,Jan,living room,Fan,79.0,14.8,,70.15,561.22,8.0,,Med,Winter,False
471,FEB,Bedroom,heater,925.0,2.8,3.0.0,233.1,1864.8,8.0,,high,,False
978,Nov,drawing room,tv,190.0,2.8,3.0,47.88,383.04,8.0,1596.0,Medium,Autumn,False
980,February,n/a,Fan,85.0,12.2,1.0,31.11,248.88,8.0,1037.0,Med,,False
451,Jul,DINING ROOM,fan,79.0,,2.0,59.72,,,,medium,Summer,False
 108 ,Apr,DINING ROOM,Light,32.0,4.3,1.0,4.13,33.02,8.0,137.6,Low,Spring,False
986,MAY,dining room,FAN,66.0,10.7,1.0,21.19,169.49,8.0,706.2,Medium,,False
61,Nov,kitchen,Washing Machine,697.0,0.7,1.0,14.64,117.1,8.0,487.9,Low,Autumn,True
145,May,living room,light,14.0,3.4,3.0,4.28,34.27,8.01,142.8,low,Spring,False
943,March,Living Room,Fan,65.0,15.8,2.0.0,61.62,492.96,8.0,,Med,,False
25,Jun,Living Room,,15.0,3.6,1.0,1.62,12.96,8.0,54.0,low,Summer,
 684 ,may,,light,30.0,,2.0,16.02,128.16,8.0,,Low,,False
558,jul,Bathroom,Washing Machine,550.0,1.7,,84.15,673.2,8.0,,medium,,True
321,,Drawing Room,AC,1460.0,5.9,2.0,516.84,4134.72,8.0,17228.0,high,,True
708,Sep,Bathroom,Fan,55.0,15.1,2.0,49.83,398.64,8.0,1661.0,medium,Autumn,False
788,May, Drawing Room  ,AC,1791.0,,2.0,569.54,4556.3,8.0,,High,Spring,True
476,Oct,LIVING ROOM, Fan  ,55.0,14.5,1.0,23.93,191.4,8.0,797.5,Medium,Autumn,False
345,Apr,BEDROOM,Heater,956.0,1.7,2.0,97.51,,,3250.4,medium,Spring,False
980,oct,Bedroom,HEATER,970.0,3.4,3.0,296.82,2374.56,8.0,9894.0,HIGH,,False
788,May,kitchen,Microwave,917.0,0.5,1.0,13.76,110.04,8.0,458.5,low,Spring,True
849,FEB,Drawing Room,Light,32.0,5.6,2.0,10.75,86.02,8.0,358.4,Low,,False
129,Feb,Living Room,computer,201.0,9.0,1.0,54.27,434.16,8.0,1809.0,medium,Winter,False
982,Jul,Living Room,computer,371.0,5.7,1.0,63.44,507.53,8.0,2114.7,Medium,Summer,False
636,Mar,Drawing Room,?,64.0,12.3,1.0,23.62,,,787.2,Med,Spring,False
119,May,Living Room,Computer,391.0,2.5,2.0,,469.2,,1955.0,,Spring,False
794,Jul,dining room,Fan,54.0,10.8,,34.99,279.94,8.0,,Medium,Summer,False
658,Feb,BEDROOM,AC,1913.0,3.1,1.0,177.91,1423.27,8.0,5930.3,high,Winter,True
400,Jan,LIVING ROOM,Light,20.0,8.2,2.0,9.84,78.72,8.0,328.0,low,Winter,False
644,May, Bedroom  ,TV,111.0,5.2,3.0,51.95,415.58,8.0,1731.6,Medium,Spring,False
429,dec,bedroom,light,14.0,10.0,2.0,8.4,67.2,8.0,280.0,low,,False
816,February,Living_Room,Computer,145.0,4.1,3.0,53.51,428.04,8.0,1783.5,Med,,False
453,Sep,Living Room,Fan,51.0,12.4,2.0,37.94,303.55,8.0,1264.8,medium,Autumn,False
149,Jul,dining room,Light,23.0,6.3,1.0,4.35,34.78,8.0,144.9,low,Summer,False
514,Oct,Drawing Room, TV  ,171.0,5.5,2.0,56.43,451.44,8.0,1881.0,Medium,Autumn,False
133,January,Living Room,TV,60.0,3.3,1.0,5.94,47.52,8.0,198.0,low,,False
323,May,Bathroom,Light,33.0,5.5,3.0,16.34,130.68,8.0,544.5,Low,Spring,False
176,June,Living_Room,Light,22.0,6.5,3.0,12.87,102.96,8.0,429.0,low,,False
106,Aug,Dining Room, Fan  ,79.0,8.1,1.0,19.2,153.58,8.0,639.9,Low,Summer,False
144,Oct,Drawing Room,AC,1603.0,5.5,2.0,528.99,4231.92,8.0,17633.0,HIGH,Autumn,True
943,Jul,Bathroom,Heater,1115.0,2.1,1.0,70.25,561.96,8.0,2341.5,Medium,Summer,False
680,November, Drawing Room  ,light,32.0,4.2,2.0,8.06,64.51,8.0,268.8,Low,,False
370,August,Drawing Room,fan,88.0,9.9,1.0,26.14,209.09,8.0,871.2,medium,,False
806,nov,مش عارف,TV,95.0,2.6,2.0,14.82,118.56,8.0,494.0,Low,,False
3,Dec,DINING ROOM, Fan  ,5800.0,17.7,3.0,92.39,739.15,8.0,307980.0,Med,Winter,False
629,Nov,Drawing Room,AC,1774.0,2.7,1.0,143.69,1149.55,8.0,4789.8,HIGH,Autumn,True
464,May,Dining Room,Fan,63.0,12.9,2.0,48.76,390.1,8.0,1625.4,medium,Spring,False
337,Jun,Living_Room,Computer,270.0,6.2,2.0,100.44,803.52,8.0,3348.0,High,Summer,False
355,Jun, Bedroom  ,TV,180.0,2.1,1.0,11.34,90.72,8.0,378.0,low,Summer,False
18,Jul,Living Room,AC,1655.0,8.3,3.0,,9890.28,,41209.5,,Summer,True
178,Mar,Kitchen,Microwave,815.0,,3.0,29.34,234.72,8.0,,Medium,Spring,True
553,Feb,Drawing_Room,,237.0,5.8,2.0.0,82.48,659.81,8.0,,medium,Winter,
887,aug,-,COMPUTER,113.0,5.9,3.0,60.0,480.02,8.0,2000.1,Med,,False
980,jun, Bedroom  ,AC,1444.0,7.1,1.0,307.57,2460.58,8.0,10252.4,HIGH,,True
317,Mar,Bedroom,Fan,80.0,12.3,1.0,29.52,236.16,8.0,984.0,Medium,Spring,False
719,jul,Bedroom,Light,37.0,5.8,3.0,19.31,154.51,8.0,643.8,Low,,False
514,Dec, Living Room  ,FAN,90.0,11.1,3.0,89.91,719.28,8.0,2997.0,medium,Winter,False
969,July,Living Room,Fan,error,13.9,2.0,60.05,480.38,8.0,,Medium,,False
423,Feb,Drawing Room,AC,178700.0,3.8,3.0,611.15,4889.23,8.0,2037180.0,HIGH,Winter,True
993,Oct,Living_Room,Light,11.0,5.1,2.0,3.37,26.93,7.99,112.2,Low,Autumn,False
708,Mar,Drawing Room,Light,35.0,8.2,1.0,8.61,68.88,8.0,287.0,low,Spring,False
226,Nov,Kitchen,FAN,86.0,13.1,50.0,33.8,270.38,8.0,56330.0,Medium,Autumn,False
828,,,AC,1160.0,4.6,2.0,,2561.28,,10672.0,,,True
98,October,Drawing Room,Computer,,4.8,2.0,101.09,808.7,8.0,,high,,False
992,Jan, Kitchen  ,Microwave,1011.0,0.1,1.0.0,3.03,24.26,8.01,,low,Winter,True
864,June,Kitchen,Washing_Machine,566.0,1.3,3.0,66.22,529.78,8.0,2207.4,Medium,,True
867,jan,Drawing_Room,fan,58.0,13.8,3.0,72.04,576290.0,7999.58,2401.2,Medium,,False
725,apr,Kitchen,fridge,290.0,19.2,3.0,501.12,,,16704.0,HIGH,,True
371,March,KITCHEN,fridge,245.0,,2.0,301.35,2410.8,8.0,,HIGH,,True
196,June,BATHROOM,Washing Machine,776.0,1.7,1.0,39.58,316.61,8.0,1319.2,medium,,True
340,Oct, Kitchen  ,Fan,6200.0,6.8,1.0,12.65,101.18,8.0,42160.0,Low,Autumn,False
725,Oct,Dining Room, Fan  ,89.0,17.6,1.0.0,46.99,375.94,8.0,,Medium,Autumn,False
842,Jun, Drawing Room  ,Fan,72.0,8.6,2.0,37.15,297.22,8.0,1238.4,Medium,Summer,False
171,Jan,Living_Room, Light  ,37.0,6.9,3.0,22.98,183.82,8.0,765.9,medium,Winter,False
614,Oct, Bathroom  ,Washing Machine,778.0,0.7,2.0,32.68,261.41,8.0,1089.2,Medium,Autumn,True
883,July,Drawing Room, TV  ,127.0,4.7,2.0,35.81,286.51,8.0,1193.8,medium,,False
960,May,dining room,Fan,64.0,15.6,3.0,89.86,718.85,8.0,2995.2,Medium,Spring,False
930,sep,Bedroom,Fan,59.0,11.1,3.0.0,58.94,471.53,8.0,,Medium,,False
706,March, Drawing Room  ,Light,36.0,3.0,3.0,9.72,77.76,8.0,324.0,Low,,False
670,Dec,DINING ROOM, Light  ,2600.0,4.2,3.0,9.83,78.62,8.0,32760.0,Low,Winter,False
552,October,bedroom, Fan  ,57.0,13.0,3.0,66.69,533.52,8.0,2223.0,Medium,,False
807,Aug, Living Room  ,Fan,-59.0,8.9,3.0,47.26,378.07,8.0,-1575.3,Med,Summer,False
829,May,,Fridge,118.0,22.7,3.0,241.07,1928.59,8.0,8035.8,High,Spring,True
697,nov,DINING ROOM, Fan  ,72.0,11.1,3.0,71.93,575.42,8.0,2397.6,Med,,False
843,November, Drawing Room  ,light,13.0,5.6,1.0,2.18,17.47,8.01,72.8,Low,,False
682,Apr,Kitchen,Microwave,1073.0,0.3,2.0,19.31,154.51,8.0,643.8,Low,Spring,True
683,Apr,Bedroom,Computer,127.0,7.3,1.0,unknown,222.5,,927.1,,Spring,False
81,sep,Dining Room, Light  ,37.0,,1.0,6.55,52.39,8.0,,low,,False
108,feb,BEDROOM, Fan  ,80.0,15.9,2.0,,610.56,,2544.0,,,False
3,Mar,Bedroom,,95.0,5.5,2.0,31.35,250.8,8.0,1045.0,Med,Spring,
455,Jun,Drawing Room,مش عارف,153.0,4.4,2.0,40.39,323.14,8.0,1346.4,Medium,Summer,False
592,May, Living Room  ,AC,1270.0,6.2,1.0,236.22,1889.76,8.0,7874.0,High,Spring,True
878,Feb,Living Room,AC,916.0,3.2,2.0,175.87,1406.98,8.0,5862.4,HIGH,Winter,True
914,may, Kitchen  ,Light,22.0,6.7,2.0,8.84,70.75,8.0,294.8,low,,False
713,nov,Bedroom,Fan,70.0,8.8,2.0,36.96,295.68,8.0,1232.0,Med,,False
177,August,Bedroom,Light,39.0,6.8,1.0.0,7.96,63.65,8.0,,low,,False
34,may,Living Room, Light  ,-14.0,8.7,2.0,7.31,58.46,8.0,-243.6,Low,,False
456,,Drawing Room,TV,191.0,5.8,2.0.0,66.47,531.74,8.0,,Med,,False
368,November,Dining Room,light,13.0,6.8,2.0,5.3,42.43,8.01,176.8,low,,False
137,Jun,Kitchen,Microwave,796.0,0.5,2.0,23.88,191.04,8.0,796.0,medium,Summer,True
429,Feb,DINING ROOM,Light,,3.5,1.0,2.21,17.64,7.98,,low,Winter,False
671,May,Bedroom,TV,84.0,4.9,1.0,12.35,98.78,8.0,411.6,Low,Spring,False
452,Mar,BATHROOM, Fan  ,74.0,16.1,1.0,35.74,285.94,8.0,1191.4,Medium,Spring,False
 948 ,April,Kitchen,Light,27.0,6.9,1.0,5.59,44.71,8.0,186.3,low,,False
614,Jun,Living Room,,338.0,2.8,3.0,85.18,681.41,8.0,2839.2,Med,Summer,
994,Mar,dining room,Light,24.0,5.0,3.0,10.8,86.4,8.0,360.0,low,Spring,False
237,August,,FAN,67.0,7.2,1.0,14.47,115.78,8.0,482.4,low,,False
753,Dec,bathroom,Light,11.0,5.2,2.0,3.43,27.46,8.01,114.4,Low,Winter,False
855,Jul,Bedroom,ac,1536.0,2.9,3.0,400.9,3207.17,8.0,13363.2,High,Summer,True
732,June,kitchen,fridge,288.0,,3.0,531.36,4250.88,8.0,,High,,True
36,apr,Drawing Room,Fan,74.0,15.3,1.0,33.97,271.73,8.0,1132.2,medium,,False
611,February, Living Room  , AC  ,1044.0,3.8,2.0,238.03,1904.26,8.0,7934.4,HIGH,,True
907,,drawing room,TV,174.0,5.0,2.0,52.2,,,1740.0,Medium,,False
133,April,bedroom,TV,130.0,2.4,3.0,-,224.64,,936.0,,,False
291,Apr,Bedroom,مش عارف,81.0,7.8,1.0,18.95,151.63,8.0,631.8,Low,Spring,False
949,dec, Drawing Room  ,-,97.0,340.0,2.0,19.79,158.3,8.0,65960.0,low,,False
163,December,,Computer,319.0,4.4,2.0,84.22,673.73,8.0,2807.2,Med,,False
589,Jun,-,FAN,71.0,,2.0,63.05,504.38,8.0,,Med,Summer,False
938,Apr, Kitchen  ,Fan,71.0,6.4,2.0,27.26,218.11,8.0,908.8,medium,Spring,False
306,April,Kitchen,Light,40.0,8.7,1.0,,83.52,,348.0,,,False
583,May,Kitchen,Light,33.0,4.6,3.0,13.66,109.3,8.0,455.4,Low,Spring,False
 184 ,May, Drawing Room  ,AC,916.0,3.1,2.0,170.38,1363.01,8.0,5679.2,high,Spring,True
708,may,Living Room,Fan,68.0,9.0,2.0,36.72,293.76,8.0,1224.0,Medium,,False
664,unknown,Living Room,TV,148.0,2.4,2.0.0,21.31,170.5,8.0,,Medium,,False
550,Jul,Drawing Room,Fan,79.0,6.7,3.0,47.64,381.1,8.0,1587.9,Med,Summer,False
609,January,Drawing Room,fan,75.0,9.0,1.0,20.25,162.0,8.0,675.0,medium,,False
182,Oct,,unknown,1594.0,7.5,3.0,1075.95,8607.6,8.0,35865.0,HIGH,Autumn,False
399,Apr, Bedroom  ,COMPUTER,167.0,2.7,1.0,13.53,108.22,8.0,450.9,low,Spring,False
888,Oct, Kitchen  ,Fridge,221.0,20.3,2.0,269.18,2153.42,8.0,8972.6,High,Autumn,True
756,Oct,n/a,fan,62.0,6.1,,22.69,181.54,8.0,,Medium,Autumn,False
926,September,Dining Room,Fan,85.0,12.9,2.0,65.79,526.32,8.0,2193.0,Med,,False
476,May,Living Room,COMPUTER,279.0,9.3,3.0,233.52,1868.18,8.0,7784.1,high,Spring,False
910,Apr,Living Room,Computer,281.0,8.4,3.0,212.44,1699.49,8.0,7081.2,High,Spring,False
425,Dec,Living_Room,LIGHT,12.0,8.5,1.0,3.06,24.48,8.0,102.0,Low,Winter,False
129,Apr,Living Room,FAN,57.0,8.6,1.0,14.71,117.65,8.0,490.2,low,Spring,False
247,Feb,Living Room,FAN,86.0,16.3,1.0,42.05,336.43,8.0,1401.8,Medium,Winter,False
375,unknown,,FAN,61.0,12.3,3.0,67.53,,,2250.9,medium,,False
743,Dec,Kitchen, Fan  ,71.0,17.2,2.0,73.27,586.18,8.0,2442.4,Med,Winter,False
334,Mar,Kitchen,LIGHT,,?,2.0,20.16,161.28,8.0,,Medium,Spring,False
981,Nov,Bathroom,Fan,66.0,11.9,3.0,N/A,565.49,,2356.2,,Autumn,False
752,Jun, Living Room  ,Computer,380.0,9.8,2.0.0,223.44,1787.52,8.0,,high,Summer,False
804,Dec,Kitchen, Microwave  ,725.0,0.1,3.0,6.53,52.2,7.99,217.5,low,Winter,True
770,jan,drawing room,AC,1178.0,6.4,2.0,452.35,3618.82,8.0,15078.4,High,,True
295,Aug, Living Room  , Fan  ,78.0,8.7,1.0,20.36,162.86,8.0,678.6,Medium,Summer,False
229,September,Bathroom,Fan,64.0,17.2,3.0,,792.58,,3302.4,,,False
188,October,Bedroom, Heater  ,1334.0,3.5,2.0,280.14,2241.12,8.0,9338.0,High,,False
621,May,Kitchen,washing machine,-644.0,-1.4,3.0,81.14,649.15,8.0,2704.8,Med,Spring,True
235,Aug, Kitchen  ,Microwave,660.0,0.2,3.0,11.88,95.04,8.0,396.0,low,Summer,True
532,Jan,Bathroom,LIGHT,38.0,9.9,3.0,33.86,270.86,8.0,1128.6,Medium,Winter,False
3,mar,bathroom,Fan,79.0,6.0,1.0,14.22,113.76,8.0,474.0,Low,,False
661,Oct,,-,594.0,2.0,2.0,71.28,570.24,8.0,2376.0,medium,Autumn,False
824,may,Drawing Room,TV,83.0,unknown,2.0,22.41,179.28,8.0,,Medium,,False
472,Jan,Bedroom,Heater,973.0,2.2,3.0,192.65,,,6421.8,High,Winter,False
788,MAY,Kitchen,Fan,68.0,12.9,1.0,26.32,210.53,8.0,877.2,medium,,False
403,Nov,dining room,Light,39.0,5.7,3.0,20.01,160.06,8.0,666.9,medium,Autumn,False
961,May,bathroom,,916.0,3.3,2.0,181.37,1450.94,8.0,6045.6,high,Spring,
388,Apr,,FAN,8400.0,11.2,2.0,56.45,451.58,8.0,188160.0,Med,Spring,False
391,Jun,Drawing_Room,AC,1691.0,6.7,3.0.0,1019.67,8157.38,8.0,,HIGH,Summer,True
163,Aug,drawing room,Computer,122.0,6.1,1.0,22.33,178.61,8.0,744.2,Med,Summer,False
 432 ,Dec,Living Room, AC  ,923.0,5.1,2.0.0,282.44,2259.5,8.0,,HIGH,Winter,True
721,Dec,Living Room,Fan,53.0,12.1,3.0,57.72,461.74,8.0,1923.9,Medium,Winter,False
19,Jul,BATHROOM,Heater,1392.0,1.2,2.0,100.22,,,3340.8,high,Summer,False
147,May,Bathroom,washing machine,526.0,1.9,2.0,59.96,479.71,8.0,1998.8,Med,Spring,True
256,February, Drawing Room  ,TV,107.0,3.1,2.0.0,19.9,159.22,8.0,,Low,,False
962,July,Bathroom,Heater,993.0,3.7,1.0.0,110.22,881.78,8.0,,HIGH,,False
868,Sep,Bedroom,fan,74.0,14.2,2.0.0,63.05,504.38,8.0,,Medium,Autumn,False
452,Aug,Drawing Room,TV,156.0,5.8,1.0.0,27.14,,,,Med,Summer,False
796,November,Drawing Room,FAN,58.0,17.0,2.0,59.16,473.28,8.0,1972.0,Med,,False
700,Feb,living room,TV,100.0,4.6,1.0.0,13.8,110.4,8.0,,low,Winter,False
944,Feb,Bathroom,Light,23.0,9.0,1.0,0.00621,49.68,8000.0,207.0,Low,Winter,False
259,Dec,BATHROOM,,66.0,9.6,1.0,19.01,152.06,8.0,633.6,low,Winter,
958,Sep,bathroom,Washing_Machine,771.0,1.7,1.0,39.32,314.57,8.0,1310.7,Med,Autumn,True
404,November, Bedroom  ,fan,55.0,8.6,1.0,14.19,113.52,8.0,473.0,low,,False
305,Apr,kitchen,,549.0,0.8,,39.53,316.22,8.0,,medium,Spring,
141,feb,Living Room,Fan,,6.3,1.0.0,15.31,122.47,8.0,,low,,False
611,April,kitchen, Fan  ,86.0,6.7,3.0,51.86,414.86,8.0,1728.6,Med,,False
807,Jan,dining room,Fan,62.0,6.6,3.0,36.83,294.62,8.0,1227.6,medium,Winter,False
183,November,Bedroom,Fan,66.0,13.0,2.0.0,51.48,411.84,8.0,,Med,,False
496,Feb,Drawing Room,AC,1190.0,4.2,1.0,149.94,1199.52,8.0,4998.0,HIGH,Winter,True
500,Dec,Bathroom,Fan,57.0,11.0,1.0,18.81,150.48,8.0,627.0,Low,Winter,False
863,June,Bedroom,TV,178.0,3.0,2.0,32.04,256.32,8.0,1068.0,medium,,False
693,December,Drawing Room,TV,132.0,2.7,3.0,32.08,256.61,8.0,1069.2,Medium,,False
361,Jun,Bedroom,COMPUTER,364.0,4.6,1.0,50.23,401.86,8.0,1674.4,Med,Summer,False
145,apr,Kitchen, Microwave  ,740.0,0.2,3.0,13.32,106.56,8.0,444.0,low,,True
431,Jan,,Light,N/A,4.4,3.0,?,72.86,,,,Winter,False
226,Jul,Living_Room,AC,1967.0,3.7,3.0,655.01,5240.09,8.0,21833.7,HIGH,Summer,True
818,Sep,Kitchen,microwave,705.0,0.4,1.0,8.46,67.68,8.0,282.0,Low,Autumn,True
52,Jun, Bathroom  ,Light,33.0,3.3,3.0,9.8,78.41,8.0,326.7,Low,Summer,False
242,Mar, Living Room  ,FAN,56.0,15.3,3.0,77.11,616.9,8.0,2570.4,Medium,Spring,False
758,jan,Bedroom,light,34.0,8.4,1.0,8.57,68.54,8.0,285.6,Low,,False
908,May,Drawing Room, Fan  ,unknown,8.0,1.0,18.72,149.76,8.0,,Low,Spring,False
343,Jun, Bathroom  ,Washing Machine,707.0,0.8,1.0,16.97,135.74,8.0,565.6,Low,Summer,True
93,March,Bedroom,TV,107.0,5.6,3.0,53.93,431.42,8.0,1797.6,Medium,,False
500,Mar,drawing room,AC,1977.0,4.1,3.0,729.51,5836.1,8.0,24317.1,High,Spring,True
179,Jun,Living Room,TV,174.0,2.9,100.0,30.28,242.21,8.0,50460.0,medium,Summer,False
967,sep,Bedroom, Computer  ,223.0,4.7,1.0,31.44,251.54,8.0,1048.1,medium,,False
994,Apr,Kitchen, Washing Machine  ,431.0,1.8,3.0,69.82,558.58,8.0,2327.4,Medium,Spring,True
809,Oct,, Light  ,30.0,9.8,1.0,8.82,70.56,8.0,294.0,low,Autumn,False
557,October,kitchen,Fridge,227.0,19.4,1.0,132.11,1056.91,8.0,4403.8,High,,True
457,Jun,Living Room,Light,40.0,5.8,1.0,6.96,,,232.0,Low,Summer,False
715,Apr,Unknown,LIGHT,29.0,5.1,3.0,13.31,106.49,8.0,443.7,low,Spring,False
805,Sep,Living Room,TV,unknown,5.4,3.0.0,,738.72,,,,Autumn,False
436,Jun,DRAWING ROOM,Computer,164.0,6.4,3.0,94.46,755.71,8.0,3148.8,Medium,Summer,False
642,December,unknown,COMPUTER,138.0,6.1,2.0,50.51,404.06,8.0,1683.6,medium,,False
487,November, Living Room  , TV  ,125.0,4.1,3.0,46.12,369.0,8.0,1537.5,Med,,False
25,Apr,Living_Room,TV,168.0,3.1,2.0,31.25,249.98,8.0,1041.6,medium,Spring,False
576,Jun,Bathroom,,16.0,6.6,2.0,6.34,50.69,8.0,211.2,Low,Summer,
568,Mar,Bathroom,fan,84.0,16.4,2.0,82.66,661.25,8.0,2755.2,medium,Spring,False
472,MAY,Bedroom,Fan,59.0,13.5,3.0,71.69,573.48,8.0,2389.5,medium,,False
804,May,Drawing Room,Fan,69.0,14.7,3.0,91.29,730.3,8.0,3042.9,medium,Spring,False
763,NOV, Dining Room  ,Light,18.0,10.0,3.0,16.2,129.6,8.0,540.0,low,,False
375,Oct,living room,Computer,10200.0,9.7,1.0,29.68,237.46,8.0,98940.0,Medium,Autumn,False
537,Nov,,Fan,50.0,15.4,1.0,23.1,184.8,8.0,770.0,medium,Autumn,False
978,October,DINING ROOM,Fan,73.0,17.4,2.0,76.21,609.7,8.0,2540.4,Med,,False
541,Mar,Drawing_Room,COMPUTER,350.0,3.8,2.0,79.8,638.4,8.0,2660.0,medium,Spring,False
648,Dec, Bedroom  , Light  ,31.0,8.4,2.0,15.62,124.99,8.0,520.8,low,Winter,False
508,Aug,DINING ROOM,light,25.0,7.9,1.0,5.92,47.4,8.01,197.5,low,Summer,False
44,Nov,kitchen,Washing Machine,451.0,1.9,1.0.0,25.71,205.66,8.0,,medium,Autumn,True
647,Aug,kitchen,Microwave,961.0,0.5,1.0.0,14.41,115.32,8.0,,low,Summer,True
881,Mar,Dining_Room,FAN,60.0,7.9,3.0,42.66,341.28,8.0,1422.0,Med,Spring,False
677,July,Kitchen,Fridge,290.0,19.5,2.0,339.3,2714.4,8.0,11310.0,high,,True
583,Aug,not sure,Computer,166.0,9.9,1.0,49.3,394.42,8.0,1643.4,medium,Summer,False
170,oct,Kitchen,Fan,80.0,6.1,2.0,29.28,234.24,8.0,976.0,medium,,False
898,February, Living Room  ,TV,127.0,3.8,1.0,14.48,115.82,8.0,482.6,low,,False
303,Dec,BATHROOM,FAN,53.0,11.2,1.0,17.81,142.46,8.0,593.6,low,Winter,False
676,Feb, Living Room  ,FAN,,11.5,1.0,17.94,143.52,8.0,,low,Winter,False
465,,Dining Room,Fan,59.0,17.3,1.0,30.62,244.97,8.0,1020.7,Med,,False
321,Nov,Living Room,TV,138.0,,1.0,23.6,188.78,8.0,,Med,Autumn,False
526,Jun,BEDROOM, TV  ,86.0,3.9,3.0,30.19,241.49,8.0,1006.2,Med,Summer,False
391,jun,Dining Room,FAN,63.0,11.5,2.0,43.47,347.76,8.0,1449.0,medium,,False
962,Oct,Drawing Room,AC,1627.0,9.7,1.0,473.46,3787.66,8.0,15781.9,HIGH,Autumn,True
294,March,DINING ROOM,Fan,78.0,14.8,2.0,69.26,554.11,8.0,2308.8,Medium,,False
541,Apr,dining room,Fan,,17.3,3.0,115.22,921.74,8.0,,HIGH,Spring,False
727,Oct,Living Room,-,74.0,3.1,3.0,20.65,165.17,8.0,688.2,medium,Autumn,False
597,dec,KITCHEN,Washing Machine,,,2.0,N/A,278.78,,,,,True
150,Feb,Bedroom,COMPUTER,105.0,2.4,3.0,22.68,181.44,8.0,756.0,Med,Winter,False
586,Jun,Living Room,COMPUTER,114.0,6.3,2.0,43.09,344.74,8.0,1436.4,Medium,Summer,False
707,Mar,Bedroom,Heater,1259.0,2.8,2.0,211.51,1692.1,8.0,7050.4,High,Spring,False
664,aug,Living Room,computer,212.0,4.1,2.0,52.15,417.22,8.0,1738.4,Med,,False
57,dec,Dining Room,Light,14.0,3.8,1.0,1.6,12.77,7.98,53.2,low,,False
874,September,kitchen,Fridge,183.0,23.1,2.0,253.64,2029.1,8.0,8454.6,HIGH,,True
137,, Dining Room  ,Light,21.0,N/A,3.0,18.52,148.18,8.0,,Low,,False
951,Jan,drawing room,Light,11.0,4.1,1.0,1.35,10.82,8.01,45.1,Low,Winter,False
224,August, Dining Room  , Fan  ,69.0,7.3,1.0,15.11,120.89,8.0,503.7,Low,,False
402,Oct,Living Room,Light,13.0,5.1,2.0,3.98,31.82,7.99,132.6,low,Autumn,False
453,Feb,Bedroom,FAN,69.0,8.6,2.0,35.6,284.83,8.0,1186.8,Med,Winter,False
399,Nov, Bedroom  ,heater,1146.0,3.1,2.0,213.16,1705.25,8.0,7105.2,HIGH,Autumn,False
985,Aug,Dining Room,FAN,65.0,8.7,2.0,33.93,271.44,8.0,1131.0,Med,Summer,False
821,Mar,DINING ROOM,FAN,87.0,9.5,1.0,24.8,198.36,8.0,826.5,Med,Spring,False
443,Mar,Drawing Room,TV,173.0,2.1,3.0,32.7,261.58,8.0,1089.9,Med,Spring,False
85,Jun,Living Room,AC,1339.0,2.5,2.0,200.85,1606.8,8.0,6695.0,HIGH,Summer,True
805,Dec,Kitchen, Fridge  ,282.0,21.9,3.0.0,555.82,4446.58,8.0,,High,Winter,True
675,Apr,Living_Room,AC,1350.0,9.0,3.0,1093.5,8748.0,8.0,36450.0,HIGH,Spring,True
761,Apr,Bedroom,LIGHT,11.0,7.5,1.0,2.48,19.8,7.98,82.5,Low,Spring,False
873,,Dining Room,LIGHT,21.0,8.7,2.0,10.96,87.7,8.0,365.4,Low,,False
37,Aug,Dining Room,LIGHT,20.0,7.4,50.0,4.44,35.52,8.0,7400.0,Low,Summer,False
613,Feb,dining room,FAN,67.0,10.9,2.0,43.82,350.54,8.0,1460.6,Med,Winter,False
895,December,Kitchen,washing machine,590.0,1.3,1.0,23.01,,,767.0,Medium,,True
833,Feb,LIVING ROOM, Fan  ,54.0,11.0,3.0,53.46,427.68,8.0,1782.0,Medium,Winter,False
74,Aug,living room,AC,1536.0,9.1,1.0,419.33,3354.62,8.0,13977.6,high,Summer,True
451,April,Living Room,TV,-86.0,3.9,3.0,30.19,241.49,8.0,-1006.2,Medium,,False
301,Jan,Living Room, Computer  ,146.0,8.7,,38.11,304.85,8.0,,Med,Winter,False
633,May,Kitchen,Microwave,655.0,0.2,1.0,,,,131.0,,Spring,True
763,,Kitchen,fridge,283.0,21.4,1.0,181.69,1453.49,8.0,6056.2,High,,True
88,Apr,LIVING ROOM,light,16.0,8.0,1.0,3.84,30.72,8.0,128.0,low,Spring,False
747,Apr,Drawing Room,Fan,50.0,6.2,3.0,27.9,223.2,8.0,930.0,Med,Spring,False
842,Nov,living room,ac,1309.0,2.0,3.0,235.62,1884.96,8.0,7854.0,high,Autumn,True
 736 ,nov,Dining Room,LIGHT,40.0,4.9,2.0,11.76,94.08,8.0,392.0,Low,,False
816,n/a,Living Room,AC,1554.0,2.9,3.0,405.59,3244.75,8.0,13519.8,high,,True
345,Aug,KITCHEN, Fan  ,72.0,8.7,3.0,56.38,451.01,8.0,1879.2,Med,Summer,False
665,Aug,LIVING ROOM,fan,70.0,17.4,1.0,36.54,292.32,8.0,1218.0,Medium,Summer,False
99,Mar,Living Room,,60.0,9.6,1.0,17.28,138.24,8.0,576.0,low,Spring,
307,July,Drawing_Room,light,40.0,,1.0,6.0,48.0,8.0,,low,,False
430,Aug,Bedroom, AC  ,1367.0,3.6,2.0,295.27,2362.18,8.0,9842.4,HIGH,Summer,True
593,May,BEDROOM,AC,1976.0,7.5,2.0,889.2,7113.6,8.0,29640.0,HIGH,Spring,True
898,April,Bathroom, Light  ,12.0,5.8,2.0,4.18,33.41,7.99,139.2,Low,,False
199,August,Drawing Room,tv,98.0,2.8,2.0.0,16.46,131.71,8.0,,low,,False
804,feb, Bathroom  ,Light,-39.0,6.3,1.0,7.37,58.97,8.0,-245.7,Low,,False
133,oct,LIVING ROOM,ac,1204.0,4.5,2.0,325.08,2600.64,8.0,10836.0,high,,True
216,Mar, Drawing Room  ,Computer,199.0,6.2,2.0,74.03,592.22,8.0,2467.6,Med,Spring,False
381,May,Bathroom,Heater,977.0,1.4,2.0,82.07,656.54,8.0,2735.6,Medium,Spring,False
128,October,Living Room, Computer  ,101.0,9.7,3.0,88.17,705380.0,8000.23,2939.1,Med,,False
696,June,KITCHEN,Fridge,,19.6,2.0,346.92,2775.36,8.0,,high,,True
465,August,Living Room,tv,120.0,4.6,2.0,33.12,264.96,8.0,1104.0,medium,,False
16,Mar, Bedroom  , Fan  ,63.0,13.1,3.0,74.28,594.22,8.0,2475.9,Medium,Spring,False
825,Oct, Drawing Room  ,AC,1155.0,9.9,3.0,1029.11,8232.84,8.0,34303.5,HIGH,Autumn,True
505,April,BATHROOM,Fan,61.0,6.3,2.0,23.06,184.46,8.0,768.6,Medium,,False
393,JAN,Dining_Room,Fan,90.0,10.3,3.0,unknown,667.44,,2781.0,,,False
917,,bedroom,TV,140.0,5.7,2.0,47.88,383.04,8.0,1596.0,Med,,False
54,Apr,Bedroom,TV,110.0,3.7,2.0,24.42,195.36,8.0,814.0,Medium,Spring,False
391,aug,,heater,936.0,2.2,1.0.0,61.78,494.21,8.0,,Medium,,False
210,January,,Light,29.0,6.8,3.0,17.75,141.98,8.0,591.6,low,,False
521,Aug, Dining Room  , Light  ,32.0,9.6,1.0,9.22,73.73,8.0,307.2,low,Summer,False
57,Jun,BEDROOM,Fan,82.0,12.0,2.0,59.04,472.32,8.0,1968.0,Med,Summer,False
779,Aug,Dining Room,Fan,86.0,16.8,1.0,43.34,346.75,8.0,1444.8,Med,Summer,False
 614 ,Feb,living room,light,18.0,5.2,3.0,8.42,67.39,8.0,280.8,Low,Winter,False
881,JUN,Living Room,Light,18.0,3.7,3.0,5.99,47.95,8.01,199.8,Low,,False
598,September,Drawing Room,TV,168.0,,2.0,26.21,209.66,8.0,,Medium,,False
487,feb,Dining Room,n/a,15.0,8.1,3.0,10.94,87.48,8.0,364.5,low,,False
450,Apr,Kitchen,Light,39.0,3.6,2.0,8.42,67.39,8.0,280.8,low,Spring,False
877,November,Kitchen,Fan,52.0,,3.0,35.57,284.54,8.0,,Med,,False
531,Feb,Drawing Room,computer,256.0,6.2,1.0,47.62,380.93,8.0,1587.2,Medium,Winter,False
869,Nov,living room,FAN,56.0,7.5,1.0,12.6,100.8,8.0,420.0,Low,Autumn,False
55,Jan,Bedroom,Fan,71.0,11.4,1.0,24.28,194.26,8.0,809.4,medium,Winter,False
670,August,Bedroom,Light,40.0,7.8,2.0,,149.76,,624.0,,,False
378,Jun,Bedroom,Heater,1120.0,1.8,3.0,181.44,1451.52,8.0,6048.0,HIGH,Summer,False
348,Nov,living room,AC,953.0,8.1,2.0,463.16,3705.26,8.0,15438.6,HIGH,Autumn,True
45,Feb, Drawing Room  ,TV,60.0,2.3,1.0,4.14,33.12,8.0,138.0,low,Winter,False
457,Jul,Living Room, Computer  ,324.0,7.7,2.0,149.69,1197.5,8.0,4989.6,HIGH,Summer,False
309,nov,Dining Room,Light,37.0,9.1,3.0,30.3,242.42,8.0,1010.1,medium,,False
31,Sep,Drawing_Room,FAN,73.0,15.5,3.0,101.83,814.68,8.0,3394.5,high,Autumn,False
559,Aug,Bedroom, Computer  ,218.0,5.0,2.0.0,65.4,523.2,8.0,,Medium,Summer,False
70,Nov,Living Room, Fan  ,89.0,15.3,1.0,40.85,326.81,8.0,1361.7,medium,Autumn,False
556,Sep,living room,Light,26.0,9.4,1.0,7.33,58.66,8.0,244.4,Low,Autumn,False
968,jan,Dining Room, Fan  ,51.0,11.0,1.0,16.83,134.64,8.0,561.0,Low,,False
664,Aug,bathroom,WASHING MACHINE,440.0,1.8,1.0,23.76,190.08,8.0,792.0,Medium,Summer,True
322,Nov,Bedroom,AC,1091.0,2.5,2.0,163.65,1309.2,8.0,5455.0,High,Autumn,True
613,Feb,drawing room,Computer,,9.6,2.0,112.32,898.56,8.0,,High,Winter,False
821,apr,DINING ROOM,Fan,78.0,650.0,1.0,15.21,121.68,8.0,50700.0,Low,,False
607,September,Bathroom,,1131.0,2.1,2.0,142.51,1140.05,8.0,4750.2,high,,
680,Apr,BEDROOM,light,14.0,4.5,1.0,1.89,15.12,8.0,63.0,low,Spring,False
751,Jan,BATHROOM,Washing Machine,789.0,1.2,1.0,28.4,227.23,8.0,946.8,medium,Winter,True
47,Apr,Drawing_Room,Fan,54.0,12.9,3.0.0,62.69,501.55,8.0,,Med,Spring,False
448,April,kitchen,Washing_Machine,683.0,0.9,2.0,36.88,295.06,8.0,1229.4,Med,,True
726,Apr,,light,40.0,9.9,1.0,11.88,95.04,8.0,396.0,Low,Spring,False
532,Mar,Bedroom, Light  ,38.0,8.0,2.0,18.24,145.92,8.0,608.0,low,Spring,False
203,Jul,DRAWING ROOM,AC,1159.0,9.7,1.0,337.27,2698.15,8.0,11242.3,high,Summer,True
303,Jun,BATHROOM,Heater,1456.0,2.4,2.0,209.66,1677.31,8.0,6988.8,High,Summer,False
687,aug,DINING ROOM,Fan,59.0,11.7,2.0,41.42,331.34,8.0,1380.6,Med,,False
774,aug,LIVING ROOM,AC,1666.0,3.1,1.0,154.94,1239.5,8.0,5164.6,High,,True
915,Sep,Bedroom,Light,34.0,4.3,2.0,8.77,70.18,8.0,292.4,Low,Autumn,False
751,Dec,Bathroom,Fan,53.0,12.1,3.0,57.72,461.74,8.0,1923.9,Med,Winter,False
647,aug,bedroom,Fan,51.0,14.9,2.0,45.59,364.75,8.0,1519.8,medium,,False
137,Sep,-,fridge,298.0,20.3,1.0,181.48,1451.86,8.0,6049.4,high,Autumn,True
843,Aug,LIVING ROOM,AC,1324.0,5.1,3.0,,4861.73,,20257.2,,Summer,True
564,Sep,Kitchen,fridge,128.0,20.8,,239.62,1916.93,8.0,,HIGH,Autumn,True
581,Jul,Living Room,Computer,339.0,2.3,3.0,70.17,561.38,8.0,2339.1,Medium,Summer,False
357,Jan,Bedroom,COMPUTER,142.0,4.5,1.0.0,19.17,153.36,8.0,,low,Winter,False
682,Jan,Bedroom,Light,19.0,4.5,3.0.0,7.7,61.56,7.99,,Low,Winter,False
699,Feb,Drawing Room,Fan,69.0,unknown,1.0,23.6,188.78,8.0,,medium,Winter,False
997,December,Kitchen,light,25.0,5.2,3.0,11.7,93.6,8.0,390.0,low,,False
242,aug,Living Room, AC  ,1551.0,3.2,1.0,148.9,1191.17,8.0,4963.2,high,,True
568,May,Bedroom,Heater,1020.0,2.1,2.0,,1028.16,,4284.0,,Spring,False
630,may, Kitchen  ,fridge,244.0,23.1,1.0,169.09,1352.74,8.0,5636.4,HIGH,,True
185,January,kitchen,Washing Machine,578.0,1.4,3.0,72.83,582.62,8.0,2427.6,medium,,True
963,mar,bedroom,heater,1392.0,4.0,2.0,334.08,2672.64,8.0,11136.0,HIGH,,False
820,Dec,Drawing Room, Light  ,37.0,10.0,3.0,33.3,266.4,8.0,1110.0,medium,Winter,False
805,DEC,Drawing Room,Fan,80.0,14.2,2.0.0,68.16,545.28,8.0,,medium,,False
225,Dec,DRAWING ROOM,Computer,207.0,2.4,3.0,44.71,357.7,8.0,1490.4,medium,Winter,False
754,Apr,DRAWING ROOM,Computer,104.0,8.6,1.0,26.83,214.66,8.0,894.4,Medium,Spring,False
470,apr,Dining Room,Light,19.0,7.3,3.0,12.48,99.86,8.0,416.1,low,,False
258,Apr,Bedroom,Computer,185.0,6.4,2.0,,568320.0,,2368.0,,Spring,False
798,Apr,DRAWING ROOM,computer,365.0,6.9,1.0,,604.44,,2518.5,,Spring,False
828,Jun,Drawing Room,TV,105.0,2.5,3.0,23.62,189.0,8.0,787.5,Medium,Summer,False
624,July,Drawing Room,Computer,165.0,3.8,1.0,18.81,150.48,8.0,627.0,Low,,False
253,Dec,Living Room,TV,104.0,3.2,3.0,29.95,239.62,8.0,998.4,medium,Winter,False
673,May,kitchen,Washing_Machine,418.0,1.2,1.0,15.05,120.38,8.0,501.6,Low,Spring,True
671,Aug,Drawing_Room,TV,179.0,2.9,1.0,15.57,124.58,8.0,519.1,low,Summer,False
879,Unknown,Kitchen,Microwave,639.0,0.2,1.0,3.83,30.67,8.01,127.8,low,,True
405,N/A,Kitchen,light,32.0,7.8,2.0,14.98,119.81,8.0,499.2,low,,False
728,,Living Room,AC,1748.0,7.8,2.0,818.06,6544.51,8.0,27268.8,high,,True
262,Dec,Kitchen,light,25.0,9.7,1.0,7.27,58.2,8.01,242.5,Low,Winter,False
653,Aug,drawing room,LIGHT,23.0,9.3,2.0,12.83,102.67,8.0,427.8,low,Summer,False
230,Mar,Kitchen, Light  ,36.0,6.2,2.0,?,107.14,,446.4,,Spring,False
587,Jun,Drawing Room,ac,908.0,4.6,2.0,,2004.86,,8353.6,,Summer,True
846,Apr, Drawing Room  ,ac,1150.0,990.0,1.0,341.55,2732.4,8.0,1138500.0,High,Spring,True
544,Apr,Kitchen,N/A,226.0,20.2,1.0,136.96,1095.65,8.0,4565.2,HIGH,Spring,False
319,May,Drawing_Room, TV  ,-144.0,3.8,1.0,16.42,131.33,8.0,-547.2,low,Spring,False
558,Jan,BEDROOM,AC,1475.0,8.5,3.0,1128.38,9027.0,8.0,37612.5,high,Winter,True
475,April,Dining Room,light,17.0,4.6,2.0,4.69,37.54,8.0,156.4,low,,False
957,mar,Bathroom,Heater,1132.0,1.5,3.0,152.82,1222.56,8.0,5094.0,High,,False
86,Sep,living room, Computer  ,367.0,6.6,2.0,145.33,1162.66,8.0,4844.4,high,Autumn,False
412,Oct,Bedroom, TV  ,136.0,3.9,1.0,15.91,127.3,8.0,530.4,low,Autumn,False
143,Mar,not sure,Light,27.0,-,3.0,12.39,99.14,8.0,,low,Spring,False
939,Feb,bedroom,not sure,922.0,8.1,2.0,448.09,3584.74,8.0,14936.4,HIGH,Winter,False
894,Jul,living room,TV,157.0,2.2,2.0,20.72,165.79,8.0,690.8,medium,Summer,False
383,Feb,Dining Room,Light,28.0,4.9,3.0,12.35,98.78,8.0,411.6,low,Winter,False
290,Apr,,Computer,275.0,,1.0,40.42,323.4,8.0,,Medium,Spring,False
473,Oct,LIVING ROOM,Computer,182.0,-2.0,1.0,10.92,87.36,8.0,-364.0,Low,Autumn,False
750,Apr,Living Room,Fan,64.0,16.2,2.0,62.21,497.66,8.0,2073.6,Medium,Spring,False
44,feb,Kitchen,Fan,65.0,8.5,3.0,49.73,397.8,8.0,1657.5,medium,,False
972,October,Drawing_Room,Unknown,81.0,,1.0,38.15,305.21,8.0,,Med,,False
813,Oct, Drawing Room  ,Computer,127.0,4.8,3.0,54.86,438.91,8.0,1828.8,medium,Autumn,False
107,Feb,BATHROOM,Light,,6.0,3.0,12.96,103.68,8.0,,low,Winter,False
607,, Bedroom  ,FAN,62.0,7.2,1.0,13.39,107.14,8.0,446.4,low,,False
402,Nov,,Fan,62.0,15.8,1.0,29.39,235.1,8.0,979.6,medium,Autumn,False
295,Jul,Drawing Room,AC,1356.0,7.5,2.0,610.2,4881.6,8.0,20340.0,high,Summer,True
430,Jan,Dining Room,Light,38.0,7.7,1.0,8.78,70.22,8.0,292.6,Low,Winter,False
538,Aug,Bedroom,LIGHT,19.0,6.8,1.0,3.88,31.01,7.99,129.2,low,Summer,False
999,Apr,DINING ROOM,Light,17.0,,,13.31,,,,Low,Spring,False
960,DEC,living room,Computer,349.0,,1.0.0,82.71,661.7,8.0,,medium,,False
52,Apr, Kitchen  ,Washing Machine,530.0,1.9,1.0,30.21,241.68,8.0,1007.0,medium,Spring,True
543,Oct,Kitchen,FAN,90.0,14.4,1.0,38.88,311.04,8.0,1296.0,medium,Autumn,False
250,July,Bathroom, Fan  ,76.0,16.4,2.0,74.78,598.27,8.0,2492.8,Medium,,False
79,January,Living Room,light,34.0,9.7,1.0,9.89,79.15,8.0,329.8,Low,,False
80,Dec,Dining Room,fan,84.0,11.0,3.0,83.16,665.28,8.0,2772.0,Medium,Winter,False
782,Oct, Bedroom  , AC  ,1039.0,3.9,2.0,243.13,1945.01,8.0,8104.2,HIGH,Autumn,True
984,Mar,Bedroom,fan,80.0,10.5,2.0,50.4,403.2,8.0,1680.0,medium,Spring,False
265,Apr, Bedroom  ,AC,1656.0,2.6,3.0,387.5,3100.03,8.0,12916.8,HIGH,Spring,True
995,jan,Drawing_Room,Light,29.0,9.1,1.0,7.92,63.34,8.0,263.9,low,,False
971,Feb,Bedroom,LIGHT,32.0,5.6,3.0,16.13,129.02,8.0,537.6,Low,Winter,False
126,Dec,Kitchen,Washing Machine,469.0,1.3,1.0,18.29,146.33,8.0,609.7,low,Winter,True
132,April,,Computer,110.0,8.1,2.0,53.46,427.68,8.0,1782.0,Medium,,False
173,MAY,living room,AC,1586.0,9.8,1.0,466.28,3730.27,8.0,15542.8,High,,True
520,FEB,bedroom,Fan,72.0,11.6,2.0,50.11,400.9,8.0,1670.4,Med,,False
867,Dec,Living Room,N/A,73.0,16.6,3.0,109.06,872500.0,8000.18,3635.4,High,Winter,False
674,May,Kitchen,Fridge,245.0,21.1,2.0,310.17,2481.36,8.0,10339.0,high,Spring,True
874,Sep,Dining Room,Fan,51.0,7.8,1.0,11.93,95.47,8.0,397.8,low,Autumn,False
815,Feb,Bedroom, Computer  ,295.0,,2.0,139.83,1118.64,8.0,,high,Winter,False
251,JAN,Kitchen,fan,,13.3,2.0,64.64,517.1,8.0,,medium,,False
629,Mar,DINING ROOM,Light,24.0,4.1,1.0,2.95,23.62,8.01,98.4,low,Spring,False
629,Dec,DINING ROOM, Fan  ,55.0,15.1,2.0,49.83,398.64,8.0,1661.0,Med,Winter,False
111,Dec,DRAWING ROOM,TV,183.0,4.5,3.0,74.11,592.92,8.0,2470.5,Medium,Winter,False
597,,Kitchen,Washing Machine,789.0,0.8,3.0,56.81,454.46,8.0,1893.6,medium,,True
568,May,Drawing Room, Fan  ,68.0,15.2,1.0,31.01,,,1033.6,Medium,Spring,False
573,Dec,Bathroom, Heater  ,1011.0,2.4,3.0,218.38,1747.01,8.0,7279.2,high,Winter,False
492,Feb,Bedroom,TV,197.0,4.7,1.0,27.78,222.22,8.0,925.9,Med,Winter,False
995,JUN, Living Room  ,Computer,,7.5,3.0,243.0,1944.0,8.0,,High,,False
793,September,drawing room,TV,170.0,2.3,2.0,23.46,187.68,8.0,782.0,Med,,False
555,jul, Drawing Room  ,COMPUTER,-241.0,6.6,3.0,143.15,1145.23,8.0,-4771.8,HIGH,,False
 324 ,Jan,Kitchen,Fridge,138.0,19.1,2.0,158.15,1265.18,8.0,5271.6,HIGH,Winter,True
660,Sep,drawing room,FAN,76.0,12.7,3.0,,694.94,,2895.6,,Autumn,False
945,jan, Drawing Room  ,,378.0,,2.0,215.46,1723.68,8.0,,HIGH,,
225,FEB,bedroom, TV  ,142.0,2.5,3.0,,255.6,,1065.0,,,False
960,feb, Bedroom  ,Heater,1323.0,2.2,1.0,87.32,698.54,8.0,2910.6,Medium,,False
812,AUG,Living Room,computer,344.0,5.7,2.0,117.65,941.18,8.0,3921.6,High,,False
478,October,Bedroom,Computer,,2.1,2.0,20.16,161.28,8.0,,Medium,,False
710,Aug,Bedroom,TV,157.0,2.4,3.0,33.91,271.3,8.0,1130.4,medium,Summer,False
994,nov, Bedroom  ,heater,1256.0,3.3,2.0,248.69,1989.5,8.0,8289.6,High,,False
572,Dec,LIVING ROOM,Light,12.0,9.9,1.0,3.56,28510.0,8008.43,118.8,low,Winter,False
812,Jan, Living Room  , Light  ,30.0,8.3,2.0,14.94,119.52,8.0,498.0,Low,Winter,False
466,December,dining room,light,26.0,4.1,2.0,6.4,51.17,8.0,213.2,Low,,False
909,March,Living Room, Computer  ,205.0,7.0,1.0,43.05,344.4,8.0,1435.0,Medium,,False
120,Mar,Bedroom,TV,,2.7,3.0,44.47,355.75,8.0,,medium,Spring,False
205,May,Kitchen,Washing Machine,520.0,1.2,3.0,56.16,449.28,8.0,1872.0,Med,Spring,True
547,FEB,bedroom,Computer,290.0,5.5,3.0.0,143.55,1148.4,8.0,,High,,False
395,Sep,KITCHEN,Washing Machine,567.0,1.1,2.0,37.42,299.38,8.0,1247.4,Medium,Autumn,True
250,Sep,Drawing Room,TV,100.0,2.0,1.0.0,6.0,48.0,8.0,,low,Autumn,False
605,Jan,bedroom,computer,228.0,5.1,2.0,69.77,558.14,8.0,2325.6,medium,Winter,False
19,Apr,kitchen,microwave,764.0,0.2,1.0,4.58,36.67,8.01,152.8,Low,Spring,True
551,OCT,Dining_Room,Fan,51.0,13.0,2.0,39.78,318.24,8.0,1326.0,medium,,False
429,Nov,, Light  ,24.0,3.9,3.0,8.42,67.39,8.0,280.8,low,Autumn,False
430,jul,Bedroom,heater,841.0,3.2,3.0,242.21,1937.66,8.0,8073.6,high,,False
271,AUG,KITCHEN,MICROWAVE,796.0,0.5,1.0,11.94,95.52,8.0,398.0,Low,,True
240,July,LIVING ROOM,Fan,52.0,17.8,3.0,83.3,666.43,8.0,2776.8,Med,,False
241,Oct,KITCHEN,Fan,58.0,15.3,2.0,53.24,425.95,8.0,1774.8,medium,Autumn,False
204,January,Dining Room, Light  ,39.0,8.4,2.0,19.66,157.25,8.0,655.2,Low,,False
100,Sep,kitchen,Fan,57.0,17.9,3.0,91.83,734.62,8.0,3060.9,medium,Autumn,False
483,Aug, Drawing Room  ,Computer,396.0,5.3,2.0,125.93,1007.42,8.0,4197.6,high,Summer,False
868,March,Dining Room,Fan,7900.0,17.8,3.0,126.56,1012.46,8.0,421860.0,High,,False
614,nov,BEDROOM,,981.0,1.1,3.0,97.12,776.95,8.0,3237.3,medium,,
191,August,BATHROOM,Fan,63.0,13.2,1.0.0,24.95,199.58,8.0,,medium,,False
93,Mar,Bathroom,LIGHT,11.0,4.9,2.0,3.23,25.87,8.01,107.8,low,Spring,False
476,Feb, Bedroom  ,Light,26.0,8.2,1.0,6.4,51.17,8.0,213.2,Low,Winter,False
265,August,Bedroom,Computer,208.0,2.3,3.0,43.06,344.45,8.0,1435.2,Medium,,False
417,Oct,living room,AC,-1711.0,,2.0,431.17,3449.38,8.0,,HIGH,Autumn,True
855,Jul,Bedroom,Light,13.0,5.4,3.0,6.32,50.54,8.0,210.6,Low,Summer,False
642,Jun,BATHROOM,Washing Machine,571.0,0.5,1.0,8.56,68.52,8.0,285.5,Low,Summer,True
147,Nov,n/a,Washing Machine,764.0,0.8,1.0,18.34,146.69,8.0,611.2,Low,Autumn,True
869,Jul,Drawing Room,TV,91.0,4.9,3.0,40.13,321.05,8.0,1337.7,Medium,Summer,False
649,March,living room,Computer,154.0,8.6,3.0,119.2,953.57,8.0,3973.2,High,,False
268,September, Drawing Room  ,ac,1159.0,4.1,1.0,142.56,1140.46,8.0,4751.9,HIGH,,True
458,Jul,KITCHEN,FRIDGE,261.0,23.8,2.0.0,372.71,2981.66,8.0,,HIGH,Summer,True
469,Jul, Drawing Room  ,light,13.0,9.0,2.0,7.02,56.16,8.0,234.0,Low,Summer,False
989,Jan,Bedroom,TV,152.0,3.0,3.0,41.04,328.32,8.0,1368.0,Medium,Winter,False
242,Jan,Bedroom,ac,197300.0,9.4,2.0,1112.77,8902.18,8.0,3709240.0,HIGH,Winter,True
934,Jul,DRAWING ROOM,Light,11.0,9.1,3.0,9.01,72.07,8.0,300.3,Low,Summer,False
207,Jul,living room,TV,68.0,3.0,3.0,18.36,,,612.0,low,Summer,False
156,October, Bedroom  ,tv,192.0,4.2,1.0,24.19,193.54,8.0,806.4,Med,,False
561,December,Drawing Room,AC,1270.0,3.2,3.0,365.76,2926.08,8.0,12192.0,high,,True
810,Jul,Drawing_Room,Light,12.0,9.7,2.0,6.98,55.87,8.0,232.8,Low,Summer,False
46,July, Living Room  , Fan  ,79.0,8.4,3.0,59.72,477.79,8.0,1990.8,Medium,,False
342,January, Living Room  ,Computer,317.0,7.4,2.0,140.75,1125.98,8.0,4691.6,HIGH,,False
 513 ,Jan, Kitchen  , Microwave  ,1006.0,0.2,3.0,18.11,144.86,8.0,603.6,Low,Winter,True
755,Dec,Living Room,Fan,54.0,10.8,1.0,17.5,139.97,8.0,583.2,low,Winter,False
355,,living room,Fan,51.0,16.2,2.0,49.57,396.58,8.0,1652.4,medium,,False
378,Sep, Kitchen  ,WASHING MACHINE,430.0,1.9,2.0,49.02,392.16,8.0,1634.0,Med,Autumn,True
688,Oct,,Light,34.0,3.3,1.0,3.37,26.93,7.99,112.2,low,Autumn,False
993,, Drawing Room  , TV  ,177.0,5.6,2.0,59.47,475.78,8.0,1982.4,Med,,False
226,Jun,LIVING ROOM,computer,364.0,3.6,2.0,78.62,628.99,8.0,2620.8,medium,Summer,False
633,Sep,Kitchen,Microwave,960.0,0.4,3.0,34.56,276.48,8.0,1152.0,Medium,Autumn,True
226,August, Kitchen  ,Washing Machine,659.0,1.5,50.0,29.66,237.24,8.0,49425.0,Medium,,True
289,mar,LIVING ROOM,COMPUTER,330.0,3.2,1.0,31.68,253.44,8.0,1056.0,Med,,False
378,May,bedroom,Fan,56.0,620.0,2.0,0.020829999999999998,166.66,8000.96,69440.0,Low,Spring,False
623,nov,Drawing Room,fan,71.0,9.8,3.0,62.62,500.98,8.0,2087.4,Medium,,False
132,August,bedroom,ac,N/A,6.7,1.0,274.16,2193.31,8.0,,high,,True
728,Mar,Drawing Room,Fan,82.0,-13.1,1.0.0,32.23,,,,Med,Spring,False
3,August,Drawing Room,Light,21.0,3.9,1.0,2.46,19.66,7.99,81.9,Low,,False
70,Jul,living room,Fan,64.0,16.8,3.0,96.77,774.14,8.0,3225.6,medium,Summer,False
805,Jul,Bedroom,Heater,1321.0,3.4,1.0,,1077.94,,4491.4,,Summer,False
279,Nov,dining room, Fan  ,62.0,14.8,3.0,82.58,660.67,8.0,2752.8,Medium,Autumn,False
277,Jan,Living Room, AC  ,1322.0,8.0,1.0,317.28,2538.24,8.0,10576.0,High,Winter,True
151,Mar,Kitchen,washing machine,63800.0,2.0,3.0,114.84,918.72,8.0,382800.0,High,Spring,True
216,Oct, Living Room  ,Computer,251.0,9.3,2.0,140.06,1120.46,8.0,4668.6,High,Autumn,False
156,May,Bedroom,ac,1545.0,8.7,,1209.73,9677.88,8.0,,high,Spring,True
728,DEC,Kitchen,fridge,247.0,18.6,3.0,413.48,3307.82,8.0,13782.6,high,,True
347,May,KITCHEN,Washing Machine,543.0,0.7,2.0,22.81,182.45,8.0,760.2,Med,Spring,True
543,Jul,KITCHEN,FAN,64.0,13.1,1.0,25.15,201.22,8.0,838.4,medium,Summer,False
487,January,Kitchen,مش عارف,14.0,8.1,2.0,,54.43,,226.8,,,False
154,Oct,kitchen,Fan,53.0,6.6,1.0,10.49,83.95,8.0,349.8,Low,Autumn,False
830,Apr, Kitchen  ,,612.0,0.3,3.0,16.52,132.19,8.0,550.8,Low,Spring,
516,Mar,Living Room,TV,83.0,3.0,1.0,7.47,59.76,8.0,249.0,low,Spring,False
164,Mar,Bedroom,HEATER,900.0,2.9,3.0,234.9,1879.2,8.0,7830.0,HIGH,Spring,False
130,Dec,bedroom,AC,1704.0,5.9,2.0,603.22,4825.73,8.0,20107.2,HIGH,Winter,True
13,March,Drawing Room,Computer,145.0,5.0,3.0,65.25,522.0,8.0,2175.0,Med,,False
6,August,Bedroom,Heater,938.0,2.2,1.0,61.91,495.26,8.0,2063.6,medium,,False
604,sep,Kitchen,Washing Machine,481.0,1.6,50.0,23.09,184.7,8.0,38480.0,medium,,True
 811 ,Sep,Bedroom,fan,88.0,12.0,1.0,31.68,253.44,8.0,1056.0,medium,Autumn,False
161,Aug,Living Room,AC,1600.0,7.4,3.0,1065.6,8524.8,8.0,35520.0,High,Summer,True
936,Jul,Living Room,Fan,85.0,15.9,2.0,81.09,648.72,8.0,2703.0,Medium,Summer,False
985,Nov,Bedroom,Computer,278.0,8.9,3.0,222.68,1781.42,8.0,7422.6,High,Autumn,False
646,January,Kitchen,LIGHT,36.0,8.6,1.0,9.29,74.3,8.0,309.6,low,,False
134,Mar,, AC  ,,4.6,2.0.0,354.94,2839.49,8.0,,high,Spring,True
893,Aug,Drawing Room,AC,1431.0,8.4,2.0.0,721.22,5769.79,8.0,,high,Summer,True
910,May,KITCHEN,Microwave,769.0,0.3,3.0,20.76,166.1,8.0,692.1,Medium,Spring,True
240,Aug,KITCHEN,Microwave,888.0,0.4,3.0,31.97,255.74,8.0,1065.6,Med,Summer,True
798,Nov,bathroom,Light,21.0,7.5,3.0,14.18,113.4,8.0,472.5,Low,Autumn,False
290,July,BEDROOM,Heater,1120.0,3.2,2.0.0,215.04,1720.32,8.0,,High,,False
194,Apr,Living_Room,,13.0,8.8,2.0,6.86,54.91,8.0,228.8,low,Spring,
895,Jul,,heater,1073.0,3.8,3.0.0,366.97,2935.73,8.0,,high,Summer,False
619,January,Bathroom,washing machine,723.0,1.4,2.0,60.73,485.86,8.0,2024.4,medium,,True
533,Jan,Bedroom,ac,1483.0,6.8,3.0,907.6,7260.77,8.0,30253.2,HIGH,Winter,True
225,Sep,Dining_Room,Fan,77.0,13.4,3.0,92.86,742.9,8.0,3095.4,Medium,Autumn,False
668,jul, Bedroom  ,light,29.0,6.0,1.0.0,5.22,41.76,8.0,,low,,False
287,July,Bathroom,Heater,1168.0,2.6,2.0,182.21,1457.66,8.0,6073.6,HIGH,,False
342,Dec,Dining Room, Light  ,12.0,5.3,1.0,1.91,15.26,7.99,63.6,Low,Winter,False
940,mar,Living Room,Light,33.0,5.3,2.0,10.49,83.95,8.0,349.8,Low,,False
751,January,Dining_Room,Fan,72.0,14.1,1.0,30.46,243.65,8.0,1015.2,Med,,False
377,May,Dining_Room,Light,17.0,-3.2,2.0,3.26,26.11,8.01,-108.8,low,Spring,False
861,Jul,bedroom,light,11.0,7.5,3.0,7.42,59.4,8.01,247.5,Low,Summer,False
798,Jan,Drawing Room,Unknown,1937.0,2.8,2.0,N/A,2603.33,,10847.2,,Winter,False
828,Sep, Living Room  ,ac,1512.0,-,3.0,1034.21,8273.66,8.0,,High,Autumn,True
120,May,drawing room,fan,71.0,10.1,3.0,64.54,516.31,8.0,2151.3,Med,Spring,False
377,Jun, Bedroom  ,Fan,66.0,7.5,2.0,29.7,237.6,8.0,990.0,Med,Summer,False
48,Apr, Bedroom  ,Computer,109.0,8.1,2.0,52.97,423.79,8.0,1765.8,medium,Spring,False
7,Oct,DINING ROOM,Fan,53.0,,2.0,25.44,203.52,8.0,,Med,Autumn,False
832,jun,Living_Room,AC,?,4.0,1.0,216.12,1728.96,8.0,,high,,True
658,jan,Kitchen,Washing Machine,627.0,0.8,1.0,15.05,120.38,8.0,501.6,low,,True
170,sep,Bathroom,Heater,879.0,1.9,2.0,100.21,801.65,8.0,3340.2,high,,False
732,Mar,unknown, Fan  ,84.0,9.8,1.0,24.7,197.57,8.0,823.2,Med,Spring,False
130,dec, Living Room  ,TV,91.0,5.0,3.0,40.95,327.6,8.0,1365.0,medium,,False
76,Feb,Bedroom, Computer  ,382.0,,2.0,128.35,1026.82,8.0,,High,Winter,False
354,December,Bathroom,Heater,851.0,3.8,1.0.0,97.01,776.11,8.0,,medium,,False
394,SEP,dining room,fan,64.0,15.1,3.0.0,86.98,695.81,8.0,,Med,,False
365,Jul,DINING ROOM,Fan,62.0,6.3,3.0,35.15,281230.0,8000.85,1171.8,Medium,Summer,False
231,Dec, Living Room  ,TV,147.0,3.9,1.0,17.2,137.59,8.0,573.3,Low,Winter,False
77,, Drawing Room  ,TV,96.0,2.7,2.0,15.55,124.42,8.0,518.4,low,,False
566,October,Drawing Room,LIGHT,34.0,6.5,3.0.0,19.89,159.12,8.0,,low,,False
874,Mar,dining room,fan,56.0,8.3,2.0,27.89,223.1,8.0,929.6,medium,Spring,False
910,apr,Bathroom, Washing Machine  ,658.0,1.4,3.0,82.91,663.26,8.0,2763.6,medium,,True
843,Sep,Dining Room, Fan  ,70.0,15.6,3.0,98.28,786.24,8.0,3276.0,Med,Autumn,False
145,August,Bedroom,TV,145.0,3.6,1.0,15.66,125.28,8.0,522.0,low,,False
583,Jul, Bedroom  ,heater,967.0,3.3,3.0,287.2,2297.59,8.0,9573.3,HIGH,Summer,False
892,Apr, Bathroom  , Heater  ,1204.0,3.9,1.0,140.87,1126.94,8.0,4695.6,High,Spring,False
344,Oct,Kitchen,MICROWAVE,-,0.5,2.0,33.84,270.72,8.0,,Med,Autumn,True
557,Jan,living room,TV,113.0,3.6,3.0,36.61,292.9,8.0,1220.4,medium,Winter,False
620,Mar,Bedroom,Light,-36.0,6.1,1.0,6.59,52.7,8.0,-219.6,Low,Spring,False
373,October, Living Room  ,TV,72.0,3.2,2.0,13.82,110.59,8.0,460.8,low,,False
661,Dec,bathroom,HEATER,1242.0,3.8,1.0,,1132.7,,4719.6,,Winter,False
667,,KITCHEN,fan,65.0,9.0,150.0,52.65,421.2,8.0,87750.0,Medium,,False
147,Sep,Bedroom,,66.0,error,2.0,44.35,354.82,8.0,,medium,Autumn,
4,Mar,bathroom,WASHING MACHINE,737.0,0.7,2.0,30.95,247.63,8.0,1031.8,Medium,Spring,True
696,aug, Bathroom  , Washing Machine  ,535.0,1.3,3.0,62.59,500.76,8.0,2086.5,medium,,True
691,July,Kitchen,Microwave,1130.0,0.4,1.0,13.56,108.48,8.0,452.0,low,,True
483,December,LIVING ROOM,Computer,267.0,5.0,1.0.0,,320.4,,,,,False
123,Feb,dining room,Fan,83.0,8.3,3.0,62.0,496.01,8.0,2066.7,medium,Winter,False
361,Dec,BEDROOM,Heater,1175.0,3.1,100.0,218.55,1748.4,8.0,364250.0,High,Winter,False
994,April,Unknown,AC,1461.0,2.5,1.0,109.58,876.6,8.0,3652.5,High,,True
884,unknown, Kitchen  ,fridge,280.0,22.6,3.0,569.52,4556.16,8.0,18984.0,HIGH,,True
483,Nov,dining room,Light,35.0,6.2,1.0,6.51,52.08,8.0,217.0,Low,Autumn,False
603,Jul,,Microwave,1124.0,0.3,2.0,20.23,161.86,8.0,674.4,Medium,Summer,True
803,October,Drawing_Room,AC,1939.0,8.8,1.0,511.9,4095.17,8.0,17063.2,High,,True
275,Sep,DRAWING ROOM,TV,110.0,2.0,1.0.0,6.6,52.8,8.0,,low,Autumn,False
713,Dec,Bedroom,COMPUTER,305.0,4.2,2.0,76.86,614.88,8.0,2562.0,Medium,Winter,False
928,,Living Room,fan,88.0,13.0,3.0,0.10296,823.68,8000.0,3432.0,low,,False
368,October, Living Room  ,FAN,74.0,10.1,3.0,67.27,538.13,8.0,2242.2,Medium,,False
64,Nov,kitchen,Light,20.0,7.1,1.0,4.26,34.08,8.0,142.0,Low,Autumn,False
335,Jul,Kitchen,Light,35.0,9.3,1.0,9.77,78.12,8.0,325.5,low,Summer,False
351,Feb,Dining Room,light,16.0,5.0,2.0,4.8,38.4,8.0,160.0,low,Winter,False
296,December,Drawing Room,tv,141.0,4.0,1.0,16.92,135.36,8.0,564.0,Low,,False
346,January, Kitchen  , Microwave  ,772.0,0.3,2.0,13.9,111.17,8.0,463.2,low,,True
286,Sep, Bathroom  ,Washing Machine,620.0,1.5,1.0,27.9,223.2,8.0,930.0,Med,Autumn,True
406,Dec, Living Room  ,AC,1107.0,6.1,3.0,607.74,4861.94,8.0,20258.1,HIGH,Winter,True
664,aug,Drawing Room,fan,85.0,14.2,3.0,108.63,869.04,8.0,3621.0,High,,False
484,Feb,Dining_Room,FAN,88.0,17.5,1.0,46.2,369.6,8.0,1540.0,medium,Winter,False
547,Dec,Bedroom,TV,162.0,4.8,2.0,46.66,373.25,8.0,1555.2,medium,Winter,False
480,DEC,Kitchen,washing machine,467.0,0.8,2.0,22.42,179.33,8.0,747.2,Med,,True
966,Nov,Bedroom,Computer,169.0,6.4,2.0,unknown,519.17,,2163.2,,Autumn,False
96,July,Living Room, Fan  ,-60.0,13.9,2.0,50.04,400.32,8.0,-1668.0,Medium,,False
964,December, Living Room  , TV  ,9400.0,3.2,2.0,18.05,144.38,8.0,60160.0,Low,,False
643,May,Living Room,light,28.0,3.8,2.0,6.38,51.07,8.0,212.8,Low,Spring,False
626,December,Kitchen,LIGHT,16.0,9.2,1.0,4.42,35.33,7.99,147.2,Low,,False
969,Feb,,Light,26.0,5.2,1.0,4.06,32.45,7.99,135.2,low,Winter,False
253,,na,AC,1367.0,2.4,1.0,98.42,787.39,8.0,3280.8,Medium,,True
353,Sep,Dining Room,Light,26.0,4.7,2.0,7.33,58.66,8.0,244.4,Low,Autumn,False
460,April,Bedroom,AC,1750.0,,1.0,,4074.0,,,,,True
847,Jul,bedroom,unknown,1220.0,1.3,3.0,142.74,1141.92,8.0,4758.0,High,Summer,False
345,Jan,DRAWING ROOM,Fan,60.0,16.6,2.0,59.76,,,1992.0,medium,Winter,False
266,May,drawing room,Computer,246.0,7.0,3.0,154.98,1239.84,8.0,5166.0,high,Spring,False
886,dec,dining room,Light,27.0,6.7,3.0,16.28,130.25,8.0,542.7,Low,,False
467,Nov,LIVING ROOM,Computer,227.0,4.8,1.0,32.69,261.5,8.0,1089.6,Med,Autumn,False
41,July,DRAWING ROOM,,56.0,6.4,2.0,21.5,172.03,8.0,716.8,medium,,
197,Sep,Drawing Room,,138.0,2.8,1.0,,92.74,,386.4,,Autumn,
903,Mar,DINING ROOM, Light  ,14.0,3.4,2.0,2.86,22.85,7.99,95.2,Low,Spring,False
367,Jun,Living Room,AC,959.0,6.2,3.0,535.12,4280.98,8.0,17837.4,high,Summer,True
273,Dec,,WASHING MACHINE,408.0,0.8,,29.38,235.01,8.0,,Medium,Winter,True
651,Dec,,,-219.0,2.6,2.0,34.16,273.31,8.0,-1138.8,medium,Winter,
373,January,KITCHEN, Light  ,37.0,9.9,1.0,10.99,87.91,8.0,366.3,low,,False
 942 ,October,Bathroom, Fan  ,84.0,16.5,2.0.0,83.16,665.28,8.0,,medium,,False
317,June,bedroom,Fan,54.0,13.1,1.0,21.22,169.78,8.0,707.4,Med,,False
 955 ,Oct,Bedroom,Heater,1169.0,2.5,1.0.0,,701.4,,,,Autumn,False
453,Mar,DINING ROOM,fan,-90.0,13.9,2.0,,600.48,,-2502.0,,Spring,False
120,July,DRAWING ROOM, Light  ,40.0,8.4,3.0,30.24,241.92,8.0,1008.0,Med,,False
647,Dec,BATHROOM,Heater,1208.0,1.9,3.0,206.57,1652.54,8.0,6885.6,HIGH,Winter,False
145,Jun,Dining Room,Fan,86.0,13.8,2.0,71.21,569.66,8.0,2373.6,Med,Summer,False
266,October,bedroom, Fan  ,70.0,15.6,3.0,98.28,786.24,8.0,3276.0,Medium,,False
513,Aug,Living Room, AC  ,972.0,2.5,2.0,145.8,1166.4,8.0,4860.0,HIGH,Summer,True
590,,Drawing Room, TV  ,187.0,,2.0.0,30.29,242.35,8.0,,Medium,,False
969,Mar,Bedroom,TV,152.0,5.1,1.0.0,23.26,186.05,8.0,,Med,Spring,False
288,May,BEDROOM,TV,97.0,3.8,1.0,11.06,88.46,8.0,368.6,low,Spring,False
656,Jul,Kitchen,Microwave,1112.0,0.1,3.0,10.01,80.06,8.0,333.6,Low,Summer,True
891,Dec,Living Room,,1313.0,5.0,2.0,393.9,3151.2,8.0,13130.0,High,Winter,
712,Dec,bedroom, Heater  ,1057.0,3.5,2.0,,1775.76,,7399.0,,Winter,False
998,May,Drawing_Room,Fan,81.0,15.5,1.0,37.66,301.32,8.0,1255.5,Medium,Spring,False
808,December, Kitchen  ,Washing Machine,598.0,0.7,2.0,25.12,200.93,8.0,837.2,Medium,,True
323,OCT,Bedroom,,1678.0,2.8,1.0,140.95,1127.62,8.0,4698.4,HIGH,,
881,May, Drawing Room  ,Computer,154.0,3.4,3.0,47.12,376.99,8.0,1570.8,Med,Spring,False
946,November,Drawing Room,TV,133.0,5.9,3.0,70.62,564.98,8.0,2354.1,Med,,False
370,dec,Kitchen,Fan,79.0,13.7,1.0,32.47,259.75,8.0,1082.3,medium,,False
634,Apr,Living Room,Computer,390.0,7.9,2.0,184.86,1478.88,8.0,6162.0,High,Spring,False
126,Sep,مجهول,AC,1593.0,6.7,3.0,960.58,7684.63,8.0,32019.3,high,Autumn,True
448,Sep,مش عارف,fan,84.0,16.9,1.0,42.59,340.7,8.0,1419.6,Medium,Autumn,False
592,sep, Kitchen  ,Washing Machine,655.0,1.7,1.0,33.41,267.24,8.0,1113.5,Med,,True
758,September, Bathroom  ,Washing Machine,520.0,0.8,1.0,0.01248,99.84,8000.0,416.0,Low,,True
180,Jun,DRAWING ROOM,Fan,89.0,12.8,3.0,N/A,820.22,,3417.6,,Summer,False
867,Jul,Kitchen,microwave,685.0,0.2,3.0,12.33,98.64,8.0,411.0,Low,Summer,True
752,Feb,living room,AC,1997.0,2.8,2.0,335.5,2683.97,8.0,11183.2,High,Winter,True
398,December, Living Room  ,AC,1730.0,5.2,1.0.0,,2159.04,,,,,True
639,Feb,Kitchen,Microwave,912.0,0.4,3.0,32.83,262.66,8.0,1094.4,Med,Winter,True
355,November,Living Room,Light,32.0,3.1,3.0,8.93,71.42,8.0,297.6,low,,False
677,Oct,DRAWING ROOM,AC,1948.0,9.1,3.0.0,1595.41,12763.3,8.0,,HIGH,Autumn,True
333,May,Living Room,AC,1189.0,3.8,2.0,271.09,2168.74,8.0,9036.4,High,Spring,True
231,sep,BATHROOM, Washing Machine  ,469.0,1.4,3.0,59.09,472.75,8.0,1969.8,medium,,True
140,Mar,living room,Fan,76.0,14.8,1.0.0,33.74,269.95,8.0,,medium,Spring,False
547,Dec,LIVING ROOM,TV,75.0,4.0,3.0,27.0,,,900.0,Med,Winter,False
911,Dec,BEDROOM,Computer,368.0,8.2,2.0,181.06,1448.45,8.0,6035.2,High,Winter,False
658,Feb,BEDROOM,AC,1913.0,3.1,1.0,177.91,1423.27,8.0,5930.3,HIGH,Winter,True
217,Apr, Bedroom  ,Heater,1263.0,1.0,2.0,75.78,606.24,8.0,2526.0,Med,Spring,False
141,May,Dining_Room,fan,58.0,16.4,3.0,85.61,684860.0,7999.77,2853.6,medium,Spring,False
857,May,living room, AC  ,914.0,8.9,1.0,244.04,1952.3,8.0,8134.6,High,Spring,True
221,March,Bedroom,AC,1255.0,9.8,1.0,368.97,2951.76,8.0,12299.0,High,,True
6,February,LIVING ROOM,Fan,51.0,6.6,1.0,10.1,80.78,8.0,336.6,low,,False
872,Jan,Living Room,Fan,76.0,?,3.0,,558.14,,,,Winter,False
537,aug,Drawing Room, AC  ,1459.0,5.6,2.0,490.22,3921.79,8.0,16340.8,High,,True
745,sep,Kitchen,Microwave,680.0,0.2,3.0,12.24,97.92,8.0,408.0,low,,True
835,Dec,Living Room,Computer,256.0,3.4,1.0,26.11,208.9,8.0,870.4,Med,Winter,False
313,Nov,,,18.0,9.0,1.0.0,4.86,38.88,8.0,,low,Autumn,
644,Jan,BATHROOM, Washing Machine  ,717.0,,2.0,64.53,516.24,8.0,,medium,Winter,True
768,,Bedroom,TV,82.0,4.0,2.0,19.68,157.44,8.0,656.0,Low,,False
141,Dec,Kitchen,washing machine,603.0,1.3,3.0,,564.41,,2351.7,,Winter,True
391,July,Bedroom,Fan,87.0,15.4,3.0.0,120.58,964.66,8.0,,high,,False
519,FEB,Drawing Room,Fan,62.0,16.4,2.0,61.01,488.06,8.0,2033.6,Med,,False
286,Jun,kitchen,Fan,66.0,8.7,1.0,17.23,137.81,8.0,574.2,Low,Summer,False
731,Sep, Dining Room  ,Fan,51.0,16.0,2.0,48.96,391.68,8.0,1632.0,Med,Autumn,False
452,Dec,Bathroom, Light  ,13.0,5.7,3.0,6.67,53.35,8.0,222.3,Low,Winter,False
423,Mar, Bedroom  ,Heater,1396.0,,3.0,351.79,2814.34,8.0,,HIGH,Spring,False
329,JUL,living room,TV,109.0,5.8,2.0,37.93,303.46,8.0,1264.4,Medium,,False
922,Jun, Drawing Room  ,Light,40.0,4.5,1.0,5.4,43.2,8.0,180.0,low,Summer,False
875,jul,Bathroom,Heater,1381.0,3.1,1.0.0,128.43,,,,high,,False
377,July, Bedroom  ,fan,83.0,17.7,1.0,44.07,352.58,8.0,1469.1,Medium,,False
570,Jan,Drawing Room,AC,1432.0,6.8,3.0,876.38,7011.07,8.0,29212.8,high,Winter,True
12,Oct, Bedroom  , TV  ,175.0,5.6,2.0,58.8,470.4,8.0,1960.0,Med,Autumn,False
176,Jun, Kitchen  ,microwave,1018.0,0.3,3.0,27.49,219.89,8.0,916.2,Medium,Summer,True
271,Nov,living room,Computer,181.0,10.0,3.0,162.9,1303.2,8.0,5430.0,HIGH,Autumn,False
116,Aug,Dining_Room,light,25.0,8.8,1.0,0.0066,52.8,8000.0,220.0,low,Summer,False
481,May,bathroom, Heater  ,1219.0,4.0,1.0,146.28,1170.24,8.0,4876.0,High,Spring,False
533,Jul,Living Room, Computer  ,369.0,3.4,1.0,37.64,301.1,8.0,1254.6,medium,Summer,False
742,Jul, Living Room  ,TV,135.0,2.6,1.0.0,10.53,84.24,8.0,,low,Summer,False
52,July,Living Room,TV,143.0,6.0,3.0,77.22,617.76,8.0,2574.0,Med,,False
58,Nov,Bedroom,Heater,934.0,4.0,3.0,336.24,2689.92,8.0,11208.0,HIGH,Autumn,False
774,May,Drawing Room,Computer,347.0,4.4,3.0,137.41,1099.3,8.0,4580.4,high,Spring,False
464,may,Kitchen,Fan,66.0,9.4,1.0,,148.9,,620.4,,,False
351,April,Living Room,AC,1209.0,4.7,1.0,170.47,1363.75,8.0,5682.3,high,,True
420,jun,LIVING ROOM,COMPUTER,104.0,9.9,1.0,30.89,247.1,8.0,1029.6,medium,,False
908,Sep,DRAWING ROOM,FAN,58.0,16.3,1.0,28.36,226.9,8.0,945.4,Med,Autumn,False
572,Apr,Bathroom,Light,29.0,5.0,3.0.0,13.05,104.4,8.0,,low,Spring,False
19,Mar,Bedroom,ac,943.0,9.6,1.0,271.58,2172.67,8.0,9052.8,HIGH,Spring,True
 831 ,Jul,Kitchen,Washing Machine,error,1.9,1.0,43.49,347.93,8.0,,medium,Summer,True
486,Jul, Bedroom  ,AC,1043.0,9.5,2.0,594.51,4756.08,8.0,19817.0,high,Summer,True
632,May,BEDROOM,heater,914.0,1.4,1.0.0,38.39,307.1,8.0,,Med,Spring,False
963,Feb,Bedroom,Heater,1252.0,2.3,2.0,172.78,1382.21,8.0,5759.2,high,Winter,False
763,December,BEDROOM,Heater,862.0,2.1,,,868.9,,,,,False
203,Mar,Drawing Room,fan,90.0,15.9,3.0.0,128.79,1030.32,8.0,,high,Spring,False
556,April, Bathroom  ,Fan,89.0,9.5,2.0.0,50.73,405.84,8.0,,medium,,False
752,March,Bathroom,Fan,5100.0,10.5,1.0,16.07,128.52,8.0,53550.0,low,,False
6,Mar,Living_Room,LIGHT,27.0,7.8,3.0,18.95,151.63,8.0,631.8,Low,Spring,False
741,December,Bathroom,Washing Machine,663.0,1.1,3.0,65.64,525.1,8.0,2187.9,Med,,True
951,Apr, Bedroom  ,Light,16.0,6.6,1.0.0,3.17,,,,low,Spring,False
309,Nov,Bedroom,Computer,376.0,5.4,1.0,60.91,487.3,8.0,2030.4,Med,Autumn,False
953,August,Drawing Room,Light,17.0,5.7,3.0,8.72,69.77,8.0,290.7,low,,False
731,Jun,Living Room, TV  ,198.0,3.5,3.0,62.37,498.96,8.0,2079.0,Medium,Summer,False
309,Jan,Bedroom,computer,164.0,6.0,1.0,29.52,236.16,8.0,984.0,Medium,Winter,False
953,Oct,Kitchen, Fridge  ,136.0,20.1,3.0,246.02,1968.19,8.0,8200.8,high,Autumn,True
205,Apr,Living_Room,Computer,204.0,6.1,1.0,37.33,298.66,8.0,1244.4,Medium,Spring,False
621,May,Bedroom, Fan  ,56.0,,2.0,50.06,400.51,8.0,,medium,Spring,False
346,Mar,Bedroom,LIGHT,29.0,5.5,2.0,9.57,76.56,8.0,319.0,Low,Spring,False
855,Mar,Bedroom,Light,31.0,3.7,1.0,3.44,27.53,8.0,114.7,low,Spring,False
412,Apr,bathroom,Washing Machine,698.0,1.6,1.0,33.5,,,1116.8,medium,Spring,True
683,Mar,BEDROOM,Heater,1212.0,3.4,1.0.0,123.62,988.99,8.0,,HIGH,Spring,False
716,not sure,drawing room,Light,26.0,5.6,1.0,4.37,34.94,8.0,145.6,low,,False
494,Aug,Bathroom,Light,20.0,,2.0,9.6,76.8,8.0,,low,Summer,False
977,Apr,Living Room,light,14.0,6.7,1.0,2.81,22.51,8.01,93.8,Low,Spring,False
604,June,KITCHEN,microwave,820.0,0.4,2.0,19.68,157.44,8.0,656.0,Low,,True
703,aug,bedroom,Heater,1469.0,3.0,1.0,132.21,1057.68,8.0,4407.0,High,,False
406,Sep,drawing room, TV  ,183.0,5.8,2.0,63.68,509.47,8.0,2122.8,Med,Autumn,False
729,Apr,Bathroom, Fan  ,83.0,15.1,3.0,112.8,902.38,8.0,3759.9,HIGH,Spring,False
886,November,drawing room, Fan  ,54.0,6.9,3.0.0,33.53,268.27,8.0,,Medium,,False
697,feb,living room,Computer,354.0,4.4,1.0,46.73,373.82,8.0,1557.6,medium,,False
 466 ,April, Bedroom  ,TV,128.0,4.8,2.0,36.86,294.91,8.0,1228.8,Medium,,False
465,Sep,Living Room,Light,33.0,3.7,3.0,10.99,87.91,8.0,366.3,low,Autumn,False
904,Mar,Kitchen,Light,4000.0,5.7,3.0,20.52,164.16,8.0,68400.0,medium,Spring,False
459,Feb,Living_Room,AC,1169.0,2.7,3.0,284.07,2272.54,8.0,9468.9,high,Winter,True
218,Nov,dining room,Light,35.0,4.5,1.0,4.72,37.8,8.01,157.5,low,Autumn,False
410,Dec,bathroom,heater,1159.0,2.4,3.0,250.34,2002.75,8.0,8344.8,high,Winter,False
357,Sep,Bedroom,Computer,285.0,4.8,1.0,41.04,328.32,8.0,1368.0,Medium,Autumn,False
351,January,Bedroom,Fan,74.0,12.6,3.0,83.92,671.33,8.0,2797.2,medium,,False
210,Jul, Bedroom  ,tv,168.0,240.0,1.0,12.1,96.77,8.0,40320.0,low,Summer,False
744,Apr,LIVING ROOM,TV,101.0,6.0,1.0,18.18,145.44,8.0,606.0,low,Spring,False
63,December,,Light,-23.0,7.7,3.0,15.94,127.51,8.0,-531.3,low,,False
472,Nov,Bedroom,FAN,75.0,10.7,1.0,24.07,192.6,8.0,802.5,medium,Autumn,False
355,aug,DINING ROOM, Light  ,29.0,9.4,,16.36,130.85,8.0,,Low,,False
968,July,DINING ROOM,Fan,,15.5,1.0,38.13,305.04,8.0,,Medium,,False
416,jul,Living Room, TV  ,133.0,3.3,3.0,39.5,316.01,8.0,1316.7,Med,,False
484,January,BEDROOM,light,16.0,10.0,2.0,9.6,76.8,8.0,320.0,low,,False
161,Feb,Living Room,Fan,81.0,7.3,3.0,53.22,425.74,8.0,1773.9,Med,Winter,False
612,Jun, Drawing Room  ,Computer,192.0,8.3,1.0,47.81,382.46,8.0,1593.6,Medium,Summer,False
729,Jul,Dining Room,Light,14.0,4.2,1.0,1.76,14.11,8.02,58.8,low,Summer,False
916,Jan,living room, Computer  ,248.0,3.2,1.0,23.81,190.46,8.0,793.6,Medium,Winter,False
184,September,Bedroom,Fan,87.0,8.9,3.0,69.69,557.5,8.0,2322.9,Medium,,False
632,MAY,Bedroom,tv,116.0,4.6,1.0,16.01,128.06,8.0,533.6,low,,False
243,JAN,Kitchen,LIGHT,23.0,5.1,1.0.0,3.52,28.15,8.0,,low,,False
342,August,DINING ROOM, Light  ,26.0,3.8,1.0,2.96,23.71,8.01,98.8,Low,,False
239,Jun,Drawing Room,Fan,65.0,-16.0,3.0,93.6,748.8,8.0,-3120.0,medium,Summer,False
47,Jun,Living Room,computer,154.0,6.5,2.0.0,60.06,480.48,8.0,,Medium,Summer,False
 834 ,Jun, Dining Room  , Fan  ,67.0,15.3,2.0,61.51,492.05,8.0,2050.2,medium,Summer,False
682,Jul,Kitchen,Light,25.0,-3.4,3.0.0,7.65,61.2,8.0,,low,Summer,False
136,Jul, Kitchen  ,Microwave,920.0,0.1,1.0,2.76,22.08,8.0,92.0,low,Summer,True
176,Jan, Drawing Room  , AC  ,1205.0,8.0,2.0,578.4,4627.2,8.0,19280.0,High,Winter,True
503,Aug,bedroom,AC,1851.0,9.2,1.0,510.88,4087.01,8.0,17029.2,High,Summer,True
335,Jun, Dining Room  , Light  ,19.0,4.4,1.0,2.51,20.06,7.99,83.6,Low,Summer,False
595,October,Drawing Room,ac,1877.0,7.6,2.0,855.91,,,28530.4,high,,True
195,Aug,Living Room,Fan,73.0,1200.0,2.0,52.56,420.48,8.0,175200.0,Medium,Summer,False
473,Aug,kitchen, Fridge  ,144.0,22.9,1.0,98.93,791.42,8.0,3297.6,medium,Summer,True
483,feb,DRAWING ROOM,light,13.0,3.5,2.0,2.73,,,91.0,low,,False
44,Jul,Dining_Room,Light,18.0,9.3,2.0.0,10.04,80.35,8.0,,low,Summer,False
829,Aug,KITCHEN,Microwave,1062.0,0.2,1.0,6.37,50.98,8.0,212.4,low,Summer,True
636,Oct,,LIGHT,35.0,8.9,2.0,18.69,149.52,8.0,623.0,Low,Autumn,False
187,August,Bedroom,AC,1514.0,7.3,3.0,994.7,7957.58,8.0,33156.6,HIGH,,True
487,Jun,Living Room, Computer  ,382.0,6.6,1.0.0,75.64,605.09,8.0,,medium,Summer,False
748,May,Drawing Room,,83.0,5.2,3.0,38.84,310.75,8.0,1294.8,Medium,Spring,
482,Apr,Drawing Room,FAN,84.0,13.1,3.0,99.04,792.29,8.0,3301.2,Med,Spring,False
13,,Drawing Room,Fan,55.0,16.1,3.0,79.7,637.56,8.0,2656.5,Medium,,False
900,Sep,Bedroom,LIGHT,14.0,4.6,3.0,5.8,46.37,7.99,193.2,Low,Autumn,False
565,Aug,Bedroom,N/A,-164.0,4.1,2.0,40.34,322.75,8.0,-1344.8,medium,Summer,False
239,May,DRAWING ROOM,AC,1833.0,2.4,3.0,395.93,3167.42,8.0,13197.6,high,Spring,True
337,Sep,Bathroom,Heater,1362.0,3.0,1.0,122.58,980.64,8.0,4086.0,high,Autumn,False
992,Nov,na,FAN,74.0,10.4,3.0,69.26,554.11,8.0,2308.8,Med,Autumn,False
953,January,Living Room,light,29.0,6.3,3.0,16.44,131.54,8.0,548.1,low,,False
240,October,Living Room,light,25.0,9.6,2.0,14.4,115.2,8.0,480.0,low,,False
310,Sep, Bedroom  ,Heater,,2.7,1.0,107.08,856.66,8.0,,high,Autumn,False
150,sep,Drawing Room,AC,-,2.7,1.0,107.73,,,,HIGH,,True
589,Jun,Bedroom,Computer,319.0,3.5,2.0,66.99,535.92,8.0,2233.0,Med,Summer,False
301,May, Living Room  ,Computer,,4.1,3.0,73.43,587.45,8.0,,medium,Spring,False
952,Sep,Drawing_Room,fan,53.0,14.4,3.0.0,68.69,549.5,8.0,,Medium,Autumn,False
237,mar,Drawing Room,COMPUTER,252.0,640.0,150.0,145.15,1161.22,8.0,24192000.0,High,,False
810,November,Bedroom,ac,962.0,6.1,3.0,528.14,4225.1,8.0,17604.6,High,,True
751,Jun,drawing room,computer,371.0,5.1,3.0,170.29,1362.31,8.0,5676.3,High,Summer,False
969,January, Living Room  ,,55.0,7.4,2.0,24.42,195.36,8.0,814.0,Medium,,
972,Sep,BATHROOM,Heater,1199.0,3.5,3.0,377.69,3021480.0,7999.89,12589.5,High,Autumn,False
217,Apr,,Fan,77.0,13.9,2.0,64.22,513.74,8.0,2140.6,Medium,Spring,False
242,NOV,DINING ROOM,Fan,82.0,16.1,3.0,118.82,950.54,8.0,3960.6,High,,False
173,,kitchen, Washing Machine  ,440.0,0.7,3.0,27.72,221.76,8.0,924.0,Medium,,True
813,Nov, Drawing Room  ,light,27.0,5.7,3.0,13.85,110.81,8.0,461.7,low,Autumn,False
464,dec, Bedroom  ,TV,179.0,4.7,1.0,25.24,201.91,8.0,841.3,medium,,False
324,Aug,Bedroom,Fan,90.0,11.4,2.0,61.56,492.48,8.0,2052.0,medium,Summer,False
484,May,Kitchen,LIGHT,35.0,3.8,3.0,11.97,95.76,8.0,399.0,low,Spring,False
650,December,,fan,68.0,14.1,2.0,57.53,460.22,8.0,1917.6,Medium,,False
362,Mar,Dining Room,Light,24.0,9.0,2.0,12.96,103.68,8.0,432.0,low,Spring,False
194,March,drawing room,unknown,5100.0,14.2,3.0,65.18,521.42,8.0,217260.0,Medium,,False
651,Sep,Living Room,Light,24.0,8.1,1.0,5.83,46.66,8.0,194.4,low,Autumn,False
574,Jun,Bedroom,Light,19.0,9.8,3.0,16.76,134.06,8.0,558.6,Low,Summer,False
612,Dec, Bedroom  ,tv,66.0,4.3,2.0.0,17.03,136.22,8.0,,Low,Winter,False
420,April,LIVING ROOM,AC,-1563.0,8.8,2.0,825.26,6602.11,8.0,-27508.8,high,,True
123,Jan,Kitchen,Light,39.0,9.3,2.0,21.76,174.1,8.0,725.4,Medium,Winter,False
891,Feb,Kitchen,Washing Machine,422.0,1.7,1.0,21.52,172.18,8.0,717.4,medium,Winter,True
669,MAR,Bedroom,Heater,1156.0,1.1,3.0,114.44,915.55,8.0,3814.8,HIGH,,False
265,Mar,LIVING ROOM,AC,1647.0,2.6,3.0,385.4,3083.18,8.0,12846.6,High,Spring,True
48,May,Dining Room,Fan,52.0,11.2,50.0.0,0.01747,139.78,8001.14,,low,Spring,False
174,Apr,,heater,996.0,3.8,3.0,,2725.06,,11354.4,,Spring,False
960,Aug,Bedroom,ac,1271.0,6.2,1.0,236.41,1891.25,8.0,7880.2,high,Summer,True
966,Jun,Drawing_Room,AC,1359.0,3.4,2.0,277.24,,,9241.2,HIGH,Summer,True
328,Mar,Drawing Room, Fan  ,54.0,unknown,2.0.0,57.02,456.19,8.0,,Med,Spring,False
388,Jul,Unknown,AC,1903.0,5.6,3.0,959.11,7672.9,8.0,31970.4,HIGH,Summer,True
527,May, Bedroom  ,ac,1597.0,8.6,1.0,412.03,3296.21,8.0,13734.2,HIGH,Spring,True
670,Aug, Bathroom  ,HEATER,850.0,2.9,3.0,221.85,1774.8,8.0,7395.0,HIGH,Summer,False
291,Nov,Bedroom,TV,77.0,4.8,3.0,33.26,266.11,8.0,1108.8,Medium,Autumn,False
375,June,Bathroom,Light,33.0,9.1,3.0,27.03,216.22,8.0,900.9,Med,,False
702,Aug,Bathroom,HEATER,892.0,2.9,1.0,77.6,620.83,8.0,2586.8,medium,Summer,False
256,Sep,Kitchen, Washing Machine  ,501.0,1.4,2.0,42.08,336.67,8.0,1402.8,Medium,Autumn,True
713,oct,Bedroom,not sure,1453.0,9.1,3.0,1190.01,,,39666.9,HIGH,,False
630,Feb,?,Fan,71.0,11.7,3.0,74.76,598.1,8.0,2492.1,medium,Winter,False
241,Jul,Drawing_Room,Light,14.0,6.7,1.0.0,2.81,22.51,8.01,,low,Summer,False
58,Oct,Kitchen,Washing Machine,666.0,1.1,1.0.0,,175.82,,,,Autumn,True
950,May,Kitchen,Fan,84.0,12.2,2.0,61.49,491.9,8.0,2049.6,Med,Spring,False
805,Mar,,TV,183.0,2.5,1.0,13.72,109.8,8.0,457.5,Low,Spring,False
422,Sep, Drawing Room  ,TV,86.0,3.4,2.0.0,17.54,140.35,8.0,,Low,Autumn,False
 880 ,Apr,Living_Room,AC,1281.0,7.4,3.0,853.15,6825.17,8.0,28438.2,HIGH,Spring,True
101,August,Dining Room,Light,32.0,7.4,2.0,14.21,113.66,8.0,473.6,low,,False
419,FEB, Living Room  ,FAN,62.0,7.5,1.0,13.95,111.6,8.0,465.0,low,,False
706,Jul,dining room, Light  ,36.0,9.8,1.0,10.58,84.67,8.0,352.8,Low,Summer,False
913,Jul,Drawing Room,Fan,,11.4,1.0,23.6,188.78,8.0,,medium,Summer,False
895,May,Living Room,Computer,294.0,4.6,1.0,40.57,324.58,8.0,1352.4,medium,Spring,False
927,Jun,Living Room,Computer,394.0,7.1,1.0,83.92,671.38,8.0,2797.4,medium,Summer,False
366,Aug,Bedroom,Heater,1408.0,2.8,1.0.0,118.27,946.18,8.0,,High,Summer,False
351,Jan,Kitchen,WASHING MACHINE,495.0,1.0,2.0,29.7,237.6,8.0,990.0,medium,Winter,True
30,apr,KITCHEN,,132.0,20.9,2.0,165.53,1324.22,8.0,5517.6,High,,
323,apr,BEDROOM,Light,36.0,5.6,1.0,6.05,48.38,8.0,201.6,Low,,False
335,feb,Kitchen,FAN,82.0,1260.0,3.0,92.99,743.9,8.0,309960.0,Med,,False
19,Aug,Bedroom,Light,12.0,9.8,2.0,7.06,56.45,8.0,235.2,Low,Summer,False
272,February, Drawing Room  ,Computer,160.0,8.3,2.0,79.68,637.44,8.0,2656.0,Med,,False
237,Jul, Bathroom  ,LIGHT,36.0,6.2,2.0,13.39,107.14,8.0,446.4,low,Summer,False
524,April,Kitchen,Fan,83.0,15.0,3.0,112.05,896.4,8.0,3735.0,High,,False
311,,Bedroom,Heater,1357.0,3.0,2.0,244.26,,,8142.0,high,,False
696,Nov, Drawing Room  ,AC,?,2.8,2.0,173.38,1387.01,8.0,,High,Autumn,True
155,Mar,Drawing Room,fan,69.0,12.4,1.0,25.67,205.34,8.0,855.6,Med,Spring,False
151,May,Living Room, AC  ,109800.0,2.7,2.0,177.88,1423.01,8.0,592920.0,high,Spring,True
429,July,Drawing_Room,Fan,68.0,8.7,2.0,35.5,283.97,8.0,1183.2,Med,,False
413,Mar,Kitchen,Light,19.0,7.7,3.0,13.17,105.34,8.0,438.9,Low,Spring,False
642,Nov,Drawing Room,Fan,65.0,15.4,2.0,60.06,480.48,8.0,2002.0,Medium,Autumn,False
445,Jul,Kitchen,Light,17.0,8.6,1.0,4.39,35.09,7.99,146.2,low,Summer,False
597,Jun,,Light,-34.0,6.8,1.0.0,6.94,55.49,8.0,,Low,Summer,False
86,NOV,living room,TV,100.0,4.1,2.0,24.6,196.8,8.0,820.0,medium,,False
641,Feb,kitchen,Fan,71.0,9.8,2.0,41.75,333.98,8.0,1391.6,Med,Winter,False
88,Nov,Living Room,Unknown,13.0,4.6,2.0,3.59,28.7,7.99,119.6,low,Autumn,False
616,Sep,Bedroom,tv,77.0,4.6,3.0,31.88,255.02,8.0,1062.6,medium,Autumn,False
356,Apr, Bedroom  , Light  ,20.0,3.9,3.0,7.02,56.16,8.0,234.0,low,Spring,False
459,oct,Living_Room,fan,78.0,620.0,1.0,14.51,116.06,8.0,48360.0,Low,,False
473,Aug,Kitchen,,71.0,15.2,2.0,64.75,518.02,8.0,2158.4,Medium,Summer,
870,Jan,Dining Room, Light  ,29.0,8.7,2.0,15.14,121.1,8.0,504.6,low,Winter,False
751,November, Kitchen  ,,682.0,0.7,2.0,28.64,229.15,8.0,954.8,Medium,,
118,Sep,Dining Room, Fan  ,63.0,14.2,2.0,53.68,429.41,8.0,1789.2,medium,Autumn,False
137,Mar,Dining Room,fan,64.0,16.5,2.0,63.36,506.88,8.0,2112.0,medium,Spring,False
447,Jun,Drawing Room, Light  ,26.0,9.5,1.0,7.41,59.28,8.0,247.0,Low,Summer,False
782,Jun,living room,COMPUTER,351.0,9.4,1.0,98.98,791860.0,8000.2,3299.4,Med,Summer,False
830,Jan,Drawing Room, Light  ,28.0,9.8,150.0,24.7,197.57,8.0,41160.0,Med,Winter,False
469,Nov,Drawing Room,Fan,-81.0,8.4,1.0,20.41,163.3,8.0,-680.4,Medium,Autumn,False
210,Apr,-,AC,1697.0,2.6,2.0,264.73,2117.86,8.0,8824.4,HIGH,Spring,True
23,Nov,,Fan,83.0,11.0,2.0,54.78,438.24,8.0,1826.0,Medium,Autumn,False
714,April,Living Room,TV,63.0,,1.0,10.02,80.14,8.0,,Low,,False
783,January,Bedroom,TV,97.0,5.7,1.0,16.59,132.7,8.0,552.9,Low,,False
142,Aug,Bedroom,ac,1411.0,9.3,1.0,393.67,3149.35,8.0,13122.3,High,Summer,True
732,Jul,Dining Room,Light,37.0,8.4,2.0,18.65,149.18,8.0,621.6,low,Summer,False
998,Aug,Drawing Room,COMPUTER,192.0,7.0,3.0,120.96,967.68,8.0,4032.0,high,Summer,False
370,DEC, Drawing Room  ,Computer,153.0,5.3,3.0,72.98,583.85,8.0,2432.7,Medium,,False
105,Feb,Bathroom,Washing Machine,439.0,1.5,2.0,39.51,316.08,8.0,1317.0,Med,Winter,True
113,Nov, Kitchen  ,Washing Machine,524.0,1.5,1.0,23.58,188.64,8.0,786.0,Medium,Autumn,True
160,Mar,,Microwave,981.0,,3.0,26.49,211.9,8.0,,Med,Spring,True
8,,Living Room, Computer  ,323.0,7.2,2.0,139.54,1116.29,8.0,4651.2,HIGH,,False
545,March,Living Room,TV,95.0,4.8,3.0.0,41.04,328.32,8.0,,Med,,False
311,Feb,DINING ROOM,Fan,78.0,8.9,1.0,20.83,166.61,8.0,694.2,medium,Winter,False
274,October,Drawing Room,na,246.0,2.4,2.0,35.42,283.39,8.0,1180.8,Med,,False
628,Mar, Kitchen  ,Fridge,170.0,1950.0,3.0,298.35,2386.8,8.0,994500.0,high,Spring,True
590,Oct,Drawing_Room,Light,24.0,9.0,1.0,6.48,51.84,8.0,216.0,Low,Autumn,False
168,DEC,Living_Room,Computer,179.0,3.8,1.0,20.41,163.25,8.0,680.2,Medium,,False
516,Sep,drawing room, AC  ,?,7.2,1.0,368.06,2944.51,8.0,,HIGH,Autumn,True
286,January,Bedroom,Computer,310.0,5.8,3.0,161.82,1294.56,8.0,5394.0,high,,False
912,NOV,dining room,Light,20.0,4.2,1.0,2.52,20.16,8.0,84.0,Low,,False
690,JUL, Bedroom  ,heater,1263.0,1.1,2.0,83.36,666.86,8.0,2778.6,Medium,,False
138,March,Drawing Room,AC,-,9.6,2.0.0,805.25,6441.98,8.0,,HIGH,,True
503,December,bathroom,light,38.0,5.5,2.0,12.54,100.32,8.0,418.0,low,,False
56,mar, Kitchen  ,Microwave,691.0,0.4,2.0,16.58,132.67,8.0,552.8,low,,True
74,sep,Living Room,AC,1571.0,4.0,1.0,188.52,1508.16,8.0,6284.0,High,,True
911,may,Bathroom,Light,18.0,7.7,1.0,4.16,33.26,8.0,138.6,Low,,False
515,August,Living Room,COMPUTER,201.0,6.1,2.0,73.57,588.53,8.0,2452.2,medium,,False
726,Aug, Drawing Room  , Fan  ,87.0,7.5,2.0,39.15,313.2,8.0,1305.0,medium,Summer,False
768,Oct,Living Room,TV,79.0,,2.0,11.38,91.01,8.0,,low,Autumn,False
635,Jul, Living Room  ,tv,99.0,2.8,3.0,24.95,199.58,8.0,831.6,Med,Summer,False
96,Mar,Kitchen,Light,36.0,5.4,2.0,11.66,93.31,8.0,388.8,low,Spring,False
271,July,Kitchen,WASHING MACHINE,599.0,2.0,3.0,107.82,862.56,8.0,3594.0,high,,True
543,Sep,Drawing_Room, TV  ,132.0,3.3,3.0,39.2,313.63,8.0,1306.8,medium,Autumn,False
590,April,Drawing Room,computer,119.0,3.7,1.0,13.21,105.67,8.0,440.3,Low,,False
947,Apr,LIVING ROOM,Computer,106.0,3.1,1.0,9.86,78.86,8.0,328.6,low,Spring,False
49,Nov,kitchen,Light,error,4.0,2.0.0,9.36,74.88,8.0,,Low,Autumn,False
392,Aug,Unknown,Microwave,674.0,0.4,2.0,16.18,129.41,8.0,539.2,Low,Summer,True
175,Apr,drawing room,Light,-35.0,5.0,1.0,,42.0,,-175.0,,Spring,False
808,Jun,KITCHEN,Fan,82.0,12.2,2.0,60.02,480.19,8.0,2000.8,Medium,Summer,False
464,December,Bedroom,Heater,1343.0,2.0,1.0,0.08058,644.64,8000.0,2686.0,low,,False
757,Oct,Kitchen,Light,-10.0,4.3,2.0,2.58,20.64,8.0,-86.0,low,Autumn,False
880,Jul,LIVING ROOM,AC,1080.0,3.1,1.0,100.44,803.52,8.0,3348.0,High,Summer,True
345,April,Bedroom,AC,1934.0,5.7,1.0,330.71,2645.71,8.0,11023.8,HIGH,,True
619,mar,Living Room,Light,-,7.5,2.0,5.4,43.2,8.0,,low,,False
562,Jan,Bedroom,Light,39.0,7.1,2.0,16.61,132.91,8.0,553.8,low,Winter,False
605,Jan,Bathroom,Washing Machine,647.0,0.9,1.0,17.47,139.75,8.0,582.3,low,Winter,True
541,Feb,DRAWING ROOM,TV,199.0,3.5,1.0,20.89,,,696.5,Med,Winter,False
297,Nov,Drawing Room,TV,196.0,4.2,3.0,74.09,592.7,8.0,2469.6,Medium,Autumn,False
393,May,LIVING ROOM,Light,18.0,3.8,2.0,4.1,32.83,8.01,136.8,Low,Spring,False
276,Feb,Living Room,light,,6.8,3.0,9.79,78.34,8.0,,Low,Winter,False
999,unknown, Dining Room  ,FAN,58.0,8.3,1.0,14.44,115.54,8.0,481.4,Low,,False
575,Jan,living room,AC,1242.0,6.6,1.0,245.92,1967.33,8.0,8197.2,HIGH,Winter,True
386,sep,kitchen, Fridge  ,161.0,22.1,3.0,320.23,2561.83,8.0,10674.3,high,,True
237,Jun,LIVING ROOM, Computer  ,331.0,4.5,3.0,134.06,1072.44,8.0,4468.5,High,Summer,False
780,Dec, Drawing Room  ,Light,27.0,3.9,2.0,6.32,50.54,8.0,210.6,low,Winter,False
558,January,Bedroom,fan,85.0,7.7,2.0,39.27,314.16,8.0,1309.0,Medium,,False
842,Jul,DINING ROOM,LIGHT,27.0,9.1,1.0,7.37,58.97,8.0,245.7,low,Summer,False
311,Sep,LIVING ROOM,AC,-1319.0,7.8,1.0,308.65,2469.17,8.0,-10288.2,High,Autumn,True
275,Jan,Bedroom,TV,189.0,2.9,2.0,32.89,263.09,8.0,1096.2,Medium,Winter,False
243,Jun,Kitchen,Microwave,1138.0,0.2,1.0,6.83,54.62,8.0,227.6,low,Summer,True
882,jul,Bathroom, Washing Machine  ,489.0,0.6,2.0,17.6,140.83,8.0,586.8,Low,,True
245,Oct,bedroom,FAN,78.0,8.8,2.0,41.18,329.47,8.0,1372.8,Medium,Autumn,False
321,JUL,drawing room,light,11.0,8.0,3.0,7.92,63.36,8.0,264.0,low,,False
315,May,Living Room,TV,178.0,2.7,2.0,28.84,230.69,8.0,961.2,Med,Spring,False
646,Jun,living room,LIGHT,39.0,7.0,2.0,16.38,131.04,8.0,546.0,Low,Summer,False
874,August,Dining_Room,Fan,74.0,16.7,2.0,74.15,593.18,8.0,2471.6,Medium,,False
99,Aug,Living_Room,Light,16.0,5.4,3.0,7.78,62.21,8.0,259.2,low,Summer,False
917,Jan,Bedroom,Computer,251.0,8.4,2.0,126.5,1012.03,8.0,4216.8,high,Winter,False
 615 ,Jul,bedroom,Fan,90.0,10.4,3.0,84.24,673.92,8.0,2808.0,Medium,Summer,False
 848 ,Jul, Living Room  ,AC,1277.0,7.9,1.0,302.65,2421.19,8.0,10088.3,high,Summer,True
210,May,BEDROOM,TV,128.0,3.8,3.0.0,,350.21,,,,Spring,False
953,Dec,Living Room,ac,1360.0,2.0,50.0,81.6,652.8,8.0,136000.0,medium,Winter,True
111,August,Drawing Room,Light,14.0,8.6,2.0,7.22,57.79,8.0,240.8,Low,,False
659,November,Kitchen,Light,27.0,6.9,1.0,5.59,44.71,8.0,186.3,low,,False
985,Sep,DINING ROOM,FAN,74.0,17.7,3.0,117.88,,,3929.4,HIGH,Autumn,False
658,November,N/A,Fridge,?,18.8,1.0,90.24,721.92,8.0,,Med,,True
932,January,KITCHEN,Fridge,192.0,23.8,3.0,411.26,3290.11,8.0,13708.8,HIGH,,True
577,January,Living Room,TV,179.0,3.3,1.0,17.72,141.77,8.0,590.7,Low,,False
326,Apr,Kitchen, Washing Machine  ,622.0,0.8,2.0,29.86,238.85,8.0,995.2,Medium,Spring,True
248,Apr,Bedroom,TV,177.0,4.9,3.0,78.06,624.46,8.0,2601.9,medium,Spring,False
983,Jul,Drawing Room,Computer,188.0,6.5,1.0,36.66,293.28,8.0,1222.0,Med,Summer,False
730,jan,Bedroom,TV,177.0,2.7,1.0,14.34,114.7,8.0,477.9,low,,False
589,May,bedroom,Computer,228.0,3.9,1.0,26.68,213.41,8.0,889.2,Med,Spring,False
846,Jul,Bathroom, Fan  ,58.0,17.2,2.0,59.86,478.85,8.0,1995.2,Med,Summer,False
117,,bathroom,LIGHT,27.0,3.9,1.0,3.16,25.27,8.0,105.3,low,,False
831,November,Kitchen, Fan  ,89.0,740.0,2.0,39.52,316.13,8.0,131720.0,Medium,,False
234,aug,BEDROOM,AC,1178.0,8.8,3.0,932.98,,,31099.2,High,,True
866,NOV, Living Room  ,tv,150.0,3.9,2.0,35.1,280.8,8.0,1170.0,Med,,False
722,May,bedroom,AC,1651.0,7.6,3.0,1129.28,9034.27,8.0,37642.8,High,Spring,True
277,October,Bathroom,Heater,1490.0,2.3,2.0,205.62,1644.96,8.0,6854.0,high,,False
782,Mar,LIVING ROOM,AC,1799.0,3.7,2.0,399.38,3195.02,8.0,13312.6,HIGH,Spring,True
562,Nov,LIVING ROOM, TV  ,61.0,2.4,1.0,4.39,35.14,8.0,146.4,low,Autumn,False
856,Feb,kitchen,fridge,130.0,23.7,1.0,92.43,739.44,8.0,3081.0,Med,Winter,True
22,Jan,Drawing_Room, Light  ,11.0,6.4,1.0,?,16.9,,70.4,,Winter,False
766,Jan,-, Computer  ,255.0,3.2,1.0,24.48,195.84,8.0,816.0,medium,Winter,False
434,Jul,Drawing_Room,Computer,118.0,N/A,1.0.0,32.92,263.38,8.0,,Medium,Summer,False
952,Jan,DRAWING ROOM,tv,158.0,4.1,1.0,19.43,155.47,8.0,647.8,low,Winter,False
58,Aug, Kitchen  ,FRIDGE,,18.9,2.0,153.09,1224.72,8.0,,high,Summer,True
616,Oct,DRAWING ROOM,Light,38.0,7.7,3.0,26.33,210.67,8.0,877.8,Medium,Autumn,False
6,Apr,BEDROOM,TV,175.0,2.2,1.0,11.55,92.4,8.0,385.0,low,Spring,False
687,Jul,DINING ROOM, Fan  ,57.0,6.3,3.0,32.32,258.55,8.0,1077.3,Medium,Summer,False
798,Oct,Bedroom,Heater,868.0,2.0,2.0,,833.28,,3472.0,,Autumn,False
718,Jan,BATHROOM,Heater,843.0,4.0,1.0,101.16,809.28,8.0,3372.0,High,Winter,False
67,Jun, Living Room  , TV  ,84.0,2.4,1.0,6.05,48.38,8.0,201.6,Low,Summer,False
207,Nov,Drawing Room,TV,134.0,5.4,2.0,43.42,347.33,8.0,1447.2,Med,Autumn,False
607,Feb,BEDROOM,Heater,1252.0,2.9,1.0,108.92,871.39,8.0,3630.8,High,Winter,False
394,July, Kitchen  ,Microwave,1054.0,0.3,2.0,18.97,151.78,8.0,632.4,low,,True
978,Dec, Dining Room  ,light,15.0,5.7,2.0,5.13,41.04,8.0,171.0,Low,Winter,False
768,Feb, Bedroom  ,TV,81.0,,2.0,10.69,85.54,8.0,,low,Winter,False
926,November, Living Room  ,Light,,4.0,2.0,7.44,59.52,8.0,,Low,,False
993,DEC,Kitchen,Light,15.0,4.0,1.0,1.8,14.4,8.0,60.0,Low,,False
551,mar,living room,light,28.0,7.5,1.0,6.3,50.4,8.0,210.0,low,,False
47,Sep,LIVING ROOM, Fan  ,66.0,8.7,3.0.0,51.68,,,,Medium,Autumn,False
323,Oct, Drawing Room  ,Light,14.0,8.6,3.0,10.84,86.69,8.0,361.2,Low,Autumn,False
554,October, Bathroom  ,Heater,1029.0,1.3,2.0,80.26,642.1,8.0,2675.4,Medium,,False
859,Aug,Bedroom,AC,,8.0,3.0,764.64,6117.12,8.0,,high,Summer,True
277,Jun,Living Room,Fan,87.0,1340.0,1.0,34.97,279.79,8.0,116580.0,medium,Summer,False
317,Jun,bedroom,TV,61.0,4.9,3.0,26.9,215.21,8.0,896.7,medium,Summer,False
75,February,living room,,131.0,6.1,3.0,71.92,575.35,8.0,2397.3,medium,,
64,Jul, Kitchen  ,light,10.0,520.0,2.0,3.12,24960.0,8000.0,10400.0,low,Summer,False
430,Jul,kitchen,Fridge,199.0,23.5,3.0,,3367.08,,14029.5,,Summer,True
576,Dec, Living Room  ,Computer,165.0,2.1,3.0,31.18,249.48,8.0,1039.5,medium,Winter,False
212,March,LIVING ROOM,Fan,54.0,9.2,3.0,44.71,357.7,8.0,1490.4,medium,,False
411,jul,Living Room, Fan  ,89.0,14.6,2.0.0,77.96,623.71,8.0,,medium,,False
577,JUN,kitchen,LIGHT,40.0,3.2,3.0,11.52,92.16,8.0,384.0,Low,,False
912,jul,Living Room,AC,1278.0,7.6,2.0,582.77,4662.14,8.0,19425.6,HIGH,,True
809,Mar,Living Room, Computer  ,-115.0,2.2,1.0,7.59,60.72,8.0,-253.0,Low,Spring,False
656,February,BEDROOM,Computer,145.0,8.3,1.0,0.0361,288.84,8001.11,1203.5,Low,,False
611,Jan,Kitchen,Washing_Machine,425.0,2.0,1.0,25.5,204.0,8.0,850.0,medium,Winter,True
460,November,bedroom,TV,130.0,4.6,3.0.0,53.82,430.56,8.0,,medium,,False
734,Sep,KITCHEN,Fridge,147.0,21.7,1.0,95.7,765.58,8.0,3189.9,Med,Autumn,True
275,July,Drawing Room,AC,1776.0,3.9,2.0,415.58,3324.67,8.0,13852.8,High,,True
373,February, Living Room  ,COMPUTER,396.0,3.7,2.0,87.91,703.3,8.0,2930.4,Med,,False
765,April,Bedroom, Heater  ,886.0,1.2,2.0,63.79,510.34,8.0,2126.4,Medium,,False
873,September,,Computer,318.0,6.9,1.0,65.83,526.61,8.0,2194.2,Medium,,False
987,February,dining room,Light,33.0,5.7,3.0,16.93,135.43,8.0,564.3,low,,False
395,April,Drawing Room,TV,194.0,3.3,1.0.0,19.21,153.65,8.0,,Low,,False
222,NOV, Kitchen  ,fan,55.0,7.1,3.0,35.15,281160.0,7998.86,1171.5,Medium,,False
53,September, Living Room  ,Computer,114.0,4.5,2.0.0,30.78,246.24,8.0,,Med,,False
877,OCT,Bathroom,Washing Machine,795.0,1.9,2.0,90.63,725.04,8.0,3021.0,medium,,True
565,JUN,Bedroom,tv,165.0,2.9,1.0.0,14.36,114.84,8.0,,low,,False
406,November,BEDROOM,TV,106.0,2.8,2.0,17.81,142.46,8.0,593.6,Low,,False
450,Oct,bathroom,Washing Machine,795.0,,1.0.0,38.16,305.28,8.0,,Medium,Autumn,True
540,Jun,Bedroom,heater,982.0,3.2,3.0,282.82,,,9427.2,high,Summer,False
440,Sep,DINING ROOM,Fan,,16.0,1.0,34.56,276.48,8.0,,Medium,Autumn,False
549,February,Living Room, Light  ,38.0,3.6,2.0,8.21,65.66,8.0,273.6,Low,,False
 80 ,Jun,Bedroom,AC,1558.0,,2.0.0,906.76,7254.05,8.0,,high,Summer,True
952,December,Bedroom,HEATER,1117.0,3.0,1.0.0,100.53,804.24,8.0,,high,,False
949,December,Bedroom,Fan,58.0,8.2,1.0,14.27,114.14,8.0,475.6,Low,,False
19,Nov, Kitchen  ,WASHING MACHINE,565.0,0.9,2.0,,244.08,,1017.0,,Autumn,True
45,April,BATHROOM,fan,55.0,14.6,2.0,48.18,385.44,8.0,1606.0,medium,,False
727,Nov,Living Room,COMPUTER,196.0,3.7,2.0.0,43.51,348.1,8.0,,medium,Autumn,False
789,DEC, Dining Room  ,Light,16.0,7.9,2.0,7.58,60.67,8.0,252.8,low,,False
98,Jun,drawing room,Computer,364.0,9.6,2.0,209.66,1677.31,8.0,6988.8,High,Summer,False
995,feb,Bedroom, Heater  ,886.0,2.0,3.0,159.48,1275.84,8.0,5316.0,high,,False
479,NOV,KITCHEN, Fan  ,80.0,8.9,2.0,42.72,341.76,8.0,1424.0,Med,,False
937,Jan,,heater,865.0,1.1,3.0,85.64,685.08,8.0,2854.5,Med,Winter,False
621,Mar,kitchen,Light,17.0,3.8,3.0,5.81,46.51,8.01,193.8,low,Spring,False
686,January,Living Room,Computer,211.0,2.7,3.0,51.27,410.18,8.0,1709.1,Med,,False
604,May,Kitchen,light,32.0,8.3,2.0,15.94,127.49,8.0,531.2,low,Spring,False
456,Feb,Drawing Room,TV,113.0,2.6,1.0.0,8.81,70.51,8.0,,Low,Winter,False
204,Sep,Drawing Room,Computer,359.0,?,3.0,261.71,2093.69,8.0,,HIGH,Autumn,False
665,February,Living Room,tv,111.0,3.6,1.0,11.99,95.9,8.0,399.6,low,,False
806,jun,kitchen,LIGHT,24.0,4.4,1.0.0,3.17,25.34,7.99,,low,,False
260,Jun,Living Room,LIGHT,37.0,9.5,2.0,21.09,168.72,8.0,703.0,Med,Summer,False
574,Dec,Bedroom,light,20.0,5.9,3.0,10.62,84.96,8.0,354.0,low,Winter,False
310,Jun, Kitchen  ,MICROWAVE,741.0,0.3,2.0,13.34,106.7,8.0,444.6,Low,Summer,True
53,Jun,KITCHEN,Light,28.0,5.4,2.0.0,9.07,72.58,8.0,,low,Summer,False
556,July,Dining Room,Light,17.0,5.6,1.0,2.86,22.85,7.99,95.2,low,,False
246,Aug,Kitchen,Light,20.0,9.4,3.0,16.92,135.36,8.0,564.0,Low,Summer,False
222,April, Drawing Room  ,fan,87.0,14.0,2.0,73.08,584.64,8.0,2436.0,medium,,False
343,Feb,Dining_Room,light,20.0,9.3,1.0,,44.64,,186.0,,Winter,False
996,Dec, Bathroom  ,FAN,59.0,17.5,3.0,92.92,743.4,8.0,3097.5,medium,Winter,False
389,Mar,bedroom, Heater  ,1488.0,3.7,3.0,495.5,3964.03,8.0,16516.8,High,Spring,False
600,MAR,Dining_Room, Light  ,18.0,5.0,3.0,8.1,64800.0,8000.0,270.0,low,,False
907,jan,Kitchen,light,31.0,9.7,2.0,18.04,144.34,8.0,601.4,Low,,False
77,Feb,Drawing Room,AC,1565.0,?,3.0,690.17,5521.32,8.0,,HIGH,Winter,True
19,Jan,,Fridge,145.0,19.4,2.0,168.78,1350.24,8.0,5626.0,high,Winter,True
428,Jul,Bathroom,fan,60.0,12.5,1.0,22.5,180.0,8.0,750.0,medium,Summer,False
281,Oct,Drawing Room, TV  ,86.0,5.3,2.0,27.35,218.78,8.0,911.6,Medium,Autumn,False
755,Mar,living room,TV,122.0,5.3,2.0,38.8,310.37,8.0,1293.2,medium,Spring,False
381,March,kitchen,Fan,80.0,16.6,3.0,119.52,956.16,8.0,3984.0,High,,False
302,jun,Bedroom,TV,190.0,3.8,1.0,21.66,173.28,8.0,722.0,Medium,,False
450,Oct,bathroom,Washing Machine,795.0,,1.0.0,38.16,305.28,8.0,,Med,Autumn,True
653,December,Drawing Room,TV,161.0,3.4,1.0,16.42,131.38,8.0,547.4,Low,,False
999,Mar, Kitchen  , Washing Machine  ,730.0,1.5,3.0,98.55,788.4,8.0,3285.0,Medium,Spring,True
632,Jun,LIVING ROOM,LIGHT,35.0,9.4,1.0.0,9.87,78.96,8.0,,low,Summer,False
669,Jun,living room,AC,1929.0,4.1,2.0,474.53,3796.27,8.0,15817.8,High,Summer,True
597,Feb, Drawing Room  ,Computer,-,4.4,3.0,153.65,1229.18,8.0,,HIGH,Winter,False
513,Dec, Kitchen  , Fan  ,72.0,14.6,1.0,31.54,252.29,8.0,1051.2,medium,Winter,False
544,Nov,BEDROOM,TV,150.0,3.8,,51.3,410.4,8.0,,Med,Autumn,False
616,Sep, Drawing Room  ,AC,1379.0,2.2,3.0,273.04,2184.34,8.0,9101.4,HIGH,Autumn,True
904,November,Kitchen,Fan,,10.4,3.0,53.35,426.82,8.0,,Medium,,False
945,dec,Drawing Room,TV,137.0,590.0,2.0,48.5,387.98,8.0,161660.0,medium,,False
618,Jun,KITCHEN,Fan,90.0,7.9,3.0,63.99,511.92,8.0,2133.0,medium,Summer,False
910,Nov,Drawing Room,Fan,53.0,17.3,3.0,82.52,660.17,8.0,2750.7,medium,Autumn,False
636,Apr,Bathroom,Light,27.0,5.6,2.0,9.07,72.58,8.0,302.4,low,Spring,False
656,Feb,Bedroom, AC  ,1304.0,8.5,2.0,665.04,5320.32,8.0,22168.0,high,Winter,True
378,Feb,Bedroom,Fan,82.0,13.7,1.0,33.7,269.62,8.0,1123.4,Med,Winter,False
993,Dec,Living Room,FAN,51.0,,3.0,,,,,,Winter,False
452,Nov,Drawing Room,LIGHT,32.0,3.7,1.0,3.55,28.42,8.01,118.4,Low,Autumn,False
171,Feb,Bathroom,FAN,67.0,15.5,1.0,31.16,249.24,8.0,1038.5,Med,Winter,False
546,Dec,Bathroom,Fan,90.0,16.1,1.0,,347.76,,1449.0,,Winter,False
618,Sep,Living Room,light,35.0,9.2,1.0,9.66,77.28,8.0,322.0,low,Autumn,False
193,April,DRAWING ROOM, Computer  ,111.0,,2.0,40.63,325.01,8.0,,medium,,False
484,Jul,LIVING ROOM, Fan  ,62.0,7.8,2.0,,232.13,,967.2,,Summer,False
826,Jan,drawing room, AC  ,1327.0,3.5,3.0,418.0,3344.04,8.0,13933.5,high,Winter,True
899,Oct,Living Room,Fan,59.0,15.8,3.0,83.9,671.18,8.0,2796.6,Med,Autumn,False
33,Oct,DRAWING ROOM,TV,167.0,3.9,,19.54,156.31,8.0,,low,Autumn,False
1,Sep,Kitchen,Light,25.0,8.6,3.0,19.35,,,645.0,Low,Autumn,False
641,August,dining room, Light  ,10.0,3.8,3.0,3.42,27.36,8.0,114.0,low,,False
864,Apr,Drawing Room,TV,172.0,4.8,3.0,74.3,594.43,8.0,2476.8,Med,Spring,False
66,oct,bathroom,light,30.0,4.9,3.0,13.23,105.84,8.0,441.0,Low,,False
46,Nov,Drawing Room,COMPUTER,115.0,5.4,2.0,37.26,298.08,8.0,1242.0,medium,Autumn,False
608,Jun,,light,16.0,6.2,1.0,2.98,23.81,7.99,99.2,low,Summer,False
 849 ,aug,Bathroom,LIGHT,39.0,9.0,1.0,10.53,84.24,8.0,351.0,Low,,False
768,Feb, Bedroom  ,TV,81.0,,2.0,10.69,85.54,8.0,,Low,Winter,False
57,May,BEDROOM,fan,50.0,8.1,2.0,24.3,194.4,8.0,810.0,medium,Spring,False
552,May, Kitchen  ,Microwave,883.0,0.5,1.0.0,13.24,105960.0,8003.02,,Low,Spring,True
968,Mar,Dining_Room,Fan,57.0,11.2,1.0,19.15,153.22,8.0,638.4,low,Spring,False
71,July,N/A,TV,131.0,5.6,2.0,44.02,352.13,8.0,1467.2,Medium,,False
 681 ,Jul,Living Room, Computer  ,368.0,6.6,3.0,218.59,1748.74,8.0,7286.4,High,Summer,False
695,September,Bedroom,Computer,,2.3,1.0.0,20.36,162.84,8.0,,medium,,False
868,Feb,Living Room,Fan,57.0,13.7,1.0,23.43,187.42,8.0,780.9,medium,Winter,False
176,Feb,Dining_Room,Fan,70.0,15.2,2.0,63.84,510.72,8.0,2128.0,medium,Winter,False
674,Feb,drawing room,Light,12.0,6.7,2.0,4.82,38.59,8.01,160.8,Low,Winter,False
37,May, Bedroom  , Fan  ,84.0,17.5,2.0,88.2,705.6,8.0,2940.0,Medium,Spring,False
109,Sep,مجهول,Fan,51.0,10.0,2.0,30.6,244.8,8.0,1020.0,Med,Autumn,False
899,Nov,Bathroom,Heater,1054.0,2.0,2.0,126.48,1011.84,8.0,4216.0,High,Autumn,False
498,,bedroom,Fan,86.0,10.8,1.0,27.86,222.91,8.0,928.8,Medium,,False
180,Jul,Living_Room, Computer  ,360.0,9.0,3.0,291.6,2332.8,8.0,9720.0,High,Summer,False
534,November,KITCHEN,fridge,130.0,18.3,2.0,142.74,1141.92,8.0,4758.0,HIGH,,True
 415 ,Feb,Dining Room, Light  ,32.0,9.0,2.0,17.28,138240.0,8000.0,576.0,Low,Winter,False
239,Jan,Dining Room,FAN,70.0,14.8,,31.08,248.64,8.0,,medium,Winter,False
80,Nov,Bedroom,AC,1098.0,2.5,3.0,247.05,1976.4,8.0,8235.0,High,Autumn,True
982,Oct,DRAWING ROOM, Light  ,32.0,9.6,2.0,18.43,147.46,8.0,614.4,low,Autumn,False
220,Oct, Bedroom  ,Computer,398.0,7.6,3.0,272.23,,,9074.4,high,Autumn,False
682,Jan, Drawing Room  ,fan,84.0,8.1,3.0,61.24,489.89,8.0,2041.2,medium,Winter,False
296,May,BEDROOM,TV,110.0,5.2,,34.32,274.56,8.0,,Medium,Spring,False
411,Nov,bedroom,LIGHT,18.0,8.6,3.0,13.93,111.46,8.0,464.4,Low,Autumn,False
49,Jun,Bedroom,Computer,378.0,3.2,3.0,108.86,870.91,8.0,3628.8,High,Summer,False
786,Jun,DINING ROOM,Fan,61.0,8.3,3.0,45.57,364.54,8.0,1518.9,medium,Summer,False
431,Apr,BATHROOM,Washing Machine,542.0,1.1,3.0,53.66,429.26,8.0,1788.6,medium,Spring,True
794,Oct,?,Light,16.0,3.8,3.0.0,5.47,43.78,8.0,,low,Autumn,False
212,March,bedroom, TV  ,151.0,5.2,1.0,23.56,188.45,8.0,785.2,Medium,,False
406,Nov,Living Room,AC,1247.0,7.9,2.0,591.08,4728.62,8.0,19702.6,high,Autumn,True
395,Jul,DINING ROOM,Fan,90.0,9.7,2.0,52.38,419.04,8.0,1746.0,Med,Summer,False
320,JUN,DINING ROOM,LIGHT,20.0,8.2,2.0,9.84,78.72,8.0,328.0,low,,False
921,Apr,drawing room,Fan,79.0,17.3,2.0,82.0,656.02,8.0,2733.4,Medium,Spring,False
112,Jan, Kitchen  ,Washing Machine,542.0,1.2,3.0,58.54,468.29,8.0,1951.2,medium,Winter,True
589,Nov, Bedroom  ,TV,179.0,3.2,1.0,17.18,137.47,8.0,572.8,low,Autumn,False
818,Dec,LIVING ROOM,Fan,53.0,14.9,2.0,47.38,379.06,8.0,1579.4,Med,Winter,False
73,,DINING ROOM,Fan,71.0,1660.0000000000002,1.0,35.36,282.86,8.0,117860.0,Medium,,False
398,Jun,Living_Room,COMPUTER,385.0,4.0,1.0,46.2,369.6,8.0,1540.0,medium,Summer,False
451,Oct,Drawing Room,Computer,348.0,8.1,3.0,253.69,2029.54,8.0,8456.4,High,Autumn,False
582,May,Drawing_Room,TV,161.0,3.1,3.0,44.92,359.35,8.0,1497.3,Med,Spring,False
827,Aug,BEDROOM,HEATER,1295.0,2.0,1.0,77.7,621.6,8.0,2590.0,Med,Summer,False
437,July, Living Room  ,Fan,65.0,9.8,2.0,38.22,305.76,8.0,1274.0,Med,,False
805,May,Dining Room,Fan,54.0,11.6,3.0,56.38,451.01,8.0,1879.2,Med,Spring,False
551,April,, Fan  ,63.0,11.1,3.0,62.94,503.5,8.0,2097.9,Medium,,False
346,March,Drawing Room,Fan,74.0,9.5,3.0,63.27,506.16,8.0,2109.0,medium,,False
558,Jul,Bedroom,Heater,1356.0,2.7,1.0,109.84,878.69,8.0,3661.2,High,Summer,False
213,Apr,Living_Room, Fan  ,77.0,12.4,1.0,28.64,229.15,8.0,954.8,medium,Spring,False
781,Aug,, Fridge  ,204.0,-21.7,1.0,132.8,1062.43,8.0,-4426.8,High,Summer,True
418,May,Bedroom,,1380.0,2.2,2.0,182.16,1457.28,8.0,6072.0,high,Spring,
242,Apr,Dining Room,Light,20.0,9.5,2.0,11.4,91.2,8.0,380.0,Low,Spring,False
262,Jul,KITCHEN,Microwave,1045.0,0.4,2.0,25.08,200.64,8.0,836.0,Medium,Summer,True
90,Feb,Living Room,FAN,89.0,940.0,3.0,75.29,602.35,8.0,250980.0,Med,Winter,False
375,May,dining room,Light,40.0,6.4,1.0,7.68,61.44,8.0,256.0,Low,Spring,False
130,January, Kitchen  ,fan,88.0,12.8,1.0,33.79,270.34,8.0,1126.4,Med,,False
743,May,Kitchen, Fridge  ,294.0,20.8,2.0,366.91,2935.3,8.0,12230.4,high,Spring,True
726,mar,LIVING ROOM,Computer,103.0,8.7,1.0,26.88,215.06,8.0,896.1,Medium,,False
221,Aug, Bedroom  ,TV,175.0,5.6,3.0,88.2,705.6,8.0,2940.0,medium,Summer,False
894,jan,living room,Light,14.0,3.6,2.0,3.02,24.19,8.01,100.8,Low,,False
578,dec,Bedroom,LIGHT,19.0,7.4,1.0,4.22,33.74,8.0,140.6,low,,False
525,Jul,Drawing Room,Computer,299.0,7.4,2.0.0,132.76,1062.05,8.0,,high,Summer,False
998,Nov,drawing room,Fan,66.0,12.9,2.0,51.08,408.67,8.0,1702.8,Medium,Autumn,False
441,Aug, Bedroom  ,AC,1444.0,6.8,1.0,294.58,2356.61,8.0,9819.2,HIGH,Summer,True
145,December,,TV,133.0,2.6,3.0,31.12,,,1037.4,Med,,False
836,Mar, Dining Room  ,Fan,67.0,11.4,1.0,22.91,183.31,8.0,763.8,Medium,Spring,False
357,May, Drawing Room  ,TV,83.0,3.0,2.0,14.94,119.52,8.0,498.0,Low,Spring,False
265,aug,Dining_Room,Light,20.0,8.6,3.0,15.48,123.84,8.0,516.0,Low,,False
236,October,kitchen,Fan,,13.5,1.0.0,,285.12,,,,,False
206,Nov,kitchen, Light  ,21.0,4.6,1.0,2.9,23.18,7.99,96.6,Low,Autumn,False
951,Sep,Bedroom, Light  ,33.0,4.1,1.0,4.06,32.47,8.0,135.3,Low,Autumn,False
685,November, Drawing Room  ,Fan,81.0,,3.0.0,95.5,763990.0,7999.9,,Medium,,False
828,Mar, Living Room  ,Light,35.0,9.6,1.0,10.08,80640.0,8000.0,336.0,Low,Spring,False
286,August, Bedroom  ,TV,142.0,5.2,2.0,44.3,354.43,8.0,1476.8,Medium,,False
663,Dec,Drawing Room,computer,249.0,4.2,2.0,62.75,501.98,8.0,2091.6,Med,Winter,False
970,Nov, Bathroom  ,Light,16.0,6.8,2.0,6.53,52.22,8.0,217.6,low,Autumn,False
952,Feb,DINING ROOM,Fan,59.0,7.0,3.0.0,37.17,297.36,8.0,,Medium,Winter,False
902,Feb,BEDROOM,COMPUTER,378.0,8.8,2.0,199.58,1596.67,8.0,6652.8,HIGH,Winter,False
175,June,LIVING ROOM,COMPUTER,,4.3,3.0,90.56,724.46,8.0,,medium,,False
121,Sep,Bedroom,Computer,212.0,7.3,3.0.0,139.28,1114.27,8.0,,high,Autumn,False
23,Jun,DINING ROOM,light,17.0,9.2,1.0,4.69,37.54,8.0,156.4,Low,Summer,False
132,June,Living Room,COMPUTER,169.0,6.5,50.0,32.95,263.64,8.0,54925.0,Medium,,False
969,FEB,Bathroom,FAN,85.0,13.0,150.0,99.45,795.6,8.0,165750.0,medium,,False
468,Dec,Bedroom,Computer,-,2.5,1.0,12.22,97.8,8.0,,Low,Winter,False
22,مش عارف, Kitchen  ,Fridge,191.0,22.9,2.0,262.43,2099.47,8.0,8747.8,high,,True
724,Jun,Living_Room,light,33.0,4.5,1.0,4.46,35.64,7.99,148.5,Low,Summer,False
99,Mar,BEDROOM,Heater,1381.0,3.4,3.0,422.59,,,14086.2,high,Spring,False
90,MAY,Drawing_Room,Computer,263.0,8.3,1.0,65.49,523.9,8.0,2182.9,Med,,False
954,May,living room,computer,303.0,8.2,2.0.0,149.08,1192.61,8.0,,HIGH,Spring,False
987,May, Bathroom  , Fan  ,67.0,8.5,2.0,34.17,273.36,8.0,1139.0,Med,Spring,False
592,Feb,Living Room,Computer,32400.0,3.8,1.0,36.94,295.49,8.0,123120.0,medium,Winter,False
610,Jun,Drawing Room,fan,61.0,7.6,3.0,41.72,333.79,8.0,1390.8,medium,Summer,False
354,Jul, Dining Room  ,Fan,88.0,15.2,1.0,40.13,321.02,8.0,1337.6,Med,Summer,False
68,mar,Drawing Room, Computer  ,255.0,4.6,2.0,70.38,563.04,8.0,2346.0,Medium,,False
630,Mar,Drawing Room,Fan,83.0,11.1,3.0,82.92,663.34,8.0,2763.9,medium,Spring,False
429,May,Living_Room,Computer,372.0,9.6,1.0,107.14,857.09,8.0,3571.2,high,Spring,False
286,Mar,bedroom,,1227.0,3.4,1.0,125.15,1001.23,8.0,4171.8,high,Spring,
229,Jun, Drawing Room  ,TV,96.0,3.9,3.0,33.7,269.57,8.0,1123.2,Medium,Summer,False
363,Apr,Bathroom,Light,16.0,7.5,1.0,3.6,28.8,8.0,120.0,Low,Spring,False
751,Dec,Dining Room,Light,12.0,3.1,3.0,3.35,26.78,7.99,111.6,low,Winter,False
306,Aug,Drawing Room,TV,192.0,3.9,3.0,67.39,539.14,8.0,2246.4,medium,Summer,False
552,Apr,Kitchen,Fan,82.0,7.5,2.0,36.9,295.2,8.0,1230.0,medium,Spring,False
526,Aug,dining room, Light  ,24.0,unknown,1.0,4.32,34.56,8.0,,Low,Summer,False
225,Sep,living room,TV,155.0,2.4,2.0,22.32,178.56,8.0,744.0,Medium,Autumn,False
376,مجهول,Drawing Room,Light,37.0,3.4,2.0,7.55,60.38,8.0,251.6,Low,,False
876,Dec,Dining Room,Fan,58.0,11.2,3.0,58.46,467.71,8.0,1948.8,Medium,Winter,False
630,, Drawing Room  , TV  ,183.0,2.5,3.0,41.17,329.4,8.0,1372.5,Med,,False
833,Mar, Drawing Room  ,Light,27.0,7.5,1.0,6.08,48.6,7.99,202.5,low,Spring,False
747,January,bedroom,Light,23.0,3.2,3.0,6.62,52.99,8.0,220.8,low,,False
431,December,DINING ROOM,fan,73.0,6.6,2.0,28.91,231.26,8.0,963.6,Medium,,False
360,Feb,dining room,FAN,85.0,7.2,2.0,36.72,293.76,8.0,1224.0,Med,Winter,False
731,apr,Living Room, Computer  ,123.0,2.1,2.0,15.5,123.98,8.0,516.6,Low,,False
942,Sep,Kitchen,LIGHT,17.0,7.7,1.0,3.93,31.42,7.99,130.9,low,Autumn,False
126,Dec,KITCHEN,microwave,879.0,0.5,2.0,26.37,210.96,8.0,879.0,Medium,Winter,True
417,jul,Living_Room,Computer,213.0,8.3,3.0,159.11,1272.89,8.0,5303.7,HIGH,,False
389,, Bedroom  ,Fan,66.0,14.5,3.0,86.13,689.04,8.0,2871.0,medium,,False
630,Jun,living room,Light,36.0,6.1,3.0,19.76,158.11,8.0,658.8,low,Summer,False
545,Jun,kitchen, Microwave  ,943.0,0.1,3.0.0,8.49,67.9,8.0,,Low,Summer,True
283,Feb,Bathroom, Fan  ,64.0,9.7,2.0.0,37.25,297.98,8.0,,medium,Winter,False
532,Jun,,AC,1704.0,8.6,1.0,0.43963,3517.06,8000.05,14654.4,Low,Summer,True
155,mar,dining room,Fan,75.0,10.1,2.0,45.45,363.6,8.0,1515.0,Medium,,False
331,Jun,Unknown,Light,29.0,7.4,3.0.0,19.31,154.51,8.0,,low,Summer,False
578,February,, AC  ,1161.0,4.6,2.0,320.44,2563.49,8.0,10681.2,HIGH,,True
279,August,Dining Room,Fan,63.0,8.6,3.0,48.76,390.1,8.0,1625.4,medium,,False
109,Jun,drawing room,COMPUTER,330.0,2.0,3.0,59.4,475.2,8.0,1980.0,Med,Summer,False
655,Mar, Kitchen  ,Washing Machine,501.0,1.1,2.0,33.07,264.53,8.0,1102.2,Medium,Spring,True
484,Sep,Bathroom,Washing Machine,580.0,1.7,3.0,88.74,,,2958.0,Med,Autumn,True
789,DEC, Dining Room  ,Light,16.0,7.9,2.0,7.58,60.67,8.0,252.8,Low,,False
51,Feb,Kitchen,Light,26.0,4.5,1.0,3.51,28.08,8.0,117.0,low,Winter,False
502,Apr,Living Room, Light  ,30.0,4.1,1.0,3.69,29.52,8.0,123.0,Low,Spring,False
728,, Dining Room  , Fan  ,81.0,15.1,3.0,110.08,,,3669.3,HIGH,,False
807,Jan,dining room,Fan,62.0,6.6,3.0,36.83,294.62,8.0,1227.6,Medium,Winter,False
846,September,Bedroom,Computer,316.0,2.2,1.0,20.86,166.85,8.0,695.2,Medium,,False
810,May,BEDROOM, AC  ,1769.0,3.5,1.0,185.75,1485.96,8.0,6191.5,High,Spring,True
562,Nov,,LIGHT,-33.0,8.8,2.0,17.42,139.39,8.0,-580.8,low,Autumn,False
672,Jan,Dining Room,LIGHT,11.0,7.8,1.0,2.57,20.59,8.01,85.8,low,Winter,False
188,May,Living Room,Computer,-330.0,4.4,2.0.0,87.12,696.96,8.0,,Med,Spring,False
510,November,Living_Room, Light  ,37.0,4.3,2.0,9.55,76.37,8.0,318.2,Low,,False
713,Jun,bedroom,TV,126.0,5.7,3.0,64.64,517.1,8.0,2154.6,Med,Summer,False
766,Feb,Kitchen,Fridge,102.0,20.2,2.0,123.62,988.99,8.0,4120.8,High,Winter,True
104,May,Dining_Room,Fan,85.0,13.6,2.0.0,69.36,554.88,8.0,,Med,Spring,False
55,Unknown,Bedroom, AC  ,988.0,8.4,1.0,248.98,1991.81,8.0,8299.2,high,,True
958,Apr,Bathroom,Fan,53.0,14.1,1.0,22.42,179.35,8.0,747.3,Med,Spring,False
458,Jun, Living Room  ,light,12.0,8.4,2.0,6.05,48.38,8.0,201.6,low,Summer,False
39,May,Bedroom,tv,156.0,2.5,3.0,35.1,280.8,8.0,1170.0,medium,Spring,False
743,Feb,Bedroom,COMPUTER,238.0,8.6,1.0,61.4,491.23,8.0,2046.8,medium,Winter,False
229,November,Drawing Room,Fan,64.0,6.1,3.0,35.14,281.09,8.0,1171.2,Medium,,False
335,Dec,BATHROOM,Fan,86.0,10.8,3.0,83.59,,,2786.4,medium,Winter,False
845,Mar,Living_Room,AC,1143.0,5.5,3.0,565.78,4526.28,8.0,18859.5,HIGH,Spring,True
362,Apr, Living Room  ,Fan,90.0,11.6,3.0.0,93.96,751.68,8.0,,Med,Spring,False
450,mar,Living Room,TV,110.0,3.3,3.0,32.67,261.36,8.0,1089.0,Med,,False
513,, Bathroom  ,Fan,88.0,14.1,2.0,74.45,595.58,8.0,2481.6,Medium,,False
512,Mar,,Fridge,236.0,2060.0,1.0,145.85,1166.78,8.0,486160.0,HIGH,Spring,True
558,January,Dining Room,Fan,82.0,6.7,,32.96,263.71,8.0,,Med,,False
61,Jul,Drawing_Room, Computer  ,280.0,7.5,1.0.0,63.0,504.0,8.0,,medium,Summer,False
298,Jun,kitchen,microwave,620.0,0.1,2.0,3.72,29.76,8.0,124.0,Low,Summer,True
658,Nov,Dining Room,Light,25.0,,2.0,0.012,96.0,8000.0,,low,Autumn,False
945,Mar,Bedroom,,894.0,2.6,3.0,209.2,1673.57,8.0,6973.2,high,Spring,
189,aug,dining room,LIGHT,26.0,4.0,2.0,6.24,49.92,8.0,208.0,Low,,False
653,March, Drawing Room  ,AC,1007.0,3.9,3.0.0,353.46,2827.66,8.0,,HIGH,,True
999,Mar, Bedroom  ,ac,1829.0,9.0,1.0,493.83,3950.64,8.0,16461.0,High,Spring,True
248,Dec,Drawing Room,,992.0,3.9,2.0,232.13,1857.02,8.0,7737.6,High,Winter,
578,May,Bathroom,Washing_Machine,755.0,0.6,2.0,27.18,217.44,8.0,906.0,Medium,Spring,True
275,Nov,Bedroom,HEATER,1442.0,1.6,1.0,69.22,,,2307.2,Medium,Autumn,False
670,Oct, Dining Room  ,FAN,71.0,16.0,3.0,102.24,817.92,8.0,3408.0,high,Autumn,False
945,May,Drawing Room,fan,54.0,6.6,3.0,32.08,256.61,8.0,1069.2,Med,Spring,False
911,Nov,Bedroom,Light,31.0,4.5,2.0,8.37,66.96,8.0,279.0,Low,Autumn,False
185,FEB,Kitchen,Fridge,150.0,23.5,3.0.0,317.25,2538.0,8.0,,HIGH,,True
50,Feb,Kitchen,Washing_Machine,-644.0,0.7,2.0,27.05,216.38,8.0,-901.6,Medium,Winter,True
333,sep,Living Room,LIGHT,33.0,8.9,2.0,17.62,140.98,8.0,587.4,low,,False
659,Feb,Living Room,light,24.0,5.7,2.0,8.21,65.66,8.0,273.6,low,Winter,False
360,Jan,Kitchen,microwave,878.0,0.3,2.0,15.8,126.43,8.0,526.8,low,Winter,True
805,May,kitchen,Light,29.0,7.9,2.0.0,13.75,109.97,8.0,,low,Spring,False
116,Mar,Kitchen, Fridge  ,251.0,21.1,2.0,317.77,2542.13,8.0,10592.2,high,Spring,True
18,November, Bedroom  ,Heater,1219.0,1.1,2.0,80.45,643.63,8.0,2681.8,Med,,False
473,July, Kitchen  ,Washing Machine,518.0,1.0,3.0.0,,372.96,,,,,True
198,May,Bathroom, Washing Machine  ,444.0,,1.0,9.32,74.59,8.0,,low,Spring,True
951,May,Living Room,TV,142.0,,2.0,-,272.64,,,,Spring,False
796,Sep,Bathroom,heater,1191.0,2.6,2.0,185.8,1486.37,8.0,6193.2,high,Autumn,False
79,Aug,Bedroom,FAN,67.0,10.6,3.0,error,511.34,,2130.6,,Summer,False
36,September,Drawing Room,fan,77.0,15.9,1.0,36.73,293.83,8.0,1224.3,Medium,,False
873,Jun,Living Room,computer,250.0,7.2,2.0,108.0,864.0,8.0,3600.0,High,Summer,False
919,Nov,kitchen, Microwave  ,651.0,0.2,3.0,11.72,93.74,8.0,390.6,low,Autumn,True
722,May,Drawing Room,tv,11600.0,2.3,2.0,16.01,128.06,8.0,53360.0,low,Spring,False
194,Apr,Living_Room,Light,13.0,3.8,1.0,1.48,11.86,8.01,49.4,low,Spring,False
749,JAN,Kitchen,مش عارف,622.0,0.5,3.0,27.99,223.92,8.0,933.0,medium,,False
423,Jun,Drawing Room,,1850.0,5.1,3.0,849.15,6793.2,8.0,28305.0,High,Summer,
707,Dec,Bedroom,COMPUTER,271.0,6.3,1.0,51.22,409.75,8.0,1707.3,Medium,Winter,False
245,Oct,Bedroom,,26.0,5.6,3.0,13.1,104.83,8.0,436.8,Low,Autumn,
984,Sep,Kitchen,Microwave,104300.0,-0.2,3.0,18.77,150.19,8.0,-62580.0,low,Autumn,True
989,Nov,DRAWING ROOM,Computer,,3.1,3.0.0,52.45,419.62,8.0,,Med,Autumn,False
883,Sep, Bedroom  , Heater  ,1027.0,1.2,3.0,110.92,887.33,8.0,3697.2,high,Autumn,False
519,Jun,living room, AC  ,1672.0,9.3,3.0,1399.46,11195.71,8.0,46648.8,High,Summer,True
472,Nov,living room,Fan,80.0,12.4,2.0,59.52,476.16,8.0,1984.0,Med,Autumn,False
482,Nov,BATHROOM, Heater  ,126100.0,2.6,3.0,295.07,2360.59,8.0,983580.0,High,Autumn,False
99,Oct,LIVING ROOM,Light,30.0,8.8,,23.76,190.08,8.0,,Medium,Autumn,False
386,OCT,DRAWING ROOM,TV,12100.0,3.4,2.0,24.68,197.47,8.0,82280.0,medium,,False
486,Mar,Bedroom,light,23.0,5.2,2.0,7.18,,,239.2,Low,Spring,False
458,Aug,Dining Room,Light,17.0,6.8,1.0,3.47,27.74,7.99,115.6,low,Summer,False
382,Dec,Bathroom,,1232.0,1.3,1.0,48.05,384.38,8.0,1601.6,Med,Winter,
364,May,Bedroom,fan,79.0,9.8,1.0,23.23,185.81,8.0,774.2,medium,Spring,False
142,Nov,Dining Room,fan,66.0,6.2,3.0,36.83,294.62,8.0,1227.6,medium,Autumn,False
806,Jun,Bathroom,Light,1200.0,8.4,3.0,9.07,72.58,8.0,30240.0,Low,Summer,False
614,Jun,KITCHEN,Fridge,169.0,20.4,3.0,310.28,2482.27,8.0,10342.8,High,Summer,True
719,December,,tv,105.0,2.2,3.0,20.79,166.32,8.0,693.0,Med,,False
441,apr,kitchen, Fan  ,55.0,7.7,1.0,12.71,101.64,8.0,423.5,low,,False
217,Feb,bedroom,Fan,74.0,17.7,1.0,39.29,314.35,8.0,1309.8,Med,Winter,False
141,Jul, Kitchen  ,FAN,54.0,10.4,1.0,16.85,134.78,8.0,561.6,low,Summer,False
55,Apr,Living Room,light,14.0,3.5,1.0.0,1.47,11.76,8.0,,low,Spring,False
197,May,Bedroom, Computer  ,317.0,3.1,3.0,88.44,707.54,8.0,2948.1,Med,Spring,False
741,Nov,drawing room,Computer,196.0,,1.0,34.1,272.83,8.0,,Medium,Autumn,False
865,Jan,Kitchen,washing machine,,1.6,1.0,29.95,239.62,8.0,,medium,Winter,True
163,Jun,Kitchen,Light,,7.4,1.0,7.1,56.83,8.0,,low,Summer,False
185,Jul,Dining Room,Fan,55.0,17.2,2.0,56.76,,,1892.0,medium,Summer,False
97,Nov,Kitchen,Washing_Machine,568.0,1.4,3.0,71.57,572.54,8.0,2385.6,Medium,Autumn,True
589,Feb, Bedroom  ,Light,18.0,3.0,3.0,4.86,38.88,8.0,162.0,low,Winter,False
614,January,Living Room, Light  ,33.0,4.2,1.0,4.16,33.26,8.0,138.6,Low,,False
915,Mar,,unknown,86.0,7.4,2.0,38.18,305.47,8.0,1272.8,Medium,Spring,False
345,Oct,,Light,27.0,3.4,1.0,2.75,22.03,8.01,91.8,low,Autumn,False
926,December,drawing room, Computer  ,294.0,9.1,2.0,160.52,1284.19,8.0,5350.8,High,,False
595,Feb,Drawing Room,AC,,7.6,1.0,291.16,2329.25,8.0,,high,Winter,True
232,Mar,Bathroom,WASHING MACHINE,736.0,1.2,2.0,52.99,423.94,8.0,1766.4,Med,Spring,True
450,sep,Living Room, Light  ,13.0,7.6,2.0.0,5.93,47.42,8.0,,Low,,False
543,June,Drawing Room,computer,282.0,5.3,100.0,89.68,717.41,8.0,149460.0,Medium,,False
684,may,Living Room,tv,89.0,5.2,2.0.0,27.77,222.14,8.0,,Medium,,False
156,Sep,LIVING ROOM,light,30.0,9.2,1.0,8.28,66.24,8.0,276.0,low,Autumn,False
643,Aug,Dining Room,Fan,77.0,10.3,1.0,23.79,190.34,8.0,793.1,medium,Summer,False
921,November,drawing room,light,12.0,8.8,2.0.0,,50.69,,,,,False
551,Sep,bedroom, Light  ,33.0,3.9,3.0.0,11.58,92.66,8.0,,Low,Autumn,False
635,Jun,Dining Room,Light,17.0,6.6,2.0,6.73,53.86,8.0,224.4,low,Summer,False
550,Jul,Kitchen,fridge,169.0,22.0,1.0,111.54,892.32,8.0,3718.0,high,Summer,True
356,May,kitchen,microwave,780.0,0.3,3.0.0,21.06,168.48,8.0,,medium,Spring,True
982,August,DINING ROOM,Fan,56.0,9.3,3.0,46.87,374.98,8.0,1562.4,medium,,False
179,January,bedroom, Computer  ,150.0,,2.0,,482.4,,,,,False
388,Feb,Drawing Room,Light,28.0,9.1,2.0,15.29,122.3,8.0,509.6,low,Winter,False
541,Mar,Bedroom,TV,105.0,3.8,3.0,35.91,287.28,8.0,1197.0,Medium,Spring,False
574,Sep,Bedroom,ac,1530.0,5.0,3.0,688.5,5508.0,8.0,22950.0,high,Autumn,True
763,Jun,Kitchen,washing machine,675.0,1.1,2.0.0,44.55,356.4,8.0,,Medium,Summer,True
175,Oct, Drawing Room  ,AC,1518.0,7.2,2.0,655.78,5246210.0,7999.95,21859.2,High,Autumn,True
743,December, Drawing Room  ,LIGHT,11.0,6.3,1.0,2.08,16.63,8.0,69.3,low,,False
697,DEC,Living Room,Computer,207.0,5.3,1.0,32.91,263.3,8.0,1097.1,medium,,False
952,Sep,Kitchen,Washing_Machine,689.0,1.0,1.0,20.67,165.36,8.0,689.0,medium,Autumn,True
877,Apr,Drawing Room,tv,121.0,4.4,2.0,31.94,255.55,8.0,1064.8,medium,Spring,False
747,Nov, Drawing Room  ,,1666.0,3.2,2.0,error,2558980.0,,10662.4,,Autumn,
669,Feb,Living Room,Computer,331.0,8.7,50.0,86.39,691.13,8.0,143985.0,Medium,Winter,False
363,may,Bedroom,Heater,944.0,3.2,1.0,90.62,724.99,8.0,3020.8,Med,,False
541,Feb,DRAWING ROOM,TV,199.0,3.5,1.0,20.89,,,696.5,Med,Winter,False
647,Jul,Drawing Room,TV,193.0,5.4,50.0.0,31.27,250.13,8.0,,medium,Summer,False
978,Apr,Drawing_Room,FAN,62.0,unknown,2.0,37.2,297.6,8.0,,medium,Spring,False
904,mar,Drawing Room, TV  ,72.0,5.1,2.0.0,22.03,176.26,8.0,,Medium,,False
310,March,Drawing Room,TV,141.0,,3.0,62.18,497.45,8.0,,Medium,,False
664,Dec,dining room,Fan,72.0,16.1,3.0,104.33,834.62,8.0,3477.6,HIGH,Winter,False
924,Dec, Bedroom  , Fan  ,53.0,8.7,2.0,27.67,221.33,8.0,922.2,Med,Winter,False
618,June,Kitchen,FAN,86.0,15.6,2.0,80.5,643.97,8.0,2683.2,Med,,False
145,Jul,Bedroom,Light,32.0,7.7,2.0,14.78,118.27,8.0,492.8,Low,Summer,False
472,Dec,Living_Room,ac,908.0,7.9,2.0,430.39,3443.14,8.0,14346.4,HIGH,Winter,True
 418 ,Jan,Living Room, Computer  ,297.0,7.4,2.0,131.87,1054.94,8.0,4395.6,high,Winter,False
106,Jul, Drawing Room  ,Computer,397.0,3.2,3.0,114.34,914.69,8.0,3811.2,high,Summer,False
829,Aug, Living Room  , AC  ,1783.0,3.1,1.0,165.82,1326.55,8.0,5527.3,HIGH,Summer,True
367,oct,Living Room,fan,77.0,14.1,3.0,97.71,781.7,8.0,3257.1,medium,,False
332,October,Bathroom,Light,15.0,7.3,2.0,6.57,52.56,8.0,219.0,Low,,False
180,Jun,Living_Room,TV,171.0,5.1,2.0.0,52.33,418.61,8.0,,Medium,Summer,False
527,Jul,مش عارف,Light,20.0,5.5,2.0,6.6,52.8,8.0,220.0,Low,Summer,False
931,Sep,Dining Room,FAN,,16.4,3.0,104.8,838.37,8.0,,High,Autumn,False
273,Feb,bedroom,Light,22.0,9.4,3.0,18.61,148.9,8.0,620.4,Low,Winter,False
784,Nov,Dining Room,Light,23.0,5.9,3.0,12.21,97.7,8.0,407.1,Low,Autumn,False
418,Feb, Bedroom  ,Computer,197.0,8.8,3.0,156.02,1248.19,8.0,5200.8,HIGH,Winter,False
489,Sep,Kitchen,Microwave,989.0,0.1,3.0,8.9,71.21,8.0,296.7,low,Autumn,True
771,Feb,Drawing Room,light,38.0,4.4,3.0,15.05,120.38,8.0,501.6,Low,Winter,False
11,August,kitchen, Fridge  ,16200.0,19.9,3.0,290.14,2321.14,8.0,967140.0,HIGH,,True
917,Jan,KITCHEN,Light,15.0,7.0,1.0,3.15,25.2,8.0,105.0,low,Winter,False
20,Dec,DINING ROOM,Light,28.0,8.9,2.0,14.95,119.62,8.0,498.4,low,Winter,False
930,JAN,Unknown,COMPUTER,310.0,5.9,1.0,54.87,438.96,8.0,1829.0,medium,,False
322,June,bedroom,TV,93.0,2.8,3.0.0,23.44,187.49,8.0,,medium,,False
683,aug,Bedroom,computer,173.0,7.5,2.0,77.85,622.8,8.0,2595.0,medium,,False
330,jan,kitchen,FRIDGE,233.0,22.9,3.0,480.21,3841.7,8.0,16007.1,High,,True
515,Feb,Drawing Room,AC,1991.0,6.4,1.0,382.27,3058.18,8.0,12742.4,high,Winter,True
809,Sep,Living Room,FAN,63.0,10.5,2.0,39.69,317.52,8.0,1323.0,Med,Autumn,False
411,Jul,Drawing_Room,AC,1861.0,8.4,1.0,468.97,3751.78,8.0,15632.4,HIGH,Summer,True
620,Nov,Kitchen,washing machine,638.0,1.1,2.0,42.11,336.86,8.0,1403.6,medium,Autumn,True
664,Dec, Living Room  ,Computer,244.0,4.1,1.0,30.01,240.1,8.0,1000.4,Medium,Winter,False
510,Dec,Living Room,fan,67.0,12.4,1.0,,199.39,,830.8,,Winter,False
921,May,Living Room,FAN,55.0,6.3,3.0,31.18,249.48,8.0,1039.5,medium,Spring,False
289,Nov, Living Room  ,Light,38.0,680.0,1.0,7.75,62.02,8.0,25840.0,Low,Autumn,False
561,Aug,Dining Room,Light,11.0,9.3,1.0,3.07,24.55,8.0,102.3,Low,Summer,False
758,June,Bathroom,Light,14.0,3.1,2.0,2.6,20.83,8.01,86.8,Low,,False
600,June, Living Room  ,Computer,399.0,5.1,2.0,122.09,976.75,8.0,4069.8,high,,False
384,mar,Living Room,Computer,269.0,4.3,2.0,69.4,555.22,8.0,2313.4,medium,,False
692,Dec,Kitchen,Fridge,257.0,20.8,3.0,481.1,3848.83,8.0,16036.8,high,Winter,True
165,Jul,drawing room,COMPUTER,299.0,5.9,1.0,52.92,423.38,8.0,1764.1,Med,Summer,False
715,November,Drawing Room,TV,94.0,5.6,3.0,47.38,379.01,8.0,1579.2,medium,,False
492,Aug,DRAWING ROOM,AC,1384.0,3.2,1.0.0,132.86,1062.91,8.0,,HIGH,Summer,True
756,July,BEDROOM,LIGHT,27.0,9.5,2.0,15.39,123.12,8.0,513.0,Low,,False
867,Jun,Living Room,computer,333.0,9.6,2.0,191.81,1534.46,8.0,6393.6,high,Summer,False
197,aug, Kitchen  ,Light,22.0,4.7,1.0,3.1,24.82,8.01,103.4,Low,,False
25,Mar,Dining_Room,Light,34.0,5.1,1.0,5.2,,,173.4,Low,Spring,False
 250 ,Aug,Kitchen, Light  ,38.0,8.8,3.0,30.1,240.77,8.0,1003.2,medium,Summer,False
744,Oct,Kitchen,Microwave,790.0,0.2,1.0,4.74,37.92,8.0,158.0,low,Autumn,True
216,NOV,bedroom,TV,,3.5,1.0,13.34,,,,Low,,False
277,Dec,,,919.0,3.1,2.0,170.93,1367.47,8.0,5697.8,high,Winter,
658,Jun,Dining Room,Light,18.0,6.7,3.0,10.85,86.83,8.0,361.8,low,Summer,False
320,August,Living Room,AC,1916.0,4.1,1.0,235.67,1885.34,8.0,7855.6,High,,True
529,Oct,BEDROOM, Light  ,12.0,5.1,1.0,1.84,14.69,7.98,61.2,low,Autumn,False
253,may,DINING ROOM,Fan,69.0,17.4,3.0.0,108.05,864.43,8.0,,High,,False
289,aug,,light,24.0,8.2,2.0.0,11.81,94.46,8.0,,low,,False
94,November,Bedroom,AC,1202.0,5.7,2.0,411.08,,,13702.8,high,,True
537,Nov, Bedroom  , AC  ,1788.0,4.4,2.0,472.03,3776.26,8.0,15734.4,High,Autumn,True
420,May,Kitchen,Light,33.0,3.8,1.0.0,3.76,30.1,8.01,,Low,Spring,False
697,May,DINING ROOM,fan,58.0,11.9,150.0,62.12,496.94,8.0,103530.0,Medium,Spring,False
790,Mar,Living_Room, Computer  ,339.0,5.7,2.0.0,115.94,927.5,8.0,,HIGH,Spring,False
193,Apr,DRAWING ROOM,AC,1103.0,9.4,2.0,622.09,4976.74,8.0,20736.4,HIGH,Spring,True
839,July,Bedroom,HEATER,1202.0,3.5,1.0,126.21,1009.68,8.0,4207.0,HIGH,,False
867,Aug, Living Room  ,Computer,272.0,9.5,3.0,232.56,1860.48,8.0,7752.0,High,Summer,False
817,Aug,Bedroom, Fan  ,66.0,13.2,1.0,26.14,,,871.2,Medium,Summer,False
992,Jan,bedroom,TV,178.0,5.0,1.0,26.7,213.6,8.0,890.0,medium,Winter,False
899,May,Dining Room,Fan,57.0,11.6,2.0,39.67,317.38,8.0,1322.4,Med,Spring,False
674,Dec,bathroom,Heater,1212.0,3.9,3.0,425.41,3403.3,8.0,14180.4,HIGH,Winter,False
460,October, Drawing Room  ,ac,1172.0,8.6,3.0,907.13,7257.02,8.0,30237.6,high,,True
893,Jun,living room,Computer,397.0,5.8,2.0,138.16,1105.25,8.0,4605.2,High,Summer,False
122,jul,Drawing Room,Fan,59.0,15.2,1.0.0,26.9,215.23,8.0,,medium,,False
770,Unknown, Drawing Room  , TV  ,138.0,500.0,3.0,62.1,496.8,8.0,207000.0,Medium,,False
309,Dec, Dining Room  ,Light,35.0,5.6,3.0,17.64,141.12,8.0,588.0,low,Winter,False
277,Nov,Drawing Room,TV,176.0,3.4,1.0,17.95,143.62,8.0,598.4,Low,Autumn,False
56,Jul,Kitchen,Fridge,173.0,22.0,1.0,114.18,913.44,8.0,3806.0,High,Summer,True
370,June,DRAWING ROOM,TV,120.0,5.4,2.0,38.88,311.04,8.0,1296.0,medium,,False
514,Aug,Kitchen,Microwave,1155.0,0.4,1.0,13.86,110.88,8.0,462.0,Low,Summer,True
346,May,DRAWING ROOM,light,39.0,,1.0,7.14,57.1,8.0,,Low,Spring,False
662,January,BEDROOM,Light,-33.0,7.7,3.0,22.87,182.95,8.0,-762.3,medium,,False
280,July,Living Room,light,29.0,3.9,2.0,0.00679,54.29,7995.58,226.2,low,,False
427,November,Living Room,light,32.0,4.7,2.0,9.02,72.19,8.0,300.8,low,,False
948,Mar,Living_Room,LIGHT,26.0,4.1,1.0,3.2,25.58,7.99,106.6,low,Spring,False
840,Oct,Dining Room,,20.0,6.7,1.0.0,4.02,32.16,8.0,,Low,Autumn,
172,Aug,Dining Room,LIGHT,error,6.2,2.0,7.07,56.54,8.0,,Low,Summer,False
820,Feb,Living_Room,TV,,4.5,1.0,25.11,200.88,8.0,,Medium,Winter,False
38,AUG,Bathroom,Light,10.0,5.2,1.0,1.56,12.48,8.0,52.0,Low,,False
843,Nov,,AC,1872.0,7.6,1.0,426.82,3414.53,8.0,14227.2,High,Autumn,True
964,March,Kitchen, Fan  ,82.0,,2.0.0,71.83,574.66,8.0,,Medium,,False
64,June,KITCHEN,Washing Machine,716.0,0.5,3.0.0,32.22,257.76,8.0,,Med,,True
952,MAY,Bedroom,Light,20.0,4.8,3.0,8.64,69.12,8.0,288.0,Low,,False
955,sep,Dining_Room,Light,39.0,7.8,1.0,9.13,73.01,8.0,304.2,Low,,False
938,Oct,Kitchen,Fridge,-180.0,19.6,2.0,211.68,1693.44,8.0,-7056.0,High,Autumn,True
156,February,BATHROOM,washing machine,526.0,1.7,2.0,53.65,429.22,8.0,1788.4,Medium,,True
493,Jul,Bathroom,Washing Machine,492.0,1.0,1.0,14.76,118.08,8.0,492.0,Low,Summer,True
805,Aug,Kitchen,Light,35.0,4.0,3.0,12.6,100.8,8.0,420.0,low,Summer,False
997,Jul,Kitchen, Washing Machine  ,793.0,1.6,3.0,114.19,913.54,8.0,3806.4,High,Summer,True
855,,Living_Room,AC,1424.0,2.7,1.0,115.34,922.75,8.0,3844.8,high,,True
140,Nov,kitchen,Fan,71.0,12.0,1.0.0,25.56,204.48,8.0,,Med,Autumn,False
51,November,LIVING ROOM,TV,79.0,4.3,2.0,20.38,163060.0,8000.98,679.4,Medium,,False
809,JUN,Bathroom,Heater,1279.0,2.9,2.0,222.55,1780.37,8.0,7418.2,HIGH,,False
632,,BEDROOM,Heater,1325.0,2.5,2.0,198.75,1590.0,8.0,6625.0,High,,False
53,May,living room,computer,187.0,5.8,2.0,65.08,520.61,8.0,2169.2,Med,Spring,False
519,November,Drawing Room,Fan,88.0,14.3,3.0,113.26,906.05,8.0,3775.2,high,,False
 491 ,December,Dining Room,FAN,,15.8,2.0,70.15,561.22,8.0,,Medium,,False
696,Oct,BEDROOM,Fan,83.0,11.3,3.0,84.41,675.29,8.0,2813.7,Medium,Autumn,False
549,August,Dining Room,مجهول,,8.7,3.0,69.69,557.5,8.0,,Medium,,False
176,Feb,Bathroom,Fan,77.0,11.3,3.0,78.31,626.47,8.0,2610.3,medium,Winter,False
217,jul, Drawing Room  , Light  ,19.0,3.5,2.0,3.99,,,133.0,Low,,False
822,October,مش عارف,Light,33.0,4.1,2.0,8.12,64.94,8.0,270.6,Low,,False
882,Mar,BEDROOM,heater,1275.0,?,3.0,298.35,2386.8,8.0,,High,Spring,False
451,Jan, Drawing Room  ,Fan,77.0,680.0,2.0,31.42,251.33,8.0,104720.0,medium,Winter,False
22,Apr,Living Room,Computer,381.0,,2.0,57.15,457.2,8.0,,Med,Spring,False
461,Mar,DINING ROOM,Light,24.0,7.9,3.0,0.01706,136.51,8001.76,568.8,low,Spring,False
126,Nov,BATHROOM,Washing Machine,640.0,1.7,2.0.0,65.28,522.24,8.0,,Med,Autumn,True
598,mar,Drawing Room,AC,934.0,6.1,1.0,170.92,1367.38,8.0,5697.4,High,,True
382,Mar,LIVING ROOM,ac,1552.0,8.1,3.0,1131.41,9051.26,8.0,37713.6,high,Spring,True
818,Sep,Kitchen,microwave,705.0,0.4,1.0,8.46,67.68,8.0,282.0,Low,Autumn,True
623,Jun,Bathroom, Light  ,,6.2,3.0,18.97,151.78,8.0,,low,Summer,False
288,Jan,Living Room,TV,80.0,5.9,1.0,14.16,113.28,8.0,472.0,Low,Winter,False
895,Aug,Bedroom,Light,39.0,4.9,150.0,17.2,137.59,8.0,28665.0,low,Summer,False
808,May,Living Room, Light  ,N/A,5.6,2.0,12.77,102.14,8.0,,Low,Spring,False
156,Feb,Living_Room,Computer,264.0,2.4,3.0,57.02,456.19,8.0,1900.8,medium,Winter,False
5,Mar,Bedroom,Light,31.0,4.0,2.0,7.44,59.52,8.0,248.0,Low,Spring,False
619,October,Bedroom,Heater,1384.0,1.3,1.0,53.98,431.81,8.0,1799.2,Med,,False
539,July,Drawing_Room, AC  ,1182.0,7.4,1.0,,2099.23,,8746.8,,,True
672,Jul,living room,,1746.0,4.9,,769.99,6159890.0,7999.96,,high,Summer,
122,Jun,Bathroom,Heater,1037.0,2.5,2.0,155.55,1244.4,8.0,5185.0,HIGH,Summer,False
936,SEP,Bedroom,Computer,272.0,5.4,2.0,88.13,705.02,8.0,2937.6,medium,,False
340,dec, Living Room  ,Light,1100.0,7.9,2.0,5.21,41.71,8.01,17380.0,Low,,False
204,may,Drawing Room,Fan,5500.0,13.2,1.0,21.78,174.24,8.0,72600.0,Medium,,False
911,Oct, Bedroom  ,heater,1329.0,3.4,3.0,406.67,3253.39,8.0,13555.8,HIGH,Autumn,False
99,August,drawing room,AC,1492.0,5.5,1.0,246.18,1969440.0,8000.0,8206.0,high,,True
145,Mar,Bedroom,Fan,65.0,8.7,1.0,16.96,135.72,8.0,565.5,low,Spring,False
678,September,Dining Room,Fan,80.0,16.5,2.0,79.2,633.6,8.0,2640.0,Med,,False
447,September,bedroom,TV,185.0,4.8,1.0,26.64,213.12,8.0,888.0,Med,,False
156,Mar,Bedroom,AC,1198.0,5.5,150.0.0,593.01,4744.08,8.0,,high,Spring,True
188,Mar, Living Room  ,LIGHT,12.0,9.1,1.0,3.28,,,109.2,low,Spring,False
414,April,Bedroom,AC,939.0,3.7,2.0,208.46,1667.66,8.0,6948.6,high,,True
521,OCT,Drawing Room, Light  ,30.0,7.8,2.0,14.04,112.32,8.0,468.0,low,,False
768,Sep,Dining Room,Light,18.0,5.7,2.0.0,6.16,49.25,8.0,,low,Autumn,False
153,Sep,Dining Room,fan,58.0,11.6,3.0,60.55,484.42,8.0,2018.4,Med,Autumn,False
66,Aug,Drawing Room,Fan,77.0,18.0,1.0,41.58,332.64,8.0,1386.0,Medium,Summer,False
893,Jul,living room,TV,91.0,4.8,3.0,39.31,314.5,8.0,1310.4,Medium,Summer,False
679,October, Drawing Room  ,TV,103.0,4.8,2.0,29.66,237.31,8.0,988.8,Med,,False
886,May,DINING ROOM,fan,54.0,15.0,3.0,72.9,583.2,8.0,2430.0,Med,Spring,False
203,sep,Kitchen,Fridge,274.0,,3.0,564.71,4517.71,8.0,,High,,True
22,Apr,Living_Room, Light  ,14.0,8.0,2.0,6.72,53.76,8.0,224.0,low,Spring,False
296,dec, Bedroom  ,AC,1507.0,2.2,1.0,99.46,795.7,8.0,3315.4,Medium,,True
 629 ,Jun,Dining Room,Light,22.0,7.2,1.0,4.75,38.02,8.0,158.4,low,Summer,False
633,mar,Kitchen,Fan,78.0,9.0,1.0,error,168.48,,702.0,,,False
377,Nov,DRAWING ROOM,TV,192.0,3.9,3.0,67.39,539.14,8.0,2246.4,medium,Autumn,False
985,Apr,Drawing Room,Computer,334.0,6.1,1.0,61.12,488.98,8.0,2037.4,Medium,Spring,False
437,Sep, Living Room  ,Light,-14.0,6.0,3.0,7.56,60.48,8.0,-252.0,Low,Autumn,False
936,November, Drawing Room  ,computer,220.0,6.4,2.0,84.48,675.84,8.0,2816.0,Med,,False
703,Dec,bedroom,AC,993.0,2.5,1.0,74.47,595.8,8.0,2482.5,Medium,Winter,True
696,Feb,bathroom,Light,-39.0,8.5,3.0,29.84,238.68,8.0,-994.5,medium,Winter,False
234,feb,BEDROOM, AC  ,1898.0,3.5,3.0,0.59787,4782.96,8000.0,19929.0,Low,,True
189,Nov,Dining Room,Light,19.0,5.8,1.0,3.31,26.45,7.99,110.2,Low,Autumn,False
264,April,bedroom, AC  ,1029.0,10.0,1.0,308.7,2469.6,8.0,10290.0,High,,True
977,Jan, Living Room  ,Light,20.0,9.1,2.0,10.92,87.36,8.0,364.0,low,Winter,False
310,Nov,LIVING ROOM, TV  ,107.0,4.1,2.0,26.32,210.58,8.0,877.4,medium,Autumn,False
126,Feb,-,HEATER,-1381.0,1.8,1.0,74.57,596.59,8.0,-2485.8,Med,Winter,False
900,Nov,DINING ROOM,LIGHT,13.0,3.7,3.0,4.33,34.63,8.0,144.3,low,Autumn,False
854,Nov,Dining_Room,Fan,67.0,869.9999999999999,3.0.0,52.46,419.69,8.0,,Medium,Autumn,False
355,Apr,DINING ROOM,Light,15.0,3.2,3.0,4.32,34.56,8.0,144.0,low,Spring,False
992,Jun,Living_Room,Computer,170.0,3.5,2.0,35.7,285.6,8.0,1190.0,Med,Summer,False
805,Jan,Bedroom,FAN,62.0,14.7,2.0,54.68,437.47,8.0,1822.8,medium,Winter,False
568,October,Kitchen,washing machine,648.0,1.8,2.0.0,69.98,559.87,8.0,,Medium,,True
434,March,BEDROOM,,357.0,2.5,2.0,53.55,428.4,8.0,1785.0,medium,,
435,October,Living_Room,fan,75.0,15.0,2.0,67.5,540.0,8.0,2250.0,Med,,False
130,Jun,Bedroom,AC,1229.0,9.6,2.0.0,707.9,5663.23,8.0,,HIGH,Summer,True
877,Jul,Kitchen,Fan,51.0,13.9,3.0,63.8,510.41,8.0,2126.7,Medium,Summer,False
649,Jan,Dining Room,Light,31.0,,1.0,4.37,34.97,8.0,,Low,Winter,False
842,Oct, Drawing Room  ,,25.0,6.9,2.0,10.35,82.8,8.0,345.0,Low,Autumn,
838,Jan,Living Room,Computer,204.0,3.1,1.0,18.97,151.78,8.0,632.4,low,Winter,False
463,Aug,,,813.0,,1.0,4.88,39.02,8.0,,low,Summer,
398,nov,drawing room,AC,1871.0,7.9,1.0,443.43,3547.42,8.0,14780.9,High,,True
355,Sep,Living Room,Fan,61.0,11.3,3.0,62.04,,,2067.9,Med,Autumn,False
116,Oct,Kitchen,Light,39.0,4.2,1.0,4.91,39.31,8.01,163.8,Low,Autumn,False
248,September, Drawing Room  ,Light,-26.0,6.7,2.0,10.45,83.62,8.0,-348.4,Low,,False
482,January,drawing room,AC,1732.0,4.9,2.0,509.21,4073.66,8.0,16973.6,High,,True
682,nov,Drawing Room,Computer,115.0,4.0,3.0,41.4,331.2,8.0,1380.0,Medium,,False
895,Feb,Bedroom,Heater,984.0,3.3,2.0,194.83,1558.66,8.0,6494.4,High,Winter,False
771,June,KITCHEN,Light,17.0,10.0,3.0,15.3,122.4,8.0,510.0,low,,False
365,Nov,kitchen,Fan,90.0,10.6,2.0,57.24,457.92,8.0,1908.0,Med,Autumn,False
623,May,Living Room,TV,85.0,5.9,3.0,45.14,361.08,8.0,1504.5,Med,Spring,False
615,May,Bedroom,AC,1061.0,7.8,2.0.0,496.55,3972.38,8.0,,High,Spring,True
779,MAR,Bedroom,HEATER,919.0,3.4,2.0,187.48,1499.81,8.0,6249.2,High,,False
602,Jun,Drawing Room,TV,71.0,4.3,2.0,18.32,146.54,8.0,610.6,Low,Summer,False
239,Aug,Bedroom,n/a,89.0,15.5,3.0,124.16,993.24,8.0,4138.5,High,Summer,False
748,mar,Bathroom,not sure,24.0,5.0,3.0,10.8,86.4,8.0,360.0,low,,False
466,Sep, Dining Room  ,Light,24.0,5.9,2.0,8.5,67.97,8.0,283.2,low,Autumn,False
147,Aug,DINING ROOM,Fan,70.0,-14.0,3.0,88.2,705.6,8.0,-2940.0,Medium,Summer,False
448,March,Dining Room,Fan,50.0,9.9,2.0,29.7,237.6,8.0,990.0,Med,,False
139,APR,Living Room,TV,92.0,5.0,3.0,41.4,331.2,8.0,1380.0,Medium,,False
959,Jun,Dining Room,light,32.0,6.8,1.0,6.53,52.22,8.0,217.6,Low,Summer,False
386,July, Living Room  ,TV,73.0,4.7,1.0,10.29,82.34,8.0,343.1,Low,,False
506,Jan,Living_Room,Fan,84.0,11.0,3.0,83.16,665.28,8.0,2772.0,medium,Winter,False
823,May,dining room,Light,33.0,9.7,3.0,28.81,230.47,8.0,960.3,medium,Spring,False
33,Aug,Drawing Room,AC,1902.0,5.8,3.0,992.84,7942.75,8.0,33094.8,HIGH,Summer,True
139,April,Living Room,AC,1582.0,9.5,2.0.0,901.74,7213.92,8.0,,HIGH,,True
467,Sep,DRAWING ROOM,ac,1546.0,8.5,3.0,1182.69,9461.52,8.0,39423.0,High,Autumn,True
203,Sep,living room,Light,18.0,,3.0,5.83,46.66,8.0,,Low,Autumn,False
745,Aug,living room,ac,1872.0,8.3,3.0,1398.38,11187.07,8.0,46612.8,High,Summer,True
826,Aug,DRAWING ROOM,light,15.0,8.3,2.0,7.47,59.76,8.0,249.0,Low,Summer,False
645,Aug,bathroom,Light,36.0,4.4,1.0.0,4.75,38.02,8.0,,low,Summer,False
448,N/A,Kitchen,,748.0,0.8,2.0,35.9,287.23,8.0,1196.8,medium,,
885,Mar,LIVING ROOM,Computer,115.0,,3.0,44.51,,,,Med,Spring,False
956,January,DRAWING ROOM,fan,77.0,15.2,1.0,35.11,280.9,8.0,1170.4,Med,,False
198,Feb,,FAN,69.0,10.0,3.0,62.1,496.8,8.0,2070.0,Medium,Winter,False
939,October,Drawing Room,Light,15.0,5.3,2.0,4.77,38.16,8.0,159.0,Low,,False
358,August, Drawing Room  ,AC,1931.0,5.3,1.0,307.03,2456.23,8.0,10234.3,HIGH,,True
210,May,Living Room,TV,95.0,4.4,2.0,25.08,200.64,8.0,836.0,medium,Spring,False
174,Jan,drawing room,fan,65.0,14.8,2.0.0,57.72,461.76,8.0,,medium,Winter,False
797,Sep,DINING ROOM,fan,86.0,6.6,1.0,17.03,136.22,8.0,567.6,Low,Autumn,False
590,Feb,Living Room,TV,180.0,2.9,2.0,31.32,250.56,8.0,1044.0,Medium,Winter,False
648,Oct,Kitchen,fan,85.0,13.8,1.0,35.19,281.52,8.0,1173.0,Med,Autumn,False
320,Oct,,Light,29.0,3.5,2.0,6.09,48.72,8.0,203.0,Low,Autumn,False
952,May, Drawing Room  ,Fan,51.0,6.4,2.0,19.58,156.67,8.0,652.8,Low,Spring,False
922,May,Drawing_Room,light,38.0,7.2,2.0,,131.33,,547.2,,Spring,False
609,Jan,BEDROOM,Computer,234.0,2.3,3.0.0,48.44,387.5,8.0,,Med,Winter,False
435,May,bathroom,Light,31.0,8.2,3.0,22.88,183.02,8.0,762.6,Med,Spring,False
814,April,Bathroom,Fan,78.0,13.6,1.0,31.82,254.59,8.0,1060.8,medium,,False
858,Mar,LIVING ROOM,TV,159.0,4.5,3.0,64.39,515.16,8.0,2146.5,Med,Spring,False
300,Dec, Dining Room  ,Light,20.0,6.6,3.0,11.88,95.04,8.0,396.0,low,Winter,False
140,Dec,KITCHEN,FRIDGE,134.0,23.2,1.0,93.26,746.11,8.0,3108.8,Med,Winter,True
498,May,BATHROOM,Light,37.0,6.3,1.0,6.99,55.94,8.0,233.1,Low,Spring,False
484,April,Kitchen,fan,75.0,16.0,1.0.0,36.0,288.0,8.0,,Med,,False
761,MAY,dining room, Light  ,13.0,6.4,1.0,2.5,19.97,7.99,83.2,Low,,False
197,Apr,kitchen,Fan,56.0,11.5,3.0,57.96,463.68,8.0,1932.0,Medium,Spring,False
13,Jun,Drawing Room,AC,927.0,5.9,,328.16,2625.26,8.0,,HIGH,Summer,True
401,JUL,Bedroom,AC,1712.0,2.7,1.0,?,1109380.0,,4622.4,,,True
 200 ,Dec,Living Room,Fan,61.0,6.9,2.0.0,25.25,202.03,8.0,,Medium,Winter,False
366,NOV,Bathroom,Unknown,90.0,9.0,2.0,48.6,388.8,8.0,1620.0,medium,,False
417,Jul,Living_Room,AC,1399.0,6.7,3.0,843.6,6748.78,8.0,28119.9,HIGH,Summer,True
928,Jul,, AC  ,1769.0,4.3,2.0,456.4,3651.22,8.0,15213.4,high,Summer,True
224,jul,bathroom, Light  ,31.0,,1.0,3.35,26.78,7.99,,low,,False
29,Dec,Bedroom,HEATER,1372.0,3.3,1.0,135.83,1086.62,8.0,4527.6,HIGH,Winter,False
661,Jan, Kitchen  ,Fridge,166.0,20.8,2.0.0,207.17,1657.34,8.0,,High,Winter,True
320,December, Dining Room  , Light  ,39.0,8.7,,10.18,81.43,8.0,,Low,,False
345,Dec,DINING ROOM, Fan  ,83.0,9.1,1.0,22.66,181.27,8.0,755.3,medium,Winter,False
47,Oct,Drawing Room,ac,1201.0,8.5,1.0,306.25,2450.04,8.0,10208.5,HIGH,Autumn,True
526,Apr,Living Room,light,32.0,7.1,3.0,20.45,163.58,8.0,681.6,Med,Spring,False
358,May,Drawing Room,Light,14.0,9.0,2.0,7.56,60.48,8.0,252.0,low,Spring,False
875,Dec, Living Room  ,COMPUTER,278.0,3.4,1.0,28.36,226.85,8.0,945.2,Med,Winter,False
200,Feb,Bathroom,HEATER,1094.0,2.6,,85.33,682.66,8.0,,medium,Winter,False
68,June,drawing room,Fan,54.0,15.5,2.0,,401.76,,1674.0,,,False
476,Jun, Bedroom  ,TV,99.0,3.6,3.0,32.08,256.61,8.0,1069.2,Medium,Summer,False
768,dec,Dining Room,Fan,73.0,11.1,3.0,72.93,583.42,8.0,2430.9,Medium,,False
788,November,LIVING ROOM,Computer,348.0,9.2,1.0,96.05,768.38,8.0,3201.6,Medium,,False
36,Aug,,light,36.0,3.6,3.0.0,11.66,,,,low,Summer,False
780,jan, Dining Room  , Light  ,14.0,8.4,1.0,3.53,28.22,7.99,117.6,low,,False
858,December,Living Room,,304.0,3.4,3.0,93.02,744.19,8.0,3100.8,medium,,
559,feb,Drawing_Room,Fan,60.0,17.5,1.0,31.5,252.0,8.0,1050.0,medium,,False
654,Sep,Drawing_Room,TV,99.0,2.3,2.0,13.66,109.3,8.0,455.4,low,Autumn,False
242,July,Bathroom,Washing Machine,717.0,1.8,2.0,77.44,619.49,8.0,2581.2,Medium,,True
437,Nov,Drawing Room,Light,,6.7,2.0,10.85,86.83,8.0,,low,Autumn,False
671,Nov,BEDROOM, Heater  ,1059.0,1.3,3.0,-,991.22,,4130.1,,Autumn,False
274,Jan,Bedroom,,23.0,9.7,2.0,13.39,107.09,8.0,446.2,Low,Winter,
507,apr,living room,Light,26.0,4.5,2.0,7.02,,,234.0,low,,False
562,MAY, Living Room  ,LIGHT,21.0,9.2,1.0,5.8,46.37,7.99,193.2,Low,,False
1,,Kitchen,Fridge,,18.8,2.0,217.7,1741.63,8.0,,High,,True
113,Jan,Kitchen,WASHING MACHINE,-,1.0,1.0,16.14,129.12,8.0,,Low,Winter,True
820,Sep,LIVING ROOM,Light,24.0,7.7,3.0,16.63,133.06,8.0,554.4,Low,Autumn,False
497,Apr,dining room,,65.0,9.5,2.0,37.05,296.4,8.0,1235.0,Med,Spring,
266,Mar,,,90.0,14.9,3.0,120.69,965.52,8.0,4023.0,high,Spring,
683,FEB,BEDROOM,LIGHT,25.0,7.5,1.0,5.62,45.0,8.01,187.5,low,,False
458,May,not sure,Light,38.0,8.4,2.0.0,19.15,153.22,8.0,,Low,Spring,False
592,Aug,kitchen,Light,,3.1,3.0,9.21,73.66,8.0,,low,Summer,False
203,Dec,Living Room,LIGHT,14.0,8.4,1.0,3.53,28.22,7.99,117.6,Low,Winter,False
818,AUG,KITCHEN,light,27.0,5.6,3.0,13.61,108.86,8.0,453.6,low,,False
411,Jan,drawing room,computer,321.0,9.9,3.0,286.01,2288.09,8.0,9533.7,high,Winter,False
198,Mar, Bedroom  ,Heater,1409.0,3.5,3.0,443.83,3550.68,8.0,14794.5,HIGH,Spring,False
774,October,Drawing Room,FAN,76.0,9.0,1.0,20.52,164.16,8.0,684.0,Medium,,False
156,Jul,bedroom,TV,90.0,3.1,3.0,25.11,200.88,8.0,837.0,Medium,Summer,False
364,Mar,Bedroom, Heater  ,1309.0,1.5,3.0,176.72,1413.72,8.0,5890.5,high,Spring,False
232,Dec,living room,TV,195.0,4.1,2.0,47.97,383.76,8.0,1599.0,medium,Winter,False
237,December, Living Room  ,AC,1846.0,9.0,1.0,498.42,3987.36,8.0,16614.0,high,,True
651,Nov,LIVING ROOM,Fan,,16.9,1.0,29.91,,,,Med,Autumn,False
478,Nov, Living Room  ,AC,1068.0,5.3,1.0.0,169.81,1358.5,8.0,,high,Autumn,True
599,May,Kitchen,Microwave,1040.0,0.4,3.0,37.44,299.52,8.0,1248.0,Medium,Spring,True
783,Mar,BATHROOM, Light  ,22.0,6.0,1.0,3.96,31.68,8.0,132.0,Low,Spring,False
821,Jul,Kitchen,FAN,63.0,12.8,2.0,48.38,387.07,8.0,1612.8,Medium,Summer,False
507,Apr,,ac,1232.0,4.8,2.0,354.82,2838.53,8.0,11827.2,High,Spring,True
722,Oct,Living Room,TV,136.0,2.9,1.0,11.83,94.66,8.0,394.4,low,Autumn,False
993,September,BEDROOM,Heater,1319.0,3.5,1.0,138.5,1107.96,8.0,4616.5,high,,False
106,Jun, Drawing Room  ,AC,145000.0,7.7,,1004.85,8038.8,8.0,,high,Summer,True
180,July,dining room,Fan,90.0,16.7,1.0,45.09,360.72,8.0,1503.0,medium,,False
581,Jul, Living Room  ,AC,1138.0,2.5,3.0,256.05,2048.4,8.0,8535.0,high,Summer,True
132,Jan,Kitchen,Light,11.0,8.8,2.0,5.81,46.46,8.0,193.6,low,Winter,False
532,April,Bedroom, Computer  ,355.0,6.9,2.0,146.97,1175.76,8.0,4899.0,High,,False
964,Sep,Living Room, TV  ,196.0,2.9,1.0,17.05,136.42,8.0,568.4,low,Autumn,False
38,May,Dining Room,Light,26.0,,3.0,11.47,91.73,8.0,,low,Spring,False
795,Mar,Living Room,Computer,260.0,-5.6,3.0,131.04,1048.32,8.0,-4368.0,High,Spring,False
201,May,dining room,Fan,,10.8,3.0,69.01,552.1,8.0,,medium,Spring,False
906,Dec,BEDROOM,Heater,1095.0,2.0,1.0,65.7,525.6,8.0,2190.0,medium,Winter,False
577,Mar,BATHROOM,WASHING MACHINE,463.0,2.0,2.0,55.56,444.48,8.0,1852.0,Medium,Spring,True
710,Apr,Drawing_Room, Light  ,20.0,3.9,1.0.0,2.34,18.72,8.0,,low,Spring,False
269,Dec,Drawing Room,TV,75.0,2.2,2.0,9.9,79.2,8.0,330.0,Low,Winter,False
881,Oct,Bedroom,Computer,243.0,5.0,1.0,36.45,291.6,8.0,1215.0,medium,Autumn,False
956,Sep,Drawing Room,computer,115.0,8.5,2.0,,469.2,,1955.0,,Autumn,False
522,,Drawing Room,Light,34.0,4.3,1.0,4.39,35.09,7.99,146.2,Low,,False
728,July,Kitchen,MICROWAVE,1152.0,0.5,2.0,34.56,276.48,8.0,1152.0,medium,,True
156,Jun,Living Room,Light,22.0,7.8,2.0,10.3,82.37,8.0,343.2,Low,Summer,False
2,DEC,LIVING ROOM, Fan  ,50.0,17.9,1.0,26.85,214.8,8.0,895.0,medium,,False
758,jul,,Fridge,102.0,20.6,2.0,126.07,1008.58,8.0,4202.4,High,,True
362,Mar, Bedroom  ,fan,63.0,9.1,2.0,34.4,275.18,8.0,1146.6,medium,Spring,False
818,May,Bedroom,Light,12.0,6.2,1.0,2.23,17.86,8.01,74.4,Low,Spring,False
507,Aug,Bedroom,HEATER,946.0,3.7,2.0,210.01,1680.1,8.0,7000.4,High,Summer,False
144,Jul,Bedroom,AC,1431.0,6.2,1.0,,2129.33,,8872.2,,Summer,True
491,Dec,Living Room, AC  ,1975.0,9.3,2.0.0,1102.05,8816.4,8.0,,HIGH,Winter,True
872,March,DRAWING ROOM,Computer,385.0,7.7,,177.87,1422.96,8.0,,HIGH,,False
714,Dec,DINING ROOM,Light,20.0,9.2,1.0,5.52,44.16,8.0,184.0,low,Winter,False
779,Feb,Dining Room,LIGHT,,4.4,3.0,14.26,114.05,8.0,,low,Winter,False
627,feb,Drawing_Room,AC,1081.0,6.8,3.0,661.57,5292.58,8.0,22052.4,high,,True
177,Oct,bedroom, AC  ,1860.0,9.2,2.0,1026.72,8213.76,8.0,34224.0,high,Autumn,True
909,Oct,drawing room, Computer  ,164.0,8.2,150.0,121.03,968.26,8.0,201720.0,High,Autumn,False
247,Nov,Living_Room,ac,1750.0,9.2,3.0,1449.0,11592.0,8.0,48300.0,High,Autumn,True
9,December, Living Room  ,FAN,67.0,13.4,3.0,80.8,646.42,8.0,2693.4,Med,,False
985,Feb,Bathroom, Light  ,40.0,9.6,1.0,11.52,92.16,8.0,384.0,Low,Winter,False
267,Apr,bedroom,Light,10.0,3.9,1.0,1.17,9.36,8.0,39.0,low,Spring,False
159,JAN,bathroom,light,33.0,6.1,2.0,12.08,96.62,8.0,402.6,Low,,False
659,Jul,LIVING ROOM,Fan,62.0,7.4,3.0,41.29,330.34,8.0,1376.4,Med,Summer,False
360,Apr, Drawing Room  ,Computer,368.0,710.0,3.0,235.15,1881.22,8.0,783840.0,High,Spring,False
321,feb,DRAWING ROOM,ac,1037.0,3.6,3.0,335.99,2687.9,8.0,11199.6,High,,True
424,Oct,,light,19.0,3.6,2.0.0,4.1,32.83,8.01,,Low,Autumn,False
692,nov,living room, TV  ,112.0,2.6,1.0,8.74,69.89,8.0,291.2,Low,,False
188,Jun, Bedroom  ,AC,1017.0,3.4,2.0,,1659.74,,6915.6,,Summer,True
630,Aug, Kitchen  ,Fan,71.0,14.5,1.0,30.89,247.08,8.0,1029.5,Med,Summer,False
188,January,Dining Room,light,15.0,7.0,1.0.0,3.15,25.2,8.0,,Low,,False
88,nov,living room,Light,40.0,9.7,3.0,34.92,279.36,8.0,1164.0,Medium,,False
85,June,BATHROOM,مش عارف,13.0,5.7,3.0,6.67,53.35,8.0,222.3,Low,,False
651,Jul, Bedroom  , Fan  ,89.0,16.8,3.0,134.57,1076.54,8.0,4485.6,HIGH,Summer,False
319,Jul,Living Room,Computer,192.0,8.0,1.0.0,46.08,368.64,8.0,,medium,Summer,False
708,January,DINING ROOM,fan,77.0,12.8,1.0,29.57,236.54,8.0,985.6,Med,,False
727,May, Kitchen  ,Fan,64.0,14.8,1.0,28.42,227330.0,7998.94,947.2,Med,Spring,False
427,Aug,Drawing Room, TV  ,80.0,2.9,3.0,20.88,167.04,8.0,696.0,Med,Summer,False
297,Jun,Bathroom,Washing Machine,714.0,1.2,2.0,51.41,411.26,8.0,1713.6,Medium,Summer,True
855,Sep,Bathroom,Heater,1369.0,1.2,3.0,147.85,1182.82,8.0,4928.4,HIGH,Autumn,False
274,May,Dining Room,,1600.0,4.1,3.0,5.9,47.23,8.01,19680.0,low,Spring,
194,Jan,LIVING ROOM,,336.0,9.1,3.0,275.18,2201.47,8.0,9172.8,HIGH,Winter,
391,May, Dining Room  ,FAN,89.0,15.7,3.0,125.76,1006.06,8.0,4191.9,High,Spring,False
570,Oct,Kitchen,Fan,51.0,6.1,2.0.0,18.67,149.33,8.0,,low,Autumn,False
362,Apr,LIVING ROOM,TV,138.0,3.2,1.0,13.25,105.98,8.0,441.6,Low,Spring,False
88,Sep,DRAWING ROOM,TV,150.0,2.7,2.0,24.3,,,810.0,Medium,Autumn,False
194,,مش عارف,Computer,262.0,2.8,1.0,22.01,176.06,8.0,733.6,Med,,False
620,Feb,DINING ROOM,Light,26.0,5.5,3.0,12.87,102.96,8.0,429.0,low,Winter,False
121,Jul,Living Room,Computer,338.0,8.5,2.0,172.38,1379.04,8.0,5746.0,HIGH,Summer,False
676,Mar,Drawing Room, TV  ,86.0,2.5,2.0,12.9,103.2,8.0,430.0,Low,Spring,False
95,Aug,drawing room,Fan,85.0,13.6,3.0,104.04,832.32,8.0,3468.0,high,Summer,False
212,Jun,,Washing Machine,697.0,1.2,1.0,25.09,200.74,8.0,836.4,Med,Summer,True
669,January,Living_Room,fan,52.0,12.7,1.0,19.81,158.5,8.0,660.4,Low,,False
646,Sep,Bathroom,FAN,80.0,6.4,3.0,46.08,368.64,8.0,1536.0,Medium,Autumn,False
734,May,LIVING ROOM,Fan,50.0,7.5,1.0,11.25,90.0,8.0,375.0,Low,Spring,False
88,Mar,DINING ROOM,Light,19.0,8.3,2.0,9.46,75.7,8.0,315.4,low,Spring,False
 301 ,February, Kitchen  ,Light,19.0,8.7,3.0.0,14.88,119.02,8.0,,Low,,False
427,may, Kitchen  ,FAN,80.0,16.7,1.0,40.08,320.64,8.0,1336.0,medium,,False
771,October,Living Room,AC,1841.0,8.3,2.0,916.82,7334.54,8.0,30560.6,HIGH,,True
623,Aug,drawing room,ac,1711.0,2.7,2.0.0,277.18,2217.46,8.0,,High,Summer,True
463,Apr, Drawing Room  ,TV,150.0,2.6,2.0,23.4,187.2,8.0,780.0,Medium,Spring,False
44,Feb, Drawing Room  ,Light,28.0,3.4,2.0,5.71,45.7,8.0,190.4,low,Winter,False
270,OCT,DRAWING ROOM,TV,145.0,4.0,2.0,34.8,278.4,8.0,1160.0,medium,,False
810,Sep,Bathroom,Washing Machine,550.0,0.7,1.0,11.55,92.4,8.0,385.0,Low,Autumn,True
615,?,Bedroom, Heater  ,99800.0,3.4,3.0.0,305.39,2443.1,8.0,,HIGH,,False
242,Oct,Living Room,fan,75.0,12.1,3.0,81.67,653.4,8.0,2722.5,Med,Autumn,False
322,Nov,BEDROOM,Light,23.0,9.9,2.0,13.66,,,455.4,low,Autumn,False
206,May,BEDROOM,TV,197.0,,3.0,N/A,538.99,,,,Spring,False
381,Unknown,kitchen,fridge,179.0,20.2,2.0,216.95,1735.58,8.0,7231.6,high,,True
599,February,Living_Room,Light,14.0,9.8,1.0,4.12,32.93,7.99,137.2,low,,False
537,September,drawing room, AC  ,1779.0,610.0,3.0,,7813.37,,3255570.0,,,True
982,Apr,DINING ROOM,Fan,89.0,7.6,3.0,60.88,487.01,8.0,2029.2,Medium,Spring,False
294,apr,LIVING ROOM,Fan,52.0,12.2,2.0,38.06,304.51,8.0,1268.8,Med,,False
721,Feb,DRAWING ROOM,TV,84.0,2.4,2.0,12.1,96.77,8.0,403.2,Low,Winter,False
371,nov, Kitchen  ,Light,32.0,9.0,2.0.0,17.28,138.24,8.0,,Low,,False
575,Oct,DRAWING ROOM,Computer,151.0,9.7,3.0,131.82,1054.58,8.0,4394.1,High,Autumn,False
395,Dec,kitchen,fridge,267.0,21.6,2.0,346.03,2768.26,8.0,11534.4,HIGH,Winter,True
674,apr,,Light,37.0,360.0,2.0.0,7.99,63.94,8.0,,low,,False
267,Jun,not sure,FRIDGE,297.0,20.6,2.0,367.09,2936.74,8.0,12236.4,HIGH,Summer,True
968,July,DINING ROOM,Fan,,15.5,1.0,38.13,305.04,8.0,,Medium,,False
136,Dec,,TV,155.0,3.7,2.0,34.41,275.28,8.0,1147.0,Med,Winter,False
398,Mar,Bedroom,TV,78.0,220.00000000000003,1.0,5.15,41.18,8.0,17160.0,low,Spring,False
392,June,Kitchen,,29.0,5.6,3.0,14.62,116.93,8.0,487.2,low,,
371,January,Living Room,Fan,77.0,7.7,1.0,17.79,142.3,8.0,592.9,Low,,False
440,December,Kitchen,Microwave,1146.0,0.4,2.0,27.5,220.03,8.0,916.8,medium,,True
740,Apr,Bathroom,Fan,83.0,10.9,1.0,27.14,217.13,8.0,904.7,Med,Spring,False
393,July,Living Room,Light,23.0,7.3,3.0,15.11,120.89,8.0,503.7,Low,,False
179,Nov, Bedroom  ,computer,381.0,2.2,1.0,25.15,201.17,8.0,838.2,medium,Autumn,False
866,feb,Dining Room,light,22.0,9.8,2.0.0,12.94,103.49,8.0,,low,,False
70,September,living room,Computer,117.0,?,1.0,18.95,151.63,8.0,,low,,False
104,Sep,,Light,38.0,7.7,3.0,26.33,210.67,8.0,877.8,Medium,Autumn,False
485,Jun, Living Room  ,AC,1527.0,7.6,1.0,348.16,2785.25,8.0,11605.2,High,Summer,True
881,Mar,BEDROOM,Fan,77.0,9.8,3.0,67.91,,,2263.8,medium,Spring,False
172,May,Bathroom, Heater  ,1375.0,3.2,1.0,132.0,1056.0,8.0,4400.0,high,Spring,False
987,Aug,DINING ROOM,Light,18.0,8.0,3.0,12.96,103.68,8.0,432.0,Low,Summer,False
659,Jun,Living Room,computer,155.0,6.8,3.0,94.86,758.88,8.0,3162.0,Medium,Summer,False
867,Mar,Drawing Room,Fan,52.0,16.6,1.0,25.9,207.17,8.0,863.2,medium,Spring,False
442,Sep, Bedroom  ,heater,1426.0,,2.0,333.68,2669.47,8.0,,high,Autumn,False
294,Unknown, Kitchen  ,FAN,65.0,13.8,1.0,,215.28,,897.0,,,False
680,Sep, Bedroom  ,AC,1469.0,4.7,3.0,621.39,4971.1,8.0,20712.9,high,Autumn,True
6,Jul,Bedroom,Computer,253.0,6.2,3.0,141.17,1129.39,8.0,4705.8,high,Summer,False
660,July,Kitchen,Light,37.0,5.2,1.0,5.77,46.18,8.0,192.4,Low,,False
568,,DRAWING ROOM, TV  ,150.0,500.0,2.0,45.0,360.0,8.0,150000.0,medium,,False
294,Jan,BATHROOM,heater,1442.0,1.1,1.0,47.59,380.69,8.0,1586.2,Med,Winter,False
424,dec, Drawing Room  ,Fan,59.0,11.1,3.0,58.94,471.53,8.0,1964.7,medium,,False
130,Dec,drawing room,LIGHT,34.0,8.2,3.0,25.09,200.74,8.0,836.4,medium,Winter,False
940,Jan,kitchen,FRIDGE,169.0,18.5,3.0,281.38,2251.08,8.0,9379.5,HIGH,Winter,True
289,Aug,Kitchen,Microwave,611.0,0.3,2.0,11.0,87.98,8.0,366.6,Low,Summer,True
743,jun,Bedroom,Fan,61.0,7.4,2.0,27.08,216.67,8.0,902.8,medium,,False
617,Jul,bedroom,Light,17.0,5.6,2.0,5.71,,,190.4,Low,Summer,False
250,Mar,Bedroom,Computer,36200.0,2.8,1.0,30.41,243.26,8.0,101360.0,Med,Spring,False
666,May,DRAWING ROOM,Fan,54.0,1180.0,2.0.0,38.23,305.86,8.0,,Med,Spring,False
692,May,not sure,Light,17.0,6.8,2.0,6.94,55.49,8.0,231.2,Low,Spring,False
940,Feb,bedroom,AC,1635.0,3.7,1.0,181.49,1451.88,8.0,6049.5,High,Winter,True
682,Apr, Kitchen  ,Fridge,106.0,19.5,3.0,186.03,1488.24,8.0,6201.0,High,Spring,True
223,Aug,Bedroom,TV,130.0,3.1,2.0,24.18,193.44,8.0,806.0,medium,Summer,False
810,Feb,Kitchen, Fan  ,73.0,,1.0,0.02935,234.77,7998.98,,Low,Winter,False
 111 ,June,Drawing Room,AC,1050.0,2.6,2.0,163.8,1310.4,8.0,5460.0,high,,True
851,jul,Living Room,TV,113.0,3.2,1.0,10.85,86.78,8.0,361.6,low,,False
882,November, Bedroom  ,Fan,62.0,11.9,3.0,66.4,531.22,8.0,2213.4,Medium,,False
66,Feb,Bathroom,Fan,51.0,17.3,2.0,52.94,423.5,8.0,1764.6,Medium,Winter,False
373,Aug,Bedroom, Computer  ,316.0,6.4,1.0,60.67,485.38,8.0,2022.4,Medium,Summer,False
620,Feb,DINING ROOM,Light,26.0,5.5,3.0,12.87,102.96,8.0,429.0,low,Winter,False
545,Feb,Bedroom,LIGHT,23.0,6.7,2.0.0,unknown,73.97,,,,Winter,False
606,November,Dining_Room, Fan  ,79.0,12.7,2.0,60.2,481.58,8.0,2006.6,Medium,,False
884,Aug,KITCHEN, Light  ,16.0,N/A,2.0.0,5.86,46.85,7.99,,Low,Summer,False
220,Nov,,Fan,-72.0,12.3,3.0,79.7,637.63,8.0,-2656.8,medium,Autumn,False
876,Jun, Living Room  ,tv,145.0,5.0,50.0,21.75,174.0,8.0,36250.0,medium,Summer,False
455,jul,N/A,ac,1831.0,3.6,2.0,395.5,3163.97,8.0,13183.2,high,,True
279,November,Bathroom,Light,15.0,9.2,1.0,error,33.12,,138.0,,,False
120,Oct,KITCHEN,fan,68.0,12.4,3.0.0,75.89,607.1,8.0,,medium,Autumn,False
3,July,Kitchen,Fridge,139.0,23.4,1.0,97.58,780.62,8.0,3252.6,Med,,True
346,October,Drawing Room,TV,200.0,5.0,2.0,60.0,480.0,8.0,2000.0,medium,,False
19,Dec, Dining Room  , Fan  ,55.0,10.5,2.0.0,34.65,277.2,8.0,,Med,Winter,False
486,January,Bedroom,Computer,349.0,4.4,3.0,138.2,1105.63,8.0,4606.8,HIGH,,False
339,Dec,dining room,light,34.0,6.8,1.0,6.94,55.49,8.0,231.2,Low,Winter,False
950,jun,Drawing Room, AC  ,1733.0,7.5,2.0,779.85,6238.8,8.0,25995.0,high,,True
140,Apr,Dining Room,FAN,,12.5,1.0,28.12,225.0,8.0,,medium,Spring,False
796,Jan,Bedroom,AC,1457.0,3.8,2.0,332.2,2657.57,8.0,11073.2,High,Winter,True
256,dec,bathroom,FAN,89.0,17.4,3.0,139.37,1114.99,8.0,4645.8,high,,False
879,March,,Microwave,866.0,0.3,3.0,23.38,187.06,8.0,779.4,medium,,True
88,Feb,drawing room,Computer,378.0,3.9,2.0.0,88.45,707.62,8.0,,medium,Winter,False
339,Jun,Drawing Room,TV,114.0,5.5,2.0,37.62,300.96,8.0,1254.0,Med,Summer,False
496,Sep,kitchen, Washing Machine  ,-738.0,1.7,,,602.21,,,,Autumn,True
386,February,Bathroom,washing machine,unknown,140.0,2.0,59.98,479.81,8.0,,medium,,True
489,January, Kitchen  , Fridge  ,130.0,22.5,3.0,263.25,2106.0,8.0,8775.0,High,,True
71,Oct,DRAWING ROOM,AC,1955.0,7.6,1.0,445.74,3565.92,8.0,14858.0,high,Autumn,True
291,Feb,bedroom,light,28.0,7.3,2.0,12.26,98.11,8.0,408.8,Low,Winter,False
83,Sep,BEDROOM,TV,147.0,2.1,3.0.0,27.78,222.26,8.0,,Medium,Autumn,False
878,Jun,Living Room,Computer,154.0,7.5,3.0,103.95,831.6,8.0,3465.0,high,Summer,False
763,Nov,Living Room,TV,73.0,2.5,3.0,16.43,131.4,8.0,547.5,low,Autumn,False
692,Jul,Drawing Room,TV,101.0,3.9,2.0,23.63,189.07,8.0,787.8,medium,Summer,False
 323 ,Feb,BATHROOM,Light,40.0,6.0,2.0.0,14.4,115.2,8.0,,low,Winter,False
485,mar,drawing room,Light,19.0,7.6,2.0.0,8.66,69.31,8.0,,low,,False
650,Dec,Bathroom,Fan,77.0,,2.0,68.38,547.01,8.0,,medium,Winter,False
594,Apr,dining room,Light,37.0,7.4,1.0,8.21,65.71,8.0,273.8,low,Spring,False
158,Jun,bathroom,Fan,,17.6,2.0,74.98,599.81,8.0,,medium,Summer,False
51,Apr, Living Room  ,AC,1225.0,6.3,2.0.0,463.05,3704.4,8.0,,HIGH,Spring,True
224,July,LIVING ROOM,Light,26.0,6.0,1.0,4.68,37.44,8.0,156.0,low,,False
407,Dec,Kitchen,FRIDGE,243.0,20.7,2.0,301.81,2414.45,8.0,10060.2,HIGH,Winter,True
820,N/A,BEDROOM,Heater,895.0,3.9,2.0,209.43,1675.44,8.0,6981.0,high,,False
186,Aug,Drawing Room,Fan,,11.7,3.0,53.7,429.62,8.0,,Med,Summer,False
286,Mar,bedroom,,1227.0,3.4,1.0,125.15,1001.23,8.0,4171.8,high,Spring,
460,Nov,Kitchen,,789.0,0.8,1.0,18.94,151.49,8.0,631.2,low,Autumn,
794,March, Bathroom  ,Light,18.0,4.4,1.0,2.38,19.01,7.99,79.2,Low,,False
896,April,Drawing Room,Computer,216.0,9.4,1.0,60.91,487.3,8.0,2030.4,Med,,False
550,Jan,BEDROOM,HEATER,957.0,3.4,3.0,292.84,2342.74,8.0,9761.4,high,Winter,False
862,Aug,Dining Room,Fan,83.0,17.8,1.0,44.32,354.58,8.0,1477.4,medium,Summer,False
523,Nov,DINING ROOM,Fan,76.0,17.6,100.0,80.26,642.05,8.0,133760.0,Medium,Autumn,False
205,Mar,bathroom,fan,87.0,8.3,2.0,43.33,346.61,8.0,1444.2,Medium,Spring,False
461,September, Dining Room  ,Light,14.0,9.8,,4.12,32.93,7.99,,Low,,False
56,,Drawing Room,AC,952.0,2.8,3.0,239.9,1919.23,8.0,7996.8,High,,True
561,mar,Dining Room,Light,,3.2,1.0,1.54,12.29,7.98,,Low,,False
284,sep, Drawing Room  ,Fan,71.0,15.3,1.0,32.59,260.71,8.0,1086.3,Medium,,False
507,aug,BEDROOM,Computer,339.0,3.6,2.0,73.22,585.79,8.0,2440.8,medium,,False
855,MAY,living room,AC,1373.0,2.7,1.0,,889.7,,3707.1,,,True
583,March, Drawing Room  ,,25.0,520.0,2.0,7.8,62.4,8.0,26000.0,Low,,
707,April, Living Room  ,Computer,272.0,3.2,3.0.0,78.34,626.69,8.0,,Med,,False
667,May,Drawing Room,TV,191.0,4.0,1.0,22.92,183.36,8.0,764.0,Medium,Spring,False
340,May,DRAWING ROOM, TV  ,130.0,3.2,3.0.0,37.44,299.52,8.0,,Med,Spring,False
579,March, Dining Room  ,Light,27.0,9.3,3.0,22.6,180.79,8.0,753.3,Medium,,False
217,Dec,DINING ROOM,Light,23.0,9.8,2.0,13.52,108.19,8.0,450.8,low,Winter,False
959,Jul,Dining Room,Light,27.0,3.1,1.0,2.51,20.09,8.0,83.7,low,Summer,False
20,apr, Bathroom  ,Heater,1077.0,3.2,1.0,103.39,827.14,8.0,3446.4,high,,False
414,Jan,living room,AC,910.0,3.5,2.0,191.1,1528.8,8.0,6370.0,HIGH,Winter,True
459,Jan,Bathroom,Light,26.0,9.1,3.0,21.29,170.35,8.0,709.8,Medium,Winter,False
966,April,Kitchen,Washing Machine,,1.5,1.0,33.8,270.36,8.0,,Medium,,True
120,February,Bedroom,Heater,989.0,1.0,3.0,89.01,712.08,8.0,2967.0,Medium,,False
72,Nov,Dining_Room,Light,17.0,5.7,2.0.0,5.81,46.51,8.01,,low,Autumn,False
774,December,kitchen,Fridge,,22.5,3.0,536.62,4293.0,8.0,,HIGH,,True
138,Feb,Bedroom,Fan,85.0,16.8,3.0.0,128.52,1028.16,8.0,,High,Winter,False
499,Feb,KITCHEN,Microwave,604.0,error,2.0,7.25,57.98,8.0,,Low,Winter,True
517,March,drawing room,ac,1831.0,,1.0,483.38,3867.07,8.0,,High,,True
957,Sep,Living Room,AC,1341.0,5.2,2.0,418.39,3347.14,8.0,13946.4,High,Autumn,True
451,December,Living Room, TV  ,66.0,2.9,3.0,17.23,137.81,8.0,574.2,low,,False
917,Nov,Bedroom,Light,36.0,10.0,1.0,10.8,86.4,8.0,360.0,low,Autumn,False
447,November,Kitchen,Fan,55.0,7.7,2.0,25.41,203.28,8.0,847.0,medium,,False
504,Feb,drawing room,AC,1959.0,6.9,3.0,1216.54,9732.31,8.0,40551.3,high,Winter,True
461,Sep,Bathroom,Light,16.0,6.0,2.0,5.76,46.08,8.0,192.0,low,Autumn,False
414,May,Living Room, Fan  ,89.0,12.4,3.0,99.32,794.59,8.0,3310.8,Med,Spring,False
855,November,BEDROOM,fan,65.0,11.6,3.0,67.86,542.88,8.0,2262.0,Medium,,False
125,sep,Bathroom, Washing Machine  ,720.0,0.8,,34.56,276.48,8.0,,medium,,True
959,July,Living Room,AC,-1253.0,5.7,2.0,428.53,3428.21,8.0,-14284.2,high,,True
78,Dec, Bedroom  ,Light,23.0,5.9,2.0,8.14,65.14,8.0,271.4,low,Winter,False
629,Jul,Drawing Room, Computer  ,394.0,7.0,2.0,165.48,1323.84,8.0,5516.0,HIGH,Summer,False
892,nov,,Light,30.0,9.4,3.0.0,25.38,203.04,8.0,,medium,,False
875,Aug,Dining Room,FAN,82.0,13.5,1.0,33.21,265.68,8.0,1107.0,Medium,Summer,False
34,Apr, Bedroom  , Fan  ,58.0,10.1,3.0,52.72,421.78,8.0,1757.4,medium,Spring,False
461,July,BEDROOM,COMPUTER,208.0,8.7,1.0,54.29,434.3,8.0,1809.6,medium,,False
521,,Drawing Room,FAN,67.0,10.6,1.0.0,21.31,,,,medium,,False
634,Feb,kitchen,Microwave,849.0,0.1,1.0,2.55,20.38,7.99,84.9,Low,Winter,True
79,Jun,living room,TV,146.0,2.9,2.0,25.4,203.23,8.0,846.8,Med,Summer,False
226,November,Bedroom,FAN,76.0,9.2,2.0,41.95,335.62,8.0,1398.4,medium,,False
591,Jan, Kitchen  ,FRIDGE,251.0,22.0,3.0,496.98,,,16566.0,High,Winter,True
820,Jun,Bedroom,Light,35.0,9.4,3.0,29.61,236.88,8.0,987.0,Med,Summer,False
854,May,Drawing_Room,Fan,86.0,11.9,1.0,30.7,245.62,8.0,1023.4,Medium,Spring,False
456,Nov, Drawing Room  ,TV,107.0,-5.7,1.0,18.3,146.38,8.0,-609.9,low,Autumn,False
357,Aug,drawing room,TV,79.0,5.4,1.0,12.8,102.38,8.0,426.6,Low,Summer,False
781,Aug,, Fridge  ,204.0,-21.7,1.0,132.8,1062.43,8.0,-4426.8,HIGH,Summer,True
560,Mar,,microwave,760.0,0.2,1.0,4.56,36.48,8.0,152.0,low,Spring,True
561,nov,Living Room,,144.0,4.7,1.0,20.3,162.43,8.0,676.8,medium,,
625,jan,Living_Room,ac,1145.0,9.3,2.0.0,638.91,5111.28,8.0,,High,,True
979,Jul,Kitchen,Washing Machine,455.0,-1.8,1.0,24.57,196.56,8.0,-819.0,Medium,Summer,True
599,Jan,KITCHEN,Fridge,182.0,23.0,1.0,125.58,1004.64,8.0,4186.0,High,Winter,True
741,June, Bedroom  ,AC,928.0,2.5,1.0,69.6,556.8,8.0,2320.0,Med,,True
808,October, Drawing Room  ,AC,1482.0,,1.0,271.21,2169.65,8.0,,HIGH,,True
166,Mar, Dining Room  ,Fan,64.0,8.8,1.0,16.9,135.17,8.0,563.2,low,Spring,False
123,JAN,Drawing Room, Light  ,27.0,4.8,1.0,3.89,31.1,7.99,129.6,Low,,False
494,feb, Kitchen  ,light,21.0,3.0,1.0,1.89,15.12,8.0,63.0,low,,False
982,August,drawing room,,237.0,7.9,1.0,56.17,449.35,8.0,1872.3,Med,,
864,Jan,KITCHEN,Microwave,924.0,0.2,3.0,16.63,133.06,8.0,554.4,low,Winter,True
101,Oct, Dining Room  ,Fan,87.0,6.8,3.0,53.24,425.95,8.0,1774.8,medium,Autumn,False
606,Feb, Drawing Room  ,TV,,3.9,1.0,16.5,131.98,8.0,,Low,Winter,False
576,July,Living Room, AC  ,1654.0,7.3,3.0,1086.68,8693.42,8.0,36222.6,high,,True
640,Oct, Drawing Room  ,FAN,82.0,14.4,3.0.0,106.27,850.18,8.0,,high,Autumn,False
229,May,Drawing Room,TV,175.0,2.0,2.0,21.0,,,700.0,Medium,Spring,False
89,JAN,Dining Room,Fan,53.0,810.0,3.0.0,38.64,309.1,8.0,,Med,,False
78,Sep,Bedroom,Heater,,3.7,2.0,299.7,2397.6,8.0,,high,Autumn,False
952,Jan,Bedroom,Fan,68.0,15.6,3.0,95.47,763.78,8.0,3182.4,medium,Winter,False
525,may,Drawing Room,TV,177.0,5.6,2.0,59.47,475.78,8.0,1982.4,Med,,False
636,dec,Bedroom,TV,103.0,3.8,3.0,35.23,,,1174.2,Medium,,False
903,April,bathroom,Fan,50.0,14.0,3.0,63.0,504.0,8.0,2100.0,Med,,False
590,Nov,Dining Room,Light,21.0,4.3,,2.71,21.67,8.0,,Low,Autumn,False
542,,Bedroom,AC,1072.0,6.5,3.0,627.12,5016.96,8.0,20904.0,High,,True
819,FEB, Bathroom  ,fan,73.0,14.4,3.0,94.61,756.86,8.0,3153.6,Med,,False
832,May,Living Room,AC,1519.0,5.6,3.0,,6124.61,,25519.2,,Spring,True
946,May,Drawing Room, TV  ,173.0,3.3,1.0,17.13,137.02,8.0,570.9,low,Spring,False
868,Aug,DRAWING ROOM,TV,112.0,5.0,2.0,33.6,268.8,8.0,1120.0,Med,Summer,False
195,November,Dining Room,Fan,51.0,9.1,3.0,41.77,334.15,8.0,1392.3,Med,,False
883,dec,Bedroom,FAN,62.0,12.7,2.0,47.24,377.95,8.0,1574.8,medium,,False
469,Jul,Bedroom,Fan,61.0,7.5,1.0,13.72,109.8,8.0,457.5,low,Summer,False
696,Feb,BEDROOM,heater,1269.0,1.3,3.0,148.47,1187.78,8.0,4949.1,High,Winter,False
136,Jul,,Fridge,238.0,18.5,2.0,264.18,2113.44,8.0,8806.0,HIGH,Summer,True
742,Jul,DINING ROOM,light,35.0,3.8,1.0,3.99,31.92,8.0,133.0,Low,Summer,False
221,Jun, Drawing Room  ,Fan,86.0,15.3,2.0,78.95,631.58,8.0,2631.6,Medium,Summer,False
503,Jun,Kitchen,Washing Machine,603.0,,2.0,61.51,,,,medium,Summer,True
752,Jun, Living Room  ,Computer,380.0,9.8,2.0.0,223.44,1787.52,8.0,,HIGH,Summer,False
468,Jan,BEDROOM,COMPUTER,281.0,9.3,3.0,235.2,1881.58,8.0,7839.9,high,Winter,False
472,December, Bedroom  ,Computer,204.0,3.1,1.0,,151.78,,632.4,,,False
747,Oct,Dining_Room,,79.0,10.0,1.0,23.7,189.6,8.0,790.0,Med,Autumn,
204,Feb,,,67.0,5.5,3.0.0,33.16,265.32,8.0,,Med,Winter,
114,Aug,Kitchen,Fridge,140.0,23.2,,292.32,2338.56,8.0,,HIGH,Summer,True
166,Mar,?,FAN,51.0,17.1,3.0,78.49,627.91,8.0,2616.3,Med,Spring,False
 559 ,Jan,Kitchen,Microwave,1156.0,0.5,2.0,34.68,277.44,8.0,1156.0,Med,Winter,True
661,Jul,DRAWING ROOM, Fan  ,71.0,16.9,1.0,36.0,287.98,8.0,1199.9,Med,Summer,False
137,Mar,Living Room,AC,1378.0,8.8,2.0,727.58,5820.67,8.0,24252.8,High,Spring,True
161,Oct,Living Room,fan,90.0,9.6,1.0,,207.36,,864.0,,Autumn,False
10,October,KITCHEN, Fridge  ,292.0,20.0,1.0.0,175.2,1401.6,8.0,,HIGH,,True
887,July,BATHROOM,Washing_Machine,605.0,1.4,1.0,25.41,,,847.0,Medium,,True
823,February, Bedroom  ,AC,1432.0,8.1,2.0,695.95,5567.62,8.0,23198.4,HIGH,,True
984,May,Living Room, AC  ,1632.0,2.0,2.0,195.84,1566.72,8.0,6528.0,HIGH,Spring,True
590,Apr,bedroom,AC,1337.0,6.6,3.0,794.18,6353.42,8.0,26472.6,High,Spring,True
587,March,Kitchen,Washing Machine,698.0,1.5,3.0,94.23,753.84,8.0,3141.0,Medium,,True
246,Jan,Bedroom,AC,1426.0,2.1,1.0.0,89.84,718.7,8.0,,medium,Winter,True
57,May,bathroom,Fan,51.0,17.3,3.0,79.41,635.26,8.0,2646.9,Med,Spring,False
224,Jan,bedroom,Fan,58.0,17.3,2.0,60.2,481.63,8.0,2006.8,Med,Winter,False
783,Jan,Bedroom,computer,152.0,7.7,2.0,70.22,561.79,8.0,2340.8,medium,Winter,False
837,July,Drawing_Room,Fan,-87.0,7.0,1.0,,146.16,,-609.0,,,False
348,May, Living Room  ,Fan,85.0,17.4,3.0,133.11,1064.88,8.0,4437.0,high,Spring,False
58,Feb,DRAWING ROOM,fan,78.0,9.8,2.0,45.86,366.91,8.0,1528.8,Medium,Winter,False
946,May,Living_Room,fan,79.0,10.6,2.0,50.24,401.95,8.0,1674.8,Medium,Spring,False
366,Nov,Bedroom,TV,17300.0,4.5,2.0,46.71,373.68,8.0,155700.0,medium,Autumn,False
972,Jun,,Light,28.0,7.0,2.0,11.76,94.08,8.0,392.0,low,Summer,False
921,Sep,Living Room,Fan,77.0,13.4,1.0,30.95,247.63,8.0,1031.8,medium,Autumn,False
771,May,DRAWING ROOM, Fan  ,73.0,11.1,2.0,48.62,388.94,8.0,1620.6,medium,Spring,False
528,Apr,kitchen,Microwave,661.0,0.5,2.0,19.83,158.64,8.0,661.0,Low,Spring,True
716,Aug,Living Room,light,15.0,3.1,2.0,2.79,22.32,8.0,93.0,Low,Summer,False
754,Apr,Bedroom,Heater,,2.2,2.0,193.91,1551.26,8.0,,High,Spring,False
893,Jun,Kitchen,Microwave,897.0,0.4,2.0,21.53,172.22,8.0,717.6,Med,Summer,True
537,Jul, Living Room  ,TV,167.0,2.1,2.0,21.04,168.34,8.0,701.4,Med,Summer,False
67,Mar,Drawing Room,Light,28.0,5.6,2.0,9.41,75.26,8.0,313.6,low,Spring,False
26,Mar,Living Room,LIGHT,32.0,5.8,2.0,11.14,89.09,8.0,371.2,Low,Spring,False
483,mar,Living Room,Fan,67.0,15.6,1.0,31.36,250.85,8.0,1045.2,medium,,False
 199 ,aug,Bedroom,TV,80.0,5.7,1.0.0,13.68,109.44,8.0,,Low,,False
699,Jul,DRAWING ROOM,Light,15.0,4.6,1.0,2.07,16.56,8.0,69.0,Low,Summer,False
485,Feb,Drawing_Room,AC,996.0,5.3,1.0,158.36,1266.91,8.0,5278.8,High,Winter,True
879,Nov,Drawing Room,TV,,3.3,2.0,12.28,98.21,8.0,,Low,Autumn,False
820,Dec,drawing room,light,12.0,3.1,3.0,0.00335,26.78,7994.03,111.6,Low,Winter,False
562,Jul,Kitchen,fan,73.0,7.0,1.0.0,15.33,122.64,8.0,,low,Summer,False
442,May,Dining Room,Fan,68.0,17.1,3.0,104.65,837.22,8.0,3488.4,HIGH,Spring,False
676,Jan,,ac,1472.0,3.3,2.0,291.46,2331.65,8.0,9715.2,HIGH,Winter,True
227,November,BATHROOM,Light,34.0,3.7,1.0.0,3.77,30.19,8.01,,Low,,False
928,Jun,BATHROOM, Light  ,11.0,8.4,1.0.0,2.77,22.18,8.01,,low,Summer,False
 264 ,oct,Living_Room,Light,15.0,4.7,3.0,6.34,50.76,8.01,211.5,Low,,False
965,Apr,DINING ROOM,light,29.0,9.5,3.0,24.8,198.36,8.0,826.5,Medium,Spring,False
142,July,Living Room, Computer  ,295.0,2.1,2.0,37.17,297.36,8.0,1239.0,Med,,False
147,aug,Dining_Room, Light  ,16.0,5.2,3.0,7.49,59.9,8.0,249.6,Low,,False
426,December,Bathroom, Heater  ,992.0,3.1,1.0,92.26,,,3075.2,Med,,False
31,Jun,KITCHEN, Microwave  ,643.0,0.3,1.0,5.79,46.3,8.0,192.9,low,Summer,True
295,may,kitchen,WASHING MACHINE,774.0,2.0,1.0,46.44,371.52,8.0,1548.0,Medium,,True
123,March,Dining Room,Light,18.0,5.2,1.0,2.81,22.46,7.99,93.6,low,,False
699,Dec,Dining_Room,Light,26.0,610.0,1.0,4.76,38.06,8.0,15860.0,Low,Winter,False
931,August,Drawing Room, Fan  ,66.0,?,3.0,59.4,475.2,8.0,,Medium,,False
995,Nov,,Light,27.0,9.4,1.0,7.61,60.91,8.0,253.8,Low,Autumn,False
262,Apr,Living Room,TV,151.0,3.8,2.0,34.43,275.42,8.0,1147.6,Med,Spring,False
113,Apr,bedroom,Fan,60.0,7.5,3.0.0,40.5,324.0,8.0,,Medium,Spring,False
180,Nov,Living_Room,TV,157.0,3.4,3.0,48.04,384.34,8.0,1601.4,Medium,Autumn,False
718,Oct,Bedroom,COMPUTER,348.0,,1.0,37.58,300.67,8.0,,Med,Autumn,False
587,Oct,, Light  ,37.0,7.8,2.0,,138.53,,577.2,,Autumn,False
824,Jul,Kitchen,Microwave,640.0,0.2,2.0,7.68,61.44,8.0,256.0,low,Summer,True
246,Jan,DINING ROOM,Light,25.0,9.1,2.0,13.65,109.2,8.0,455.0,low,Winter,False
516,Oct,Drawing_Room,Fan,77.0,6.1,2.0,28.18,225.46,8.0,939.4,Med,Autumn,False
770,Apr, Dining Room  ,Light,36.0,3.6,3.0,11.66,93.31,8.0,388.8,low,Spring,False
731,Mar,,Light,32.0,7.4,3.0,21.31,170.5,8.0,710.4,Med,Spring,False
677,,BEDROOM,Fan,,17.3,2.0,57.09,456.72,8.0,,medium,,False
 180 ,OCT, Bedroom  ,LIGHT,32.0,3.4,3.0,9.79,78.34,8.0,326.4,low,,False
306,nov,Kitchen,Fridge,102.0,23.5,1.0,71.91,575.28,8.0,2397.0,medium,,True
156,Mar,Living Room,AC,1562.0,4.9,3.0,688.84,5510.74,8.0,22961.4,High,Spring,True
742,Feb,,Light,27.0,8.9,2.0,14.42,115.34,8.0,480.6,low,Winter,False
424,jan,N/A,AC,1543.0,,1.0,157.39,1259.09,8.0,,HIGH,,True
761,Apr, Bathroom  ,light,32.0,5.4,1.0,,41.47,,172.8,,Spring,False
354,Nov,,tv,79.0,3.6,2.0.0,17.06,136.51,8.0,,Low,Autumn,False
191,Dec,DINING ROOM,fan,81.0,16.8,,122.47,979.78,8.0,,high,Winter,False
673,Apr,Bedroom,HEATER,1497.0,1.1,2.0.0,98.8,790.42,8.0,,Medium,Spring,False
806,April,Kitchen,washing machine,558.0,1.9,1.0,31.81,254.45,8.0,1060.2,Medium,,True
345,Oct,BEDROOM,AC,1628.0,,3.0,1172.16,9377.28,8.0,,high,Autumn,True
603,August,Living Room,ac,1937.0,error,1.0,464.88,3719.04,8.0,,HIGH,,True
447,may,Kitchen,-,135.0,21.7,3.0,263.65,2109.24,8.0,8788.5,high,,False
642,Apr,living room,Computer,285.0,9.9,3.0,253.94,2031.48,8.0,8464.5,HIGH,Spring,False
173,Feb,Kitchen,Fan,84.0,15.9,2.0,80.14,641.09,8.0,2671.2,Med,Winter,False
730,Jun,DRAWING ROOM,light,unknown,9.1,2.0.0,6.55,52.42,8.0,,low,Summer,False
63,Sep,Bedroom,AC,1553.0,,3.0,293.52,2348.14,8.0,,high,Autumn,True
272,Apr,drawing room,Fan,50.0,13.7,1.0,20.55,164.4,8.0,685.0,Medium,Spring,False
84,Jul, Drawing Room  , Fan  ,88.0,10.9,3.0,0.08633,690.62,7999.77,2877.6,Low,Summer,False
481,Jun,KITCHEN, Light  ,27.0,5.1,2.0,8.26,66.1,8.0,275.4,low,Summer,False
8,Jun, Kitchen  ,FAN,57.0,8.9,3.0,45.66,365.26,8.0,1521.9,Medium,Summer,False
450,Mar,KITCHEN,WASHING MACHINE,621.0,0.8,3.0,44.71,357700.0,8000.45,1490.4,medium,Spring,True
61,November,Drawing Room, TV  ,92.0,2.8,3.0,23.18,185.47,8.0,772.8,medium,,False
448,Oct,Living Room, TV  ,111.0,,1.0,14.65,117.22,8.0,,low,Autumn,False
420,Aug,Bedroom,Fan,88.0,14.8,1.0,39.07,312.58,8.0,1302.4,Medium,Summer,False
102,Feb,LIVING ROOM,AC,1250.0,9.8,2.0,735.0,5880.0,8.0,24500.0,high,Winter,True
620,Mar,DINING ROOM,Fan,80.0,11.3,2.0,54.24,433.92,8.0,1808.0,medium,Spring,False
243,JUN,KITCHEN,FAN,58.0,13.0,1.0,22.62,180.96,8.0,754.0,medium,,False
684,aug,Living_Room,AC,-,5.7,2.0,380.65,3045.17,8.0,,HIGH,,True
668,June,Drawing Room,fan,-86.0,10.4,1.0,26.83,214.66,8.0,-894.4,Med,,False
964,July,Kitchen,fan,66.0,11.3,3.0.0,67.12,536.98,8.0,,Medium,,False
 280 ,Sep,Dining Room,Light,21.0,6.3,2.0,7.94,63.5,8.0,264.6,Low,Autumn,False
77,nov,,AC,1427.0,6.9,3.0,886.17,7089.34,8.0,29538.9,high,,True
194,Mar,Bedroom,AC,1086.0,4.3,,420.28,3362.26,8.0,,HIGH,Spring,True
614,February,Bedroom,Fan,62.0,15.8,3.0,88.16,,,2938.8,Medium,,False
668,Nov,BEDROOM,AC,1817.0,8.5,1.0,,3706.68,,15444.5,,Autumn,True
700,Jun,Living Room,Computer,260.0,4.3,1.0,33.54,268.32,8.0,1118.0,Medium,Summer,False
731,Aug,Living Room,AC,97500.0,3.3,1.0,96.53,772.2,8.0,321750.0,Medium,Summer,True
998,oct,LIVING ROOM,Fan,70.0,,3.0,90.72,725.76,8.0,,medium,,False
881,Apr,living room,Computer,191.0,6.2,3.0.0,unknown,852.62,,,,Spring,False
784,may,drawing room,ac,1416.0,5.2,2.0.0,441.79,3534.34,8.0,,high,,True
37,Mar,Living Room,Light,16.0,7.5,2.0,7.2,57.6,8.0,240.0,low,Spring,False
514,February,Kitchen,Fridge,190.0,23.7,1.0,135.09,1080.72,8.0,4503.0,HIGH,,True
902,Aug, Drawing Room  ,Light,33.0,7.9,3.0,23.46,187.7,8.0,782.1,medium,Summer,False
663,Apr, Drawing Room  ,TV,164.0,4.6,2.0.0,45.26,362.11,8.0,,Medium,Spring,False
893,Apr,Living Room,TV,64.0,4.9,1.0,9.41,75.26,8.0,313.6,low,Spring,False
399,Sep,Drawing Room,TV,82.0,N/A,3.0,19.93,159.41,8.0,,Low,Autumn,False
964,December,Kitchen, Light  ,39.0,7.9,2.0,18.49,147.89,8.0,616.2,low,,False
981,Nov,Bathroom,Fan,66.0,11.9,3.0,N/A,565.49,,2356.2,,Autumn,False
1,Dec,Kitchen,Microwave,,0.3,2.0,15.7,125.57,8.0,,Low,Winter,True
315,Dec,Living_Room,LIGHT,-23.0,3.5,1.0.0,2.42,19.32,7.98,,Low,Winter,False
611,Sep, Bedroom  ,TV,82.0,5.7,2.0,28.04,224.35,8.0,934.8,Medium,Autumn,False
455,Jul, Dining Room  ,fan,,16.6,1.0,24.9,199.2,8.0,,Medium,Summer,False
857,Apr,kitchen,Fridge,175.0,21.8,,114.45,915.6,8.0,,High,Spring,True
67,Sep,kitchen,light,1700.0,7.6,2.0,7.75,62.02,8.0,25840.0,Low,Autumn,False
882,Dec, Dining Room  ,Light,22.0,5.2,1.0,3.43,27.46,8.01,114.4,low,Winter,False
991,August,Dining Room,LIGHT,17.0,3.9,1.0,1.99,15.91,7.99,66.3,low,,False
554,April,bathroom,Washing Machine,758.0,1.4,2.0,63.67,509.38,8.0,2122.4,Med,,True
412,Aug,,Light,10.0,6.0,1.0.0,1.8,14.4,8.0,,low,Summer,False
590,Oct,KITCHEN,Light,14.0,6.5,2.0,5.46,43.68,8.0,182.0,Low,Autumn,False
301,July,Kitchen,MICROWAVE,804.0,,2.0,24.12,192.96,8.0,,medium,,True
545,Jul,Living_Room,Light,32.0,8.0,3.0,23.04,184.32,8.0,768.0,medium,Summer,False
301,Dec,LIVING ROOM,Computer,135.0,7.8,1.0,31.59,252.72,8.0,1053.0,medium,Winter,False
397,oct,KITCHEN,light,40.0,5.5,1.0,6.6,52.8,8.0,220.0,low,,False
79,jul,Living Room,Computer,247.0,3.7,,82.25,658.01,8.0,,medium,,False
27,Aug,KITCHEN,Washing Machine,437.0,1.6,3.0,62.93,503.42,8.0,2097.6,Medium,Summer,True
771,May,KITCHEN,Fridge,112.0,24.0,1.0,0.08064,645.12,8000.0,2688.0,low,Spring,True
494,Dec,BEDROOM, Computer  ,376.0,,3.0.0,301.18,2409.41,8.0,,High,Winter,False
301,Apr,Bathroom, Washing Machine  ,642.0,,3.0,115.56,924.48,8.0,,high,Spring,True
722,Jun,Bedroom,Light,18.0,4.9,3.0,7.94,63.5,8.0,264.6,Low,Summer,False
956,Jul,Drawing_Room,,70.0,13.7,150.0,86.31,690.48,8.0,143850.0,Med,Summer,
273,Feb,Kitchen,WASHING MACHINE,775.0,unknown,3.0,90.67,725.4,8.0,,Medium,Winter,True
363,Oct,bedroom,Computer,242.0,4.8,3.0,104.54,836.35,8.0,3484.8,High,Autumn,False
913,Nov, Living Room  ,Computer,-301.0,2.1,3.0,56.89,455.11,8.0,-1896.3,Medium,Autumn,False
253,Feb,KITCHEN,Washing_Machine,533.0,1.0,2.0,31.98,255.84,8.0,1066.0,Medium,Winter,True
149,Jan,BEDROOM,Light,39.0,4.4,1.0,5.15,41.18,8.0,171.6,Low,Winter,False
385,Feb,living room,TV,116.0,4.4,2.0,30.62,244.99,8.0,1020.8,Medium,Winter,False
782,dec,Bedroom,AC,-,3.4,2.0,,2204.83,,,,,True
266,Apr,bathroom,fan,78.0,14.2,1.0,33.23,,,1107.6,medium,Spring,False
929,October,Bathroom,Light,25.0,9.5,1.0,7.12,57.0,8.01,237.5,Low,,False
156,oct,مش عارف,HEATER,819.0,4.0,2.0,196.56,1572.48,8.0,6552.0,HIGH,,False
903,mar,Drawing Room,Computer,398.0,-6.3,2.0,150.44,1203.55,8.0,-5014.8,high,,False
443,May,Bathroom,Light,18.0,7.5,1.0,4.05,32.4,8.0,135.0,Low,Spring,False
121,apr,Bathroom,heater,1190.0,2.0,3.0,214.2,1713.6,8.0,7140.0,high,,False
709,Jan,Kitchen,Washing Machine,408.0,1.3,3.0.0,47.74,381.89,8.0,,Med,Winter,True
61,Apr,bathroom,light,11.0,4.4,3.0,4.36,34.85,7.99,145.2,Low,Spring,False
 597 ,January,drawing room,Computer,,4.3,1.0,43.73,349.85,8.0,,Medium,,False
715,November,Drawing Room,TV,149.0,3.8,3.0,50.96,407.66,8.0,1698.6,Med,,False
150,Jul, Drawing Room  ,Computer,275.0,2.7,2.0,44.55,356.4,8.0,1485.0,medium,Summer,False
829,August,,Light,12.0,5.3,2.0,3.82,30.53,7.99,127.2,Low,,False
556,Jul, Kitchen  ,LIGHT,34.0,3.6,150.0,11.02,88.13,8.0,18360.0,Low,Summer,False
958,November,Living Room,TV,187.0,,1.0,15.15,121.18,8.0,,low,,False
833,Jun, Living Room  ,Computer,320.0,2.4,3.0.0,69.12,552.96,8.0,,Medium,Summer,False
916,August,Kitchen,Light,15.0,7.5,2.0,6.75,54.0,8.0,225.0,Low,,False
51,nov,Bathroom,WASHING MACHINE,783.0,0.8,3.0,56.38,451.01,8.0,1879.2,medium,,True
241,Sep,Bathroom,heater,1469.0,2.1,1.0.0,92.55,740.38,8.0,,Med,Autumn,False
928,Aug,Dining Room,Light,10.0,9.3,1.0,2.79,22.32,8.0,93.0,low,Summer,False
87,Aug,Bedroom,Heater,1137.0,1.9,,194.43,1555.42,8.0,,High,Summer,False
790,Oct, Drawing Room  ,fan,54.0,14.1,3.0,68.53,548.21,8.0,2284.2,Medium,Autumn,False
610,Mar,Living_Room,AC,-1720.0,3.4,1.0,175.44,1403.52,8.0,-5848.0,high,Spring,True
222,Jun,DRAWING ROOM,Computer,353.0,3.0,1.0,31.77,254.16,8.0,1059.0,medium,Summer,False
113,Aug,Bedroom,,166.0,5.3,2.0,52.79,422.3,8.0,1759.6,Medium,Summer,
342,Nov,Bedroom,Computer,331.0,7.8,3.0,232.36,1858.9,8.0,7745.4,High,Autumn,False
965,Sep,BATHROOM,heater,943.0,1.3,3.0,110.33,882.65,8.0,3677.7,high,Autumn,False
936,Sep,,Computer,148.0,2.2,3.0.0,29.3,234.43,8.0,,Med,Autumn,False
270,Apr, Kitchen  ,fan,76.0,,3.0,90.29,722.3,8.0,,medium,Spring,False
902,Nov,Drawing Room,computer,190.0,7.6,1.0,43.32,346.56,8.0,1444.0,Medium,Autumn,False
999,August,Kitchen,light,36.0,4.2,2.0,9.07,72.58,8.0,302.4,low,,False
163,Feb,Bedroom,TV,181.0,5.3,3.0,86.34,690.7,8.0,2877.9,medium,Winter,False
618,Sep,Drawing Room,Unknown,,6.3,2.0,4.54,36.29,7.99,,Low,Autumn,False
775,, Dining Room  ,FAN,56.0,7.9,3.0,39.82,318.53,8.0,1327.2,Med,,False
808,apr,Living Room,LIGHT,28.0,6.7,3.0,16.88,135.07,8.0,562.8,low,,False
274,Sep,living room,Fan,55.0,14.9,1.0.0,24.59,196.68,8.0,,medium,Autumn,False
984,September,drawing room,FAN,88.0,10.4,3.0,82.37,658.94,8.0,2745.6,medium,,False
544,apr,Living Room, TV  ,146.0,4.0,2.0,35.04,280.32,8.0,1168.0,medium,,False
776,April,Bedroom,ac,1397.0,3.2,3.0.0,402.34,3218.69,8.0,,HIGH,,True
627,Jun,bathroom,Fan,75.0,12.6,1.0,28.35,226.8,8.0,945.0,medium,Summer,False
375,jun, Drawing Room  ,Computer,196.0,8.9,1.0,52.33,418.66,8.0,1744.4,Med,,False
658,May,, Computer  ,386.0,6.2,3.0.0,215.39,1723.1,8.0,,high,Spring,False
268,Oct, Living Room  ,Fan,N/A,13.2,3.0,,551.23,,,,Autumn,False
162,Nov,Living Room, Computer  ,121.0,9.5,1.0,34.48,275.88,8.0,1149.5,Medium,Autumn,False
215,APR,Dining Room,fan,65.0,7.9,3.0,46.22,369.72,8.0,1540.5,Med,,False
333,Apr, Living Room  ,Fan,84.0,7.4,1.0,18.65,149.18,8.0,621.6,low,Spring,False
919,May,KITCHEN,Fridge,201.0,23.1,3.0,417.88,3343.03,8.0,13929.3,HIGH,Spring,True
463,Apr,KITCHEN,Microwave,698.0,0.3,3.0,18.85,150.77,8.0,628.2,Low,Spring,True
880,May,Living_Room,Computer,374.0,2.6,3.0,87.52,700.13,8.0,2917.2,Med,Spring,False
423,Jun,Bedroom,light,18.0,9.5,2.0,10.26,82.08,8.0,342.0,Low,Summer,False
465,, Living Room  ,Light,11.0,5.7,2.0,,30.1,,125.4,,,False
994,mar,Bathroom,washing machine,682.0,0.5,2.0.0,20.46,163.68,8.0,,medium,,True
940,July,kitchen,light,36.0,3.5,1.0,3.78,30.24,8.0,126.0,Low,,False
251,Feb,Kitchen,fan,54.0,6.5,1.0,10.53,84.24,8.0,351.0,low,Winter,False
849,Jan, Drawing Room  , TV  ,150.0,3.1,2.0,27.9,223.2,8.0,930.0,Medium,Winter,False
834,Mar,Drawing Room,FAN,86.0,9.7,1.0,25.03,200.21,8.0,834.2,medium,Spring,False
431,December, Kitchen  ,fridge,192.0,20.0,1.0,115.2,921.6,8.0,3840.0,High,,True
59,Mar,Bedroom,tv,117.0,4.9,2.0,34.4,275.18,8.0,1146.6,Med,Spring,False
867,Jan,Kitchen,Light,32.0,5.2,,14.98,119.81,8.0,,low,Winter,False
998,November,kitchen,Microwave,869.0,0.4,3.0,31.28,250.27,8.0,1042.8,Med,,True
539,Mar, Bedroom  ,Computer,306.0,7.6,1.0,69.77,558.14,8.0,2325.6,Medium,Spring,False
354,,Dining Room,LIGHT,37.0,7.4,2.0.0,16.43,131.42,8.0,,low,,False
52,MAY,Drawing_Room,Fan,58.0,8.6,3.0,44.89,359.14,8.0,1496.4,Medium,,False
821,DEC,Bedroom,TV,157.0,5.1,3.0,72.06,576.5,8.0,2402.1,Medium,,False
188,dec,bedroom, Computer  ,144.0,4.3,3.0,55.73,445.82,8.0,1857.6,medium,,False
398,Mar,Bedroom, Heater  ,1043.0,2.1,3.0,197.13,1577.02,8.0,6570.9,High,Spring,False
831,jun,Kitchen, Light  ,32.0,7.7,2.0,14.78,118.27,8.0,492.8,low,,False
451,Jul,bedroom,Heater,1086.0,unknown,2.0,104.26,834.05,8.0,,HIGH,Summer,False
958,Oct,Living Room, Computer  ,179.0,,3.0,146.6,1172.81,8.0,,high,Autumn,False
889,dec,Dining Room,Light,34.0,6.7,1.0,6.83,54.67,8.0,227.8,Low,,False
353,Jul,Living Room,AC,1909.0,6.3,2.0.0,721.6,5772.82,8.0,,high,Summer,True
318,Jan, Living Room  ,COMPUTER,138.0,4.8,2.0.0,39.74,317.95,8.0,,Medium,Winter,False
309,Jul,BEDROOM,Computer,270.0,4.4,2.0,71.28,570.24,8.0,2376.0,Med,Summer,False
313,Apr,Kitchen,Microwave,1141.0,,2.0,34.23,273.84,8.0,,Medium,Spring,True
494,Sep,,LIGHT,36.0,8.6,1.0,9.29,74.3,8.0,309.6,low,Autumn,False
323,November, Kitchen  , Microwave  ,710.0,0.2,3.0,12.78,102.24,8.0,426.0,Low,,True
246,Dec,living room,AC,1748.0,8.2,1.0,430.01,3440.06,8.0,14333.6,High,Winter,True
78,nov,Drawing Room, Computer  ,220.0,3.1,3.0,61.38,491.04,8.0,2046.0,Med,,False
180,Jul, Living Room  ,AC,1915.0,4.3,3.0,741.11,,,24703.5,High,Summer,True
865,Dec,Living Room,Computer,256.0,N/A,1.0,56.06,448.51,8.0,,Med,Winter,False
103,Dec,Dining Room,Light,26.0,4.7,2.0,7.33,58.66,8.0,244.4,low,Winter,False
530,April,Dining Room,FAN,70.0,10.2,1.0,21.42,171.36,8.0,714.0,Medium,,False
566,Jul,living room,Fan,67.0,12.2,2.0,49.04,392.35,8.0,1634.8,Medium,Summer,False
893,nov,Living Room,FAN,57.0,8.8,1.0,15.05,120.38,8.0,501.6,low,,False
743,May,Bedroom,Computer,282.0,6.3,1.0,53.3,426.38,8.0,1776.6,Medium,Spring,False
206,Sep,Dining Room,FAN,55.0,11.1,1.0,18.32,146.52,8.0,610.5,low,Autumn,False
252,Feb, Living Room  ,Fan,50.0,7.3,2.0,21.9,175.2,8.0,730.0,Medium,Winter,False
693,Jun,DRAWING ROOM,FAN,80.0,11.4,2.0,54.72,437.76,8.0,1824.0,Med,Summer,False
 497 ,Jul,Drawing_Room,fan,68.0,9.7,2.0,39.58,316.61,8.0,1319.2,medium,Summer,False
586,Apr,Drawing Room,Computer,161.0,8.1,1.0.0,39.12,312.98,8.0,,Medium,Spring,False
551,Feb, Living Room  ,Computer,204.0,7.6,2.0,93.02,744.19,8.0,3100.8,Med,Winter,False
980,March,Bathroom,fan,-73.0,15.3,1.0,33.51,268.06,8.0,-1116.9,Med,,False
953,November, Bedroom  ,LIGHT,21.0,9.6,2.0,12.1,96.77,8.0,403.2,Low,,False
804,Aug, Kitchen  ,Light,10.0,7.3,1.0.0,2.19,17.52,8.0,,Low,Summer,False
741,May,,Heater,1446.0,3.0,100.0,260.28,2082.24,8.0,433800.0,High,Spring,False
966,Jan,dining room,FAN,70.0,9.6,1.0,20.16,161.28,8.0,672.0,medium,Winter,False
133,Jul, Kitchen  ,Light,19.0,8.0,2.0.0,9.12,72.96,8.0,,low,Summer,False
345,Jan, Drawing Room  , Fan  ,85.0,13.3,2.0,67.83,542.64,8.0,2261.0,Med,Winter,False
578,January,LIVING ROOM,Computer,226.0,580.0,3.0,117.97,943.78,8.0,393240.0,High,,False
977,August,living room, AC  ,1580.0,3.7,3.0,526.14,4209.12,8.0,17538.0,high,,True
520,Mar,Living Room,Computer,356.0,6.0,2.0,128.16,1025.28,8.0,4272.0,HIGH,Spring,False
183,March,Living Room,FAN,85.0,16.2,2.0,82.62,660.96,8.0,2754.0,Med,,False
437,, Living Room  ,AC,1643.0,3.0,2.0,295.74,2365.92,8.0,9858.0,High,,True
860,October,living room,Fan,,6.6,1.0,14.45,115.63,8.0,,low,,False
3,February,Drawing Room,Fan,90.0,8.3,3.0,67.23,537.84,8.0,2241.0,Med,,False
276,Jan,Living Room,LIGHT,2800.0,7.6,3.0,19.15,153.22,8.0,63840.0,Low,Winter,False
344,Nov, Bedroom  ,AC,1407.0,3.6,3.0,455.87,3646.94,8.0,15195.6,High,Autumn,True
375,September, Kitchen  , Fridge  ,154.0,19.7,2.0,182.03,1456.22,8.0,6067.6,HIGH,,True
 538 ,July, Bedroom  ,N/A,1354.0,1.7,3.0,207.16,1657.3,8.0,6905.4,high,,False
608,may,BEDROOM,Heater,1482.0,1.3,3.0,173.39,1387150.0,8000.17,5779.8,HIGH,,False
360,April,bedroom,fan,61.0,17.2,3.0,94.43,755.42,8.0,3147.6,medium,,False
834,May, Bathroom  ,Fan,60.0,7.9,2.0.0,28.44,227.52,8.0,,medium,Spring,False
44,Nov,kitchen,Washing Machine,451.0,1.9,1.0.0,25.71,205.66,8.0,,Medium,Autumn,True
74,Jul,LIVING ROOM,Computer,365.0,5.8,3.0.0,190.53,1524.24,8.0,,high,Summer,False
333,Apr,Living Room, AC  ,1700.0,7.8,1.0,397.8,3182.4,8.0,13260.0,high,Spring,True
787,Dec,DRAWING ROOM,ac,927.0,2.7,1.0.0,75.09,600.7,8.0,,Medium,Winter,True
156,October,LIVING ROOM,fan,-51.0,18.0,2.0.0,55.08,440.64,8.0,,Med,,False
329,Feb,Kitchen,Microwave,644.0,0.3,2.0,11.59,92.74,8.0,386.4,low,Winter,True
905,December,kitchen,FRIDGE,107.0,19.9,3.0,191.64,1533.1,8.0,6387.9,High,,True
979,Nov,Dining Room,fan,83.0,17.2,3.0,128.48,1027.87,8.0,4282.8,High,Autumn,False
834,nov,Drawing Room,computer,339.0,3.8,2.0,77.29,618.34,8.0,2576.4,Medium,,False
877,Aug,Kitchen,fridge,141.0,18.9,1.0,79.95,639.58,8.0,2664.9,Med,Summer,True
340,April,Kitchen, Light  ,13.0,8.1,2.0,6.32,50.54,8.0,210.6,Low,,False
893,March,Kitchen, Fridge  ,241.0,18.5,2.0,267.51,2140.08,8.0,8917.0,HIGH,,True
360,December,,light,18.0,,2.0,7.99,63.94,8.0,,Low,,False
491,Jun,,FRIDGE,277.0,19.1,2.0,317.44,2539.54,8.0,10581.4,HIGH,Summer,True
697,feb,living room,Computer,354.0,4.4,1.0,46.73,373.82,8.0,1557.6,Med,,False
461,Dec,DRAWING ROOM,AC,1004.0,,3.0,216.86,1734.91,8.0,,high,Winter,True
509,Sep,kitchen,MICROWAVE,897.0,0.3,3.0.0,24.22,193.75,8.0,,Med,Autumn,True
828,,,AC,1160.0,4.6,2.0,,2561.28,,10672.0,,,True
724,Nov,BATHROOM,heater,1263.0,3.6,3.0,409.21,3273.7,8.0,13640.4,HIGH,Autumn,False
900,May,Bathroom,Light,13.0,9.4,2.0,7.33,58.66,8.0,244.4,Low,Spring,False
483,Sep,LIVING ROOM, Fan  ,67.0,16.8,3.0,101.3,810.43,8.0,3376.8,High,Autumn,False
368,SEP,Living Room,AC,-1911.0,3.7,1.0,212.12,1696.97,8.0,-7070.7,High,,True
923,September,Dining_Room,LIGHT,22.0,4.2,100.0,5.54,44.35,8.01,9240.0,low,,False
506,Jul,Bedroom,Computer,248.0,5.2,1.0,38.69,309.5,8.0,1289.6,Med,Summer,False
857,Feb,dining room,Fan,67.0,,2.0,49.45,395.57,8.0,,medium,Winter,False
284,May,kitchen,Light,-30.0,7.6,1.0.0,6.84,54.72,8.0,,low,Spring,False
460,June,Bedroom,computer,361.0,6.1,1.0,66.06,528.5,8.0,2202.1,Med,,False
642,NOV,Bedroom,Heater,1252.0,1.1,2.0,82.63,661.06,8.0,2754.4,medium,,False
229,Jan,Living_Room,Fan,90.0,17.5,3.0,141.75,1134.0,8.0,4725.0,high,Winter,False
483,Apr,BATHROOM, Washing Machine  ,616.0,1.4,3.0,N/A,620.93,,2587.2,,Spring,True
204,February,Living Room,AC,1037.0,2.8,2.0,174.22,1393.73,8.0,5807.2,high,,True
818,January,BATHROOM,Washing Machine,708.0,0.8,1.0,16.99,135.94,8.0,566.4,low,,True
874,Sep,, Microwave  ,703.0,0.3,1.0,6.33,50.62,8.0,210.9,low,Autumn,True
950,Feb,Kitchen,-,657.0,0.4,3.0.0,23.65,189.22,8.0,,Medium,Winter,False
618,June,Living Room,LIGHT,3900.0,4.7,1.0,5.5,43990.0,7998.18,18330.0,Low,,False
782,dec,Bedroom,AC,-,3.4,2.0,,2204.83,,,,,True
319,Oct,LIVING ROOM,TV,69.0,5.1,3.0,31.67,253.37,8.0,1055.7,medium,Autumn,False
 195 ,Sep,KITCHEN,FRIDGE,183.0,18.6,1.0,102.11,816.91,8.0,3403.8,High,Autumn,True
35,Mar,LIVING ROOM,Light,29.0,4.3,3.0,11.22,89.78,8.0,374.1,Low,Spring,False
288,Feb,Living Room,computer,154.0,3.5,,32.34,258.72,8.0,,medium,Winter,False
11,Apr,Kitchen,Microwave,1034.0,0.2,2.0,12.41,99.26,8.0,413.6,Low,Spring,True
273,May,KITCHEN,Fan,81.0,10.2,2.0,49.57,396.58,8.0,1652.4,Medium,Spring,False
75,Jun, Living Room  ,Computer,208.0,3.6,1.0,22.46,179.71,8.0,748.8,medium,Summer,False
605,Dec,,light,2600.0,7.9,1.0,6.16,49.3,8.0,20540.0,Low,Winter,False
 231 ,Jul,kitchen,light,21.0,unknown,1.0.0,5.04,40.32,8.0,,low,Summer,False
854,Mar,bedroom,HEATER,1309.0,1.7,2.0,133.52,1068.14,8.0,4450.6,High,Spring,False
827,May,kitchen,Microwave,N/A,,3.0.0,32.76,262.08,8.0,,Medium,Spring,True
226,April,KITCHEN,Light,14.0,4.2,1.0,1.76,14.11,8.02,58.8,low,,False
284,n/a,DRAWING ROOM,,53.0,9.0,2.0,28.62,228.96,8.0,954.0,medium,,
845,Aug, Living Room  ,tv,85.0,2.5,2.0,12.75,102.0,8.0,425.0,Low,Summer,False
818,February,KITCHEN,,1158.0,0.3,2.0,20.84,166.75,8.0,694.8,Med,,
100,Oct,KITCHEN,Light,40.0,9.6,1.0.0,11.52,92.16,8.0,,Low,Autumn,False
824,Aug,Living_Room,Computer,192.0,7.7,3.0,133.06,1064.45,8.0,4435.2,high,Summer,False
471,Aug,Bedroom,Heater,852.0,1.9,3.0,145.69,1165.54,8.0,4856.4,HIGH,Summer,False
149,Feb,n/a,Light,17.0,3.1,1.0,1.58,12.65,8.01,52.7,Low,Winter,False
522,Dec, Kitchen  ,Light,33.0,6.0,3.0,17.82,142.56,8.0,594.0,Low,Winter,False
663,Oct,Bathroom,Heater,1032.0,1.6,2.0,99.07,792.58,8.0,3302.4,Medium,Autumn,False
749,Nov,Dining Room,,70.0,1639.9999999999998,3.0,103.32,826.56,8.0,344400.0,HIGH,Autumn,
574,Jul,Bedroom,AC,1563.0,5.6,2.0,525.17,4201.34,8.0,17505.6,high,Summer,True
126,Mar,DRAWING ROOM, TV  ,182.0,2.4,1.0,13.1,104.83,8.0,436.8,Low,Spring,False
697,Jan, Bathroom  ,Washing Machine,-,0.7,3.0,44.98,359.86,8.0,,Medium,Winter,True
543,Dec,living room,TV,70.0,4.5,1.0,9.45,75.6,8.0,315.0,Low,Winter,False
659,Jun,Dining_Room, Light  ,14.0,8.2,1.0,3.44,27.55,8.01,114.8,Low,Summer,False
953,Mar,Drawing Room,TV,90.0,2.9,1.0.0,7.83,62.64,8.0,,Low,Spring,False
648,Mar,Kitchen, Fan  ,50.0,7.6,2.0,22.8,182.4,8.0,760.0,Med,Spring,False
770,,dining room,light,30.0,6.6,3.0,17.82,142560.0,8000.0,594.0,low,,False
943,October, Kitchen  ,Light,21.0,5.4,1.0,3.4,27.22,8.01,113.4,Low,,False
512,October,Kitchen,Light,38.0,7.4,2.0,16.87,134.98,8.0,562.4,low,,False
543,Jun,Bedroom,TV,148.0,4.6,3.0,61.27,490.18,8.0,2042.4,Med,Summer,False
147,jul,,Light,20.0,4.6,2.0,5.52,44.16,8.0,184.0,Low,,False
273,Nov, Drawing Room  ,Light,18.0,3.7,3.0,5.99,47.95,8.01,199.8,low,Autumn,False
741,February,Dining Room,Light,35.0,5.2,2.0,10.92,87.36,8.0,364.0,low,,False
354,OCT,Drawing Room,Light,16.0,,1.0.0,1.68,13.44,8.0,,low,,False
520,nov, Living Room  ,Light,10.0,9.1,2.0,5.46,43.68,8.0,182.0,Low,,False
274,oct,BEDROOM,Computer,235.0,2.3,1.0,16.21,129.72,8.0,540.5,low,,False
363,Mar,Living Room, Light  ,30.0,4.0,1.0,3.6,28.8,8.0,120.0,Low,Spring,False
484,Dec,kitchen,Fan,82.0,17.2,2.0,84.62,676.99,8.0,2820.8,Medium,Winter,False
473,Mar,Kitchen,Fan,76.0,15.9,1.0,36.25,290.02,8.0,1208.4,medium,Spring,False
581,Sep,Living Room, Light  ,27.0,3.7,1.0,3.0,23.98,7.99,99.9,Low,Autumn,False
860,Apr,LIVING ROOM,AC,1459.0,3.2,1.0,140.06,1120.51,8.0,4668.8,High,Spring,True
218,June,BATHROOM,Fan,82.0,8.6,2.0,42.31,338.5,8.0,1410.4,Medium,,False
807,September,living room,TV,101.0,,2.0,35.75,286.03,8.0,,Med,,False
900,Jan,Bathroom,Light,30.0,8.2,3.0,22.14,177.12,8.0,738.0,medium,Winter,False
624,,living room,TV,177.0,5.9,2.0,62.66,501.26,8.0,2088.6,Medium,,False
586,Dec,drawing room,Light,33.0,9.5,1.0,9.4,75.24,8.0,313.5,low,Winter,False
64,Jul,bathroom,WASHING MACHINE,737.0,1.4,3.0,92.86,742.9,8.0,3095.4,Medium,Summer,True
302,Nov,BATHROOM,Light,13.0,6.9,2.0,5.38,43.06,8.0,179.4,low,Autumn,False
87,Aug,bedroom,Computer,184.0,4.8,2.0,52.99,423.94,8.0,1766.4,Medium,Summer,False
503,jan,Living Room,AC,1532.0,550.0,1.0,252.78,2022.24,8.0,842600.0,High,,True
298,May,Kitchen,?,285.0,20.0,2.0,?,2736.0,,11400.0,,Spring,False
239,Sep,Bathroom,FAN,61.0,14.3,1.0,26.17,209.35,8.0,872.3,medium,Autumn,False
933,October,living room,Computer,305.0,9.0,3.0.0,247.05,1976.4,8.0,,high,,False
539,Apr,Drawing_Room, Light  ,19.0,9.7,2.0,11.06,88.46,8.0,368.6,low,Spring,False
221,Jan,Living Room,ac,1490.0,2.3,1.0,102.81,822.48,8.0,3427.0,HIGH,Winter,True
189,Nov, Bedroom  ,TV,144.0,3.8,3.0,49.25,393.98,8.0,1641.6,medium,Autumn,False
944,Mar, Drawing Room  ,Computer,288.0,2.3,2.0,39.74,317.95,8.0,1324.8,Medium,Spring,False
225,July,kitchen,Light,29.0,?,2.0,9.57,76.56,8.0,,low,,False
688,Apr,,Light,37.0,8.0,3.0.0,26.64,213.12,8.0,,medium,Spring,False
236,Sep,Kitchen,n/a,14.0,7.0,2.0,5.88,47.04,8.0,196.0,Low,Autumn,False
442,DEC,bedroom,Light,15.0,5.5,1.0,2.48,19.8,7.98,82.5,Low,,False
251,Apr,BATHROOM,Fan,55.0,11.1,2.0,36.63,293.04,8.0,1221.0,Med,Spring,False
438,Jun,Living Room, TV  ,88.0,2.1,2.0,11.09,88.7,8.0,369.6,Low,Summer,False
194,Aug, Dining Room  , Fan  ,58.0,17.8,3.0,92.92,743.33,8.0,3097.2,Medium,Summer,False
453,Jan,DRAWING ROOM, Light  ,24.0,4.3,3.0,9.29,74.3,8.0,309.6,low,Winter,False
325,Jan,Bedroom,FAN,54.0,16.2,1.0,26.24,209.95,8.0,874.8,Med,Winter,False
914,February,?,Light,16.0,4.0,3.0,5.76,46.08,8.0,192.0,Low,,False
347,JUN,KITCHEN,Microwave,731.0,0.4,2.0,17.54,140.35,8.0,584.8,Low,,True
427,Jun,,Light,35.0,8.5,2.0,17.85,142.8,8.0,595.0,Low,Summer,False
922,May,LIVING ROOM,computer,396.0,9.6,2.0,228.1,1824.77,8.0,7603.2,high,Spring,False
339,Feb,bedroom,AC,1719.0,5.5,1.0,283.63,2269.08,8.0,9454.5,high,Winter,True
526,May,BEDROOM, AC  ,,9.9,1.0.0,511.14,4089.1,8.0,,High,Spring,True
733,Jan,Kitchen,Washing Machine,698.0,0.8,1.0,,134.02,,558.4,,Winter,True
852,Feb,dining room,light,-11.0,770.0,2.0,5.08,40.66,8.0,-16940.0,Low,Winter,False
816,Mar,Bathroom,HEATER,1445.0,260.0,3.0,338.13,2705.04,8.0,1127100.0,high,Spring,False
751,Feb,Living Room,Computer,,5.9,3.0,0.16408,1312.63,7999.94,,Low,Winter,False
614,May,Bedroom,computer,314.0,2.6,3.0,73.48,587.81,8.0,2449.2,Med,Spring,False
582,Apr,living room,TV,140.0,4.0,1.0,16.8,134.4,8.0,560.0,low,Spring,False
206,April,drawing room,TV,149.0,4.7,3.0,63.03,504.22,8.0,2100.9,Medium,,False
406,Jul,Living Room,TV,166.0,2.1,2.0,20.92,167.33,8.0,697.2,medium,Summer,False
630,Nov,LIVING ROOM,COMPUTER,325.0,5.3,3.0.0,155.03,1240.2,8.0,,high,Autumn,False
461,Jul,Drawing Room,Fan,83.0,17.6,3.0,131.47,1051.78,8.0,4382.4,High,Summer,False
448,May,Kitchen,Light,,4.7,3.0,8.04,64.3,8.0,,Low,Spring,False
937,Apr,Kitchen,Light,24.0,4.5,3.0,9.72,77.76,8.0,324.0,Low,Spring,False
484,Nov,مش عارف,Fan,54.0,13.7,3.0,66.58,532.66,8.0,2219.4,Med,Autumn,False
405,Jun,bathroom,Washing Machine,497.0,error,3.0,71.57,572.54,8.0,,Med,Summer,True
212,Jun,Kitchen,Microwave,855.0,0.2,2.0,10.26,82.08,8.0,342.0,Low,Summer,True
54,Jan,drawing room,COMPUTER,109.0,4.3,2.0,28.12,224.98,8.0,937.4,Medium,Winter,False
828,dec,Drawing Room,COMPUTER,303.0,?,3.0,139.08,1112.62,8.0,,high,,False
688,May,Bathroom,Washing Machine,,0.8,2.0,27.36,218.88,8.0,,Medium,Spring,True
952,Jul,Bedroom,TV,63.0,3.5,3.0,19.84,158.76,8.0,661.5,Low,Summer,False
946,Jun,bathroom,Heater,1478.0,3.5,3.0,465.57,3724.56,8.0,15519.0,high,Summer,False
959,Jun, Drawing Room  , AC  ,1279.0,2.5,2.0,191.85,1534.8,8.0,6395.0,High,Summer,True
922,Feb,living room,tv,108.0,4.3,2.0,27.86,222.91,8.0,928.8,Med,Winter,False
177,Jul,Bedroom,Heater,935.0,3.2,2.0,179.52,1436.16,8.0,5984.0,HIGH,Summer,False
892,May,LIVING ROOM,Fan,unknown,14.2,2.0,59.64,477.12,8.0,,medium,Spring,False
504,Nov,Drawing Room, Computer  ,347.0,3.2,3.0,99.94,799.49,8.0,3331.2,Medium,Autumn,False
733,Dec,Living_Room, Fan  ,85.0,8.4,3.0.0,64.26,514.08,8.0,,Med,Winter,False
806,February,Kitchen,Washing Machine,681.0,0.8,,16.34,130.75,8.0,,low,,True
37,August,Living Room, TV  ,182.0,2.9,3.0,47.5,380.02,8.0,1583.4,Medium,,False
652,NOV,kitchen,Microwave,101800.0,0.4,,12.22,97.73,8.0,,Low,,True
976,Sep,Dining Room,light,28.0,4.3,2.0,7.22,57.79,8.0,240.8,low,Autumn,False
969,Apr,Dining Room, Fan  ,71.0,8.9,3.0,56.87,454.97,8.0,1895.7,Medium,Spring,False
816,?,living room,AC,1074.0,6.9,2.0,444.64,3557.09,8.0,14821.2,HIGH,,True
832,Jul,living room,TV,142.0,,2.0,20.45,163.58,8.0,,Med,Summer,False
 480 ,Jan,DINING ROOM, Fan  ,72.0,16.7,,72.14,577150.0,8000.42,,Medium,Winter,False
321,Jul, Kitchen  ,Fridge,263.0,20.8,3.0,492.34,3938.69,8.0,16411.2,High,Summer,True
193,Nov,Dining Room,Light,37.0,360.0,3.0,11.99,95.9,8.0,39960.0,low,Autumn,False
154,Sep,Kitchen,FRIDGE,215.0,23.1,2.0,297.99,2383.92,8.0,9933.0,HIGH,Autumn,True
542,Dec,Bathroom,Fan,54.0,17.4,1.0,28.19,225.5,8.0,939.6,medium,Winter,False
274,April,Drawing Room, AC  ,1948.0,9.2,3.0,1612.94,12903.55,8.0,53764.8,High,,True
950,May,DRAWING ROOM,,118.0,9.2,1.0,32.57,260.54,8.0,1085.6,Medium,Spring,
442,Jun,Drawing Room,tv,67.0,3.3,1.0,6.63,53.06,8.0,221.1,low,Summer,False
626,September,kitchen,Fridge,145.0,21.0,2.0,182.7,1461.6,8.0,6090.0,HIGH,,True
871,JAN, Kitchen  ,Microwave,745.0,0.2,2.0,8.94,71.52,8.0,298.0,low,,True
568,May,Bedroom,AC,1476.0,5.7,1.0,252.4,2019.17,8.0,8413.2,high,Spring,True
734,, Living Room  , Light  ,22.0,5.5,2.0.0,7.26,58.08,8.0,,Low,,False
647,Oct,Kitchen,WASHING MACHINE,463.0,1.9,2.0,52.78,422.26,8.0,1759.4,medium,Autumn,True
212,Sep,Bedroom,HEATER,842.0,3.8,1.0,95.99,767.9,8.0,3199.6,Medium,Autumn,False
240,Nov,Drawing_Room,Fan,-,18.0,1.0.0,41.04,328.32,8.0,,medium,Autumn,False
791,Aug,Dining_Room,Fan,63.0,8.7,2.0,32.89,263.09,8.0,1096.2,medium,Summer,False
108,May,Bedroom,TV,140.0,5.8,2.0,48.72,389.76,8.0,1624.0,medium,Spring,False
597,October, Living Room  ,Computer,150.0,6.8,1.0,30.6,244.8,8.0,1020.0,Medium,,False
902,Aug,Dining Room,FAN,66.0,11.2,1.0,22.18,177.41,8.0,739.2,medium,Summer,False
759,May,kitchen,WASHING MACHINE,518.0,1.6,3.0.0,74.59,596740.0,8000.27,,Med,Spring,True
3,Feb,Drawing Room, Fan  ,74.0,14.2,1.0,31.52,252.19,8.0,1050.8,Med,Winter,False
334,Jun,Kitchen, Fan  ,77.0,17.4,1.0,40.19,321.55,8.0,1339.8,Med,Summer,False
547,Jul,Kitchen,washing machine,430.0,1.5,2.0,38.7,309.6,8.0,1290.0,Medium,Summer,True
628,may,,Light,32.0,8.2,2.0,15.74,125.95,8.0,524.8,low,,False
225,jan, Dining Room  ,Light,11.0,4.7,3.0,4.65,37.22,8.0,155.1,Low,,False
742,Dec, Dining Room  ,Light,18.0,6.6,1.0,3.56,28.51,8.01,118.8,low,Winter,False
205,apr, Living Room  ,Computer,256.0,,3.0,207.36,1658.88,8.0,,HIGH,,False
355,Dec,LIVING ROOM,Computer,272.0,-5.6,1.0,45.7,365.57,8.0,-1523.2,medium,Winter,False
627,Oct,Drawing Room,TV,62.0,2.0,2.0,7.44,59.52,8.0,248.0,low,Autumn,False
171,August,Bathroom,Light,11.0,,2.0,3.17,25.34,7.99,,low,,False
796,Feb,Kitchen,Fridge,185.0,22.0,2.0.0,244.2,1953.6,8.0,,high,Winter,True
573,February,Bedroom,Heater,1225.0,3.7,2.0,271.95,2175.6,8.0,9065.0,High,,False
356,apr,BEDROOM,ac,945.0,2.1,3.0,178.6,1428.84,8.0,5953.5,high,,True
28,Feb,DRAWING ROOM, Light  ,15.0,6.3,1.0,2.83,22.68,8.01,94.5,Low,Winter,False
527,Oct,BEDROOM,AC,1816.0,3.9,2.0,424.94,3399.55,8.0,14164.8,high,Autumn,True
79,December,Living_Room,AC,907.0,9.7,1.0.0,263.94,2111.5,8.0,,high,,True
682,Jan, Living Room  ,Computer,190.0,4.5,1.0,25.65,205.2,8.0,855.0,Medium,Winter,False
204,Nov,bedroom,,20.0,3.1,1.0,1.86,14.88,8.0,62.0,Low,Autumn,
322,August,Bathroom, Washing Machine  ,718.0,1.7,2.0,73.24,585.89,8.0,2441.2,medium,,True
199,Aug,Drawing Room,,25.0,8.3,2.0,12.45,99.6,8.0,415.0,Low,Summer,
697,Feb,LIVING ROOM,Computer,291.0,7.5,1.0,65.47,523.8,8.0,2182.5,Med,Winter,False
104,July,LIVING ROOM,Light,18.0,9.0,3.0,14.58,116.64,8.0,486.0,low,,False
638,September,Kitchen,microwave,797.0,0.3,2.0,14.35,114.77,8.0,478.2,Low,,True
764,August,Drawing Room,Light,26.0,6.9,3.0,16.15,129.17,8.0,538.2,Low,,False
394,Nov,Dining Room,LIGHT,32.0,4.4,2.0,8.45,67.58,8.0,281.6,Low,Autumn,False
649,Feb,Living Room,tv,172.0,3.2,3.0,49.54,396.29,8.0,1651.2,Med,Winter,False
222,December,Living Room,FAN,87.0,8.4,1.0.0,21.92,175.39,8.0,,Med,,False
198,dec,Bedroom,N/A,24.0,9.7,3.0,20.95,167.62,8.0,698.4,Med,,False
675,oct,bathroom,Light,34.0,5.3,1.0,5.41,43.25,7.99,180.2,Low,,False
783,Sep,Drawing Room,AC,1202.0,7.7,1.0,277.66,2221.3,8.0,9255.4,HIGH,Autumn,True
783,Mar,,COMPUTER,136.0,6.6,1.0,26.93,215.42,8.0,897.6,Med,Spring,False
80,November,Living Room,Computer,144.0,2.0,3.0,25.92,207.36,8.0,864.0,medium,,False
661,Jul,KITCHEN,WASHING MACHINE,524.0,1.0,1.0,15.72,125.76,8.0,524.0,low,Summer,True
73,Oct,DINING ROOM,Fan,77.0,15.7,3.0,108.8,870.41,8.0,3626.7,High,Autumn,False
730,Dec,Kitchen,Light,13.0,4.3,3.0,5.03,40.25,8.0,167.7,Low,Winter,False
193,Jul,Drawing_Room,ac,1695.0,3.4,3.0,518.67,4149.36,8.0,17289.0,high,Summer,True
 49 ,,Kitchen,Microwave,1166.0,0.3,1.0,10.49,83.95,8.0,349.8,low,,True
344,April,Bathroom, Fan  ,52.0,14.8,1.0,23.09,184.7,8.0,769.6,medium,,False
174,June,Drawing Room,computer,110.0,N/A,1.0,19.8,158.4,8.0,,low,,False
511,May, Living Room  ,Fan,59.0,7.8,1.0.0,13.81,110.45,8.0,,low,Spring,False
137,AUG,Living Room,AC,1152.0,9.3,150.0,964.22,7713.79,8.0,1607040.0,high,,True
 145 ,Apr,KITCHEN,Light,23.0,-5.3,3.0,,87.77,,-365.7,,Spring,False
607,Jun,Bathroom,Fan,67.0,15.4,1.0,30.95,247.63,8.0,1031.8,medium,Summer,False
253,Oct,Bedroom,TV,102.0,3.1,3.0,28.46,227.66,8.0,948.6,Med,Autumn,False
256,February,DRAWING ROOM,AC,1690.0,,2.0,567.84,4542.72,8.0,,HIGH,,True
178,apr,Kitchen,Fridge,139.0,,1.0,98.41,787.3,8.0,,Medium,,True
444,Oct,Drawing Room,TV,106.0,5.6,1.0,17.81,142.46,8.0,593.6,Low,Autumn,False
178,Dec,DINING ROOM,FAN,66.0,17.9,3.0,106.33,850.61,8.0,3544.2,high,Winter,False
970,Mar, Bathroom  ,Heater,1384.0,3.3,3.0,411.05,,,13701.6,high,Spring,False
46,May,Bedroom,FAN,66.0,6.6,2.0,26.14,209.09,8.0,871.2,Med,Spring,False
207,January, Dining Room  ,Fan,86.0,14.3,3.0,110.68,885460.0,8000.18,3689.4,high,,False
895,Jul,Bedroom,Heater,-1455.0,3.8,1.0.0,0.16587000000000002,1326.96,8000.0,,Low,Summer,False
205,October, Kitchen  ,Fridge,266.0,21.5,1.0,171.57,1372.56,8.0,5719.0,high,,True
284,Mar,Dining Room,Light,27.0,9.9,1.0,8.02,64.15,8.0,267.3,Low,Spring,False
378,May,Bedroom, Light  ,,4.7,3.0,15.23,121.82,8.0,,low,Spring,False
837,nov,Drawing Room,TV,109.0,,3.0,?,447.34,,,,,False
864,Oct,Unknown,AC,1563.0,5.8,1.0,271.96,2175.7,8.0,9065.4,High,Autumn,True
801,Aug,Bedroom,Light,17.0,7.2,1.0,,29.38,,122.4,,Summer,False
65,July, Bathroom  ,HEATER,1283.0,1.9,1.0,73.13,585.05,8.0,2437.7,medium,,False
660,May,BEDROOM, AC  ,1948.0,3.1,2.0,362.33,2898.62,8.0,12077.6,high,Spring,True
725,March,Bathroom,washing machine,,0.7,1.0,13.92,111.38,8.0,,low,,True
447,Sep,Drawing Room,AC,1191.0,5.6,3.0,600.26,4802.11,8.0,20008.8,high,Autumn,True
342,,Living_Room,TV,181.0,4.7,3.0,unknown,612.5,,2552.1,,,False
440,Mar,Drawing Room,,1760.0,3.8,3.0,601.92,4815.36,8.0,20064.0,high,Spring,
837,nov,Drawing Room,TV,109.0,,3.0,?,447.34,,,,,False
349,Sep, Dining Room  , Fan  ,90.0,6.1,1.0,16.47,131.76,8.0,549.0,Low,Autumn,False
78,may,Drawing Room,Computer,269.0,4.4,1.0,35.51,284.06,8.0,1183.6,Med,,False
808,Jul, Living Room  , TV  ,131.0,4.9,3.0,57.77,462.17,8.0,1925.7,Medium,Summer,False
836,nov,BATHROOM,fan,85.0,860.0,1.0,21.93,175.44,8.0,73100.0,Med,,False
675,jul,Dining Room,Light,27.0,8.8,1.0,7.13,57.02,8.0,237.6,Low,,False
150,May,Drawing Room,Computer,327.0,4.9,1.0,48.07,384.55,8.0,1602.3,Medium,Spring,False
999,Sep,Kitchen,washing machine,491.0,0.9,2.0,26.51,212.11,8.0,883.8,medium,Autumn,True
584,feb,Dining Room,LIGHT,17.0,6.5,3.0,9.95,79.56,8.0,331.5,Low,,False
411,oct,dining room,fan,64.0,9.1,2.0,34.94,279.55,8.0,1164.8,medium,,False
773,Sep, Kitchen  ,Light,36.0,8.7,2.0,18.79,150.34,8.0,626.4,low,Autumn,False
405,Oct,KITCHEN,Fan,51.0,9.8,3.0.0,44.98,359.86,8.0,,medium,Autumn,False
407,,, Light  ,29.0,6.7,1.0,5.83,46.63,8.0,194.3,Low,,False
794,JUN,Living Room,AC,1626.0,7.4,1.0,360.97,2887.78,8.0,12032.4,HIGH,,True
495,apr,Drawing Room,,75.0,11.1,1.0,24.98,199.8,8.0,832.5,medium,,
917,Jan,Bedroom,Computer,251.0,8.4,2.0,126.5,1012.03,8.0,4216.8,HIGH,Winter,False
413,Jan,Bedroom,Computer,319.0,3.1,1.0,29.67,237.34,8.0,988.9,Med,Winter,False
21,Mar,Living_Room,TV,185.0,3.2,1.0,17.76,142.08,8.0,592.0,low,Spring,False
419,August,,Fan,62.0,17.5,1.0,32.55,260.4,8.0,1085.0,Med,,False
 370 ,Oct,Kitchen,Washing Machine,686.0,1.6,1.0,32.93,263.42,8.0,1097.6,Med,Autumn,True
978,JUL,Living_Room,AC,1757.0,5.2,3.0,822.28,6578.21,8.0,27409.2,High,,True
150,,BEDROOM,Computer,209.0,-3.3,1.0,20.69,165.53,8.0,-689.7,Med,,False
370,November,n/a, Fridge  ,215.0,19.6,2.0,252.84,2022.72,8.0,8428.0,high,,True
130,Jan,KITCHEN,MICROWAVE,1085.0,0.4,1.0,13.02,104.16,8.0,434.0,low,Winter,True
876,mar,Dining Room,fan,78.0,9.7,1.0,22.7,181.58,8.0,756.6,medium,,False
406,Nov,bedroom,TV,90.0,4.3,3.0,34.83,278.64,8.0,1161.0,medium,Autumn,False
553,Oct,Drawing Room,Light,36.0,3.4,3.0.0,11.02,88.13,8.0,,low,Autumn,False
679,October,Drawing Room,fan,88.0,17.7,1.0,46.73,373.82,8.0,1557.6,Med,,False
157,apr,kitchen,Fridge,178.0,20.2,2.0,N/A,1725.89,,7191.2,,,True
363,May,Dining_Room,Light,17.0,4.7,2.0,4.79,38.35,8.01,159.8,Low,Spring,False
620,,bedroom, Computer  ,386.0,4.7,1.0,54.43,435.41,8.0,1814.2,Med,,False
736,Dec,Living Room,TV,119.0,4.6,3.0.0,49.27,394.13,8.0,,Medium,Winter,False
722,Jan, Dining Room  , Fan  ,69.0,10.3,3.0.0,63.96,511.7,8.0,,Med,Winter,False
47,Nov,Living Room,AC,1316.0,4.3,3.0,509.29,4074.34,8.0,16976.4,High,Autumn,True
183,Aug,Bedroom,HEATER,915.0,2.5,1.0,68.62,549.0,8.0,2287.5,medium,Summer,False
611,Jun,bedroom,COMPUTER,369.0,7.3,3.0,242.43,1939.46,8.0,8081.1,HIGH,Summer,False
159,Apr,Living Room, Computer  ,370.0,8.2,2.0,182.04,1456.32,8.0,6068.0,HIGH,Spring,False
55,Aug,Living Room,light,24.0,4.9,2.0,7.06,56.45,8.0,235.2,low,Summer,False
490,Jan,dining room,FAN,55.0,9.8,3.0,48.51,388.08,8.0,1617.0,Med,Winter,False
726,August,LIVING ROOM,Fan,78.0,9.7,2.0,45.4,363.17,8.0,1513.2,Med,,False
872,Mar,KITCHEN,Fan,65.0,8.1,3.0,47.38,379.08,8.0,1579.5,Medium,Spring,False
926,Oct,Living Room,Light,19.0,4.1,1.0.0,2.34,18.7,7.99,,low,Autumn,False
359,may,bedroom,HEATER,1269.0,2.1,2.0,159.89,1279.15,8.0,5329.8,HIGH,,False
319,Apr,Drawing Room,AC,?,2.9,1.0,139.11,1112.9,8.0,,High,Spring,True
363,n/a,Living_Room,Fan,82.0,11.9,1.0,,234.19,,975.8,,,False
572,July, Bedroom  ,tv,117.0,4.3,3.0,45.28,362.23,8.0,1509.3,Med,,False
904,March,Kitchen,WASHING MACHINE,628.0,0.6,1.0.0,11.3,90.43,8.0,,Low,,True
328,Oct, Bedroom  , TV  ,99.0,,2.0,25.54,204.34,8.0,,medium,Autumn,False
251,Apr, Bedroom  ,AC,1700.0,7.3,2.0,744.6,5956.8,8.0,24820.0,high,Spring,True
214,Jun,Drawing Room, TV  ,105.0,5.5,1.0,17.32,138.6,8.0,577.5,Low,Summer,False
480,Jul,Dining_Room,fan,76.0,7.3,1.0,16.64,133.15,8.0,554.8,low,Summer,False
707,Aug,LIVING ROOM,TV,69.0,4.7,3.0,29.19,233.5,8.0,972.9,Medium,Summer,False
248,oct, Bedroom  ,Heater,1341.0,2.2,3.0,265.52,2124.14,8.0,8850.6,HIGH,,False
352,,Bedroom, Heater  ,1090.0,2.7,,88.29,706.32,8.0,,Med,,False
572,Sep,Bathroom, Fan  ,86.0,15.9,3.0,123.07,984.53,8.0,4102.2,High,Autumn,False
733,Jul,مش عارف,TV,128.0,5.9,3.0,67.97,543.74,8.0,2265.6,Medium,Summer,False
 16 ,May,BEDROOM,computer,329.0,2.7,2.0,53.3,426.38,8.0,1776.6,medium,Spring,False
418,may,dining room,Fan,71.0,15.9,2.0.0,67.73,541.87,8.0,,Medium,,False
696,Dec,Kitchen,Fan,75.0,14.6,1.0,32.85,262.8,8.0,1095.0,Med,Winter,False
207,July,Drawing Room,light,33.0,7.1,2.0,14.06,112.46,8.0,468.6,Low,,False
561,OCT,Bedroom,Fan,85.0,15.6,1.0,0.03978,318.24,8000.0,1326.0,Low,,False
213,Jun,Living Room,Fan,84.0,11.6,1.0,29.23,233.86,8.0,974.4,medium,Summer,False
149,Apr, Dining Room  , Light  ,22.0,6.7,3.0.0,13.27,106.13,8.0,,Low,Spring,False
220,Oct,Living Room, TV  ,76.0,6.0,3.0,41.04,328.32,8.0,1368.0,Med,Autumn,False
116,Feb,BEDROOM,Computer,295.0,6.6,1.0,,467.28,,1947.0,,Winter,False
547,Oct,Living Room,Computer,171.0,6.9,1.0,35.4,283.18,8.0,1179.9,Med,Autumn,False
547,July, Drawing Room  , AC  ,1835.0,5.2,3.0,858.78,6870.24,8.0,28626.0,HIGH,,True
113,May, Kitchen  ,Microwave,786.0,0.5,1.0,11.79,94.32,8.0,393.0,Low,Spring,True
724,Dec,living room,AC,1953.0,4.2,3.0,738.23,5905.87,8.0,24607.8,high,Winter,True
409,Jun,Kitchen,FRIDGE,184.0,22.7,1.0.0,125.3,1002.43,8.0,,High,Summer,True
251,December, Bedroom  ,Heater,1325.0,2.5,3.0,298.12,2385.0,8.0,9937.5,HIGH,,False
740,May,Bathroom,light,22.0,8.1,3.0,16.04,128.3,8.0,534.6,low,Spring,False
824,March,drawing room,computer,167.0,9.3,1.0,46.59,372.74,8.0,1553.1,Medium,,False
469,Jun,Drawing Room,Computer,134.0,4.4,3.0,53.06,424.51,8.0,1768.8,Medium,Summer,False
255,Dec,DINING ROOM,FAN,80.0,15.3,3.0,110.16,881.28,8.0,3672.0,high,Winter,False
767,NOV,Kitchen,LIGHT,11.0,,3.0,6.34,50.69,8.0,,Low,,False
900,JUN,bedroom, Heater  ,141300.0,3.5,3.0,445.1,3560.76,8.0,1483650.0,High,,False
604,Oct,living room,computer,381.0,6.6,1.0,75.44,603.5,8.0,2514.6,medium,Autumn,False
45,January,Bathroom,heater,963.0,-3.6,3.0,312.01,2496.1,8.0,-10400.4,high,,False
775,September,,Light,38.0,10.0,3.0,34.2,273.6,8.0,1140.0,Medium,,False
556,Jan,Living Room,tv,115.0,4.9,3.0,50.72,405.72,8.0,1690.5,Med,Winter,False
722,Dec,Living Room,Fan,68.0,15.0,2.0,61.2,489.6,8.0,2040.0,Medium,Winter,False
638,aug,drawing room,TV,112.0,5.0,3.0.0,50.4,403.2,8.0,,Medium,,False
351,DEC,Living Room,Fan,,9.4,1.0,16.36,130.85,8.0,,Low,,False
85,Sep,Bathroom, Washing Machine  ,449.0,1.5,1.0,20.2,161.64,8.0,673.5,Med,Autumn,True
310,Oct,Kitchen,Washing_Machine,790.0,1.2,2.0.0,56.88,455.04,8.0,,Med,Autumn,True
371,March,living room,Computer,275.0,2.9,3.0,71.78,574.2,8.0,2392.5,medium,,False
437,May, Dining Room  ,n/a,?,,2.0,5.67,45.36,8.0,,low,Spring,False
498,NOV,Bedroom,LIGHT,18.0,8.1,2.0,8.75,69.98,8.0,291.6,low,,False
618,jun,Drawing_Room, Light  ,error,9.3,3.0,24.27,194.18,8.0,,Medium,,False
174,Jun,Bedroom,Fan,61.0,16.5,1.0,,241.56,,1006.5,,Summer,False
921,Jul,Dining_Room,,36.0,6.0,1.0,6.48,51.84,8.0,216.0,low,Summer,
219,Dec,Drawing Room,COMPUTER,320.0,8.2,3.0.0,236.16,1889.28,8.0,,High,Winter,False
712,Mar,Bedroom,Heater,991.0,3.3,2.0,196.22,1569.74,8.0,6540.6,high,Spring,False
745,March,not sure,light,2400.0,9.6,1.0,6.91,55.3,8.0,23040.0,Low,,False
144,Jan, Bedroom  , AC  ,1496.0,5.7,1.0,255.82,2046.53,8.0,8527.2,High,Winter,True
760,Feb,Living Room,AC,1065.0,5.3,2.0,338.67,2709.36,8.0,11289.0,high,Winter,True
903,Feb,Bathroom,heater,851.0,4.0,3.0,306.36,2450.88,8.0,10212.0,High,Winter,False
100,November,Kitchen,Fridge,138.0,19.4,2.0,160.63,1285.06,8.0,5354.4,high,,True
242,Jul,Bedroom,Fan,52.0,7.6,2.0,23.71,189.7,8.0,790.4,Medium,Summer,False
810,Feb,Drawing Room,Light,,7.1,2.0,13.63,109.06,8.0,,Low,Winter,False
353,Jul,LIVING ROOM,fan,80.0,6.4,3.0,46.08,368.64,8.0,1536.0,Medium,Summer,False
90,May,Living Room,AC,1563.0,6.3,2.0,590.81,4726.51,8.0,19693.8,high,Spring,True
707,Jul,Bedroom, Heater  ,1267.0,1.6,2.0,121.63,973.06,8.0,4054.4,high,Summer,False
893,Aug,N/A,Washing Machine,766.0,1.0,2.0.0,45.96,367.68,8.0,,Med,Summer,True
422,Oct,Living Room,TV,112.0,4.4,3.0,44.35,354.82,8.0,1478.4,Med,Autumn,False
355,Aug,drawing room,Computer,324.0,2.7,2.0.0,52.49,419.9,8.0,,Med,Summer,False
590,Jan, Drawing Room  ,TV,,4.8,2.0,0.02966,237.31,8001.01,,low,Winter,False
780,Jan,BEDROOM,Fan,62.0,13.6,3.0,75.89,607.1,8.0,2529.6,Medium,Winter,False
898,Jun, Dining Room  ,FAN,63.0,17.6,3.0,99.79,798.34,8.0,3326.4,Medium,Summer,False
224,Aug,Living Room,AC,,8.0,100.0,733.92,5871.36,8.0,,high,Summer,True
749,Nov,Dining Room,,70.0,1639.9999999999998,3.0,103.32,826.56,8.0,344400.0,high,Autumn,
614,May,living room, TV  ,179.0,,2.0,41.89,335.09,8.0,,Medium,Spring,False
638,January,Drawing Room,Light,32.0,8.4,2.0,16.13,129.02,8.0,537.6,low,,False
889,MAR,-,LIGHT,38.0,8.7,3.0,29.75,238.03,8.0,991.8,Medium,,False
996,Oct,Bathroom,n/a,90.0,9.9,2.0,53.46,427.68,8.0,1782.0,Med,Autumn,False
63,Apr, Living Room  ,Light,23.0,8.7,1.0,6.0,48.02,8.0,200.1,Low,Spring,False
415,Nov,Bedroom,Fan,74.0,9.4,2.0,41.74,333.89,8.0,1391.2,Med,Autumn,False
887,June,Bathroom,Heater,953.0,-2.1,1.0,60.04,480.31,8.0,-2001.3,Medium,,False
31,nov, Living Room  ,Computer,366.0,4.2,2.0,92.23,737.86,8.0,3074.4,Medium,,False
893,May,Bathroom,Fan,75.0,7.2,2.0,32.4,259.2,8.0,1080.0,medium,Spring,False
811,sep,Bedroom, Fan  ,67.0,17.3,3.0,104.32,834.55,8.0,3477.3,high,,False
954,JAN,LIVING ROOM, Light  ,30.0,6.1,3.0,16.47,131.76,8.0,549.0,low,,False
288,Oct, Bedroom  ,,-1029.0,,3.0.0,129.65,1037.23,8.0,,High,Autumn,
474,Apr,Kitchen,FRIDGE,232.0,20.2,2.0,281.18,2249.47,8.0,9372.8,High,Spring,True
310,Sep,Bedroom,tv,173.0,5.5,1.0,28.55,228.36,8.0,951.5,medium,Autumn,False
81,mar,Dining Room,Fan,57.0,15.4,1.0,,210.67,,877.8,,,False
708,FEB, Dining Room  , Fan  ,87.0,9.9,100.0,51.68,413.42,8.0,86130.0,medium,,False
825,Nov,Kitchen,light,36.0,5.9,2.0,0.01274,101.95,8002.35,424.8,low,Autumn,False
31,Feb,Bedroom,Light,36.0,3.1,2.0,6.7,53.57,8.0,223.2,low,Winter,False
279,Jul,Drawing_Room,tv,118.0,4.2,2.0,29.74,237.89,8.0,991.2,Medium,Summer,False
570,Sep,Dining Room,مش عارف,18.0,5.5,2.0,5.94,47.52,8.0,198.0,Low,Autumn,False
882,Sep,DINING ROOM, Light  ,18.0,9.0,3.0,14.58,116.64,8.0,486.0,low,Autumn,False
575,Jul,Living Room,Fan,53.0,10.4,1.0,16.54,132.29,8.0,551.2,low,Summer,False
648,Apr,LIVING ROOM,AC,1416.0,7.4,1.0,314.35,2514.82,8.0,10478.4,HIGH,Spring,True
627,May,Drawing Room,AC,1533.0,3.0,2.0,275.94,2207.52,8.0,9198.0,High,Spring,True
129,,Living Room,na,203.0,5.9,2.0,71.86,574.9,8.0,2395.4,Med,,False
612,Sep,Drawing_Room,Light,22.0,4.1,1.0,2.71,21.65,7.99,90.2,low,Autumn,False
415,January,Kitchen,microwave,921.0,0.4,2.0,22.1,176.83,8.0,736.8,Medium,,True
231,AUG,Kitchen,Microwave,691.0,0.4,3.0,24.88,,,829.2,Med,,True
969,feb,BEDROOM,TV,165.0,4.0,2.0,39.6,316.8,8.0,1320.0,Med,,False
120,Nov,Dining_Room,Fan,54.0,6.2,1.0,10.04,80.35,8.0,334.8,Low,Autumn,False
895,nov,Bedroom,AC,1857.0,3.7,1.0,206.13,1649.02,8.0,6870.9,High,,True
589,Apr,Drawing_Room,AC,1853.0,,2.0,1022.86,,,,HIGH,Spring,True
280,Nov,living room,FAN,63.0,16.0,2.0,60.48,483.84,8.0,2016.0,medium,Autumn,False
271,Jun,Living Room,fan,80.0,9.4,2.0,45.12,360.96,8.0,1504.0,Medium,Summer,False
854,Sep,Drawing Room,Computer,245.0,7.2,2.0,105.84,846.72,8.0,3528.0,High,Autumn,False
119,March,Dining Room, Light  ,22.0,9.3,1.0,6.14,49.1,8.0,204.6,low,,False
841,Oct,na,AC,1432.0,9.7,3.0,1250.14,10001.09,8.0,41671.2,HIGH,Autumn,True
51,Mar,KITCHEN,FRIDGE,101.0,19.4,3.0,176.35,1410.77,8.0,5878.2,HIGH,Spring,True
586,Aug,DINING ROOM,N/A,39.0,6.9,3.0,24.22,193.75,8.0,807.3,Med,Summer,False
 424 ,April,drawing room,Computer,325.0,4.5,2.0,87.75,702.0,8.0,2925.0,Medium,,False
204,Mar,living room,TV,187.0,4.8,2.0,53.86,430850.0,7999.44,1795.2,medium,Spring,False
233,May,bedroom,Computer,180.0,7.9,3.0,127.98,,,4266.0,High,Spring,False
184,Feb,Dining Room,FAN,65.0,13.5,1.0,26.32,210.6,8.0,877.5,Med,Winter,False
663,Nov,Bedroom,Computer,333.0,7.7,1.0,76.92,615.38,8.0,2564.1,Med,Autumn,False
326,Apr,Bathroom,Fan,61.0,13.7,3.0,75.21,601.7,8.0,2507.1,medium,Spring,False
954,Jun, Living Room  , Fan  ,64.0,919.9999999999999,3.0.0,52.99,423.94,8.0,,Medium,Summer,False
444,December,Dining Room,Fan,89.0,8.1,3.0,64.88,519.05,8.0,2162.7,Med,,False
178,May,dining room,Fan,76.0,13.2,2.0,60.19,481.54,8.0,2006.4,Medium,Spring,False
159,May,Bathroom, Fan  ,53.0,16.0,2.0,50.88,407.04,8.0,1696.0,medium,Spring,False
112,Sep,,Washing_Machine,412.0,0.7,1.0,8.65,69.22,8.0,288.4,Low,Autumn,True
804,Feb,dining room,Fan,59.0,8.4,2.0,29.74,237.89,8.0,991.2,Medium,Winter,False
671,May,Drawing Room,Light,21.0,8.4,2.0,,84.67,,352.8,,Spring,False
813,MAR,Drawing_Room,TV,125.0,4.8,1.0,18.0,144.0,8.0,600.0,Low,,False
639,May, Kitchen  , Washing Machine  ,755.0,1.6,2.0,72.48,579.84,8.0,2416.0,Medium,Spring,True
691,Nov,drawing room,TV,98.0,4.7,1.0,13.82,110.54,8.0,460.6,low,Autumn,False
866,Mar,LIVING ROOM,Computer,286.0,9.4,3.0,241.96,1935.65,8.0,8065.2,high,Spring,False
840,Jun,Dining Room,Light,32.0,8.8,2.0,16.9,135.17,8.0,563.2,Low,Summer,False
440,Jun,DRAWING ROOM,Fan,66.0,6.4,1.0,12.67,101.38,8.0,422.4,Low,Summer,False
904,September,Bathroom,Washing Machine,471.0,0.7,3.0.0,29.67,237.38,8.0,,Medium,,True
434,Aug,DRAWING ROOM,Light,15.0,,,10.94,87.48,8.0,,low,Summer,False
476,Oct,Bathroom,Fan,51.0,17.2,3.0,78.95,631.58,8.0,2631.6,Med,Autumn,False
636,Jul,Drawing Room, AC  ,1540.0,9.2,2.0,,6800.64,,28336.0,,Summer,True
624,March,,FAN,84.0,8.5,1.0,21.42,171.36,8.0,714.0,Medium,,False
458,JUN,bedroom,Light,35.0,8.9,2.0,18.69,149.52,8.0,623.0,Low,,False
666,FEB,Dining Room,Fan,57.0,12.7,2.0,43.43,347.47,8.0,1447.8,medium,,False
231,Feb, Drawing Room  ,AC,1322.0,3.1,2.0,245.89,1967.14,8.0,8196.4,high,Winter,True
657,OCT,Bathroom,Fan,58.0,7.8,3.0,40.72,325.73,8.0,1357.2,medium,,False
235,,kitchen,light,36.0,5.5,3.0,17.82,142.56,8.0,594.0,low,,False
1000,feb,,Fan,?,9.7,1.0,16.59,132.7,8.0,,Low,,False
140,Aug,LIVING ROOM, AC  ,188200.0,unknown,3.0,389.57,3116.59,8.0,,high,Summer,True
774,Feb,living room,,38.0,,3.0.0,12.65,101.23,8.0,,low,Winter,
564,Mar,kitchen,Fan,error,15.6,2.0.0,68.33,546.62,8.0,,Med,Spring,False
220,Nov,DRAWING ROOM, Light  ,21.0,7.0,1.0,4.41,35.28,8.0,147.0,low,Autumn,False
578,Oct,Bathroom,Washing_Machine,680.0,1.9,1.0,38.76,310.08,8.0,1292.0,Medium,Autumn,True
723,March,Drawing Room,LIGHT,19.0,4.2,1.0,2.39,19.15,8.01,79.8,Low,,False
853,Apr,Bathroom,heater,982.0,1.9,2.0,111.95,895.58,8.0,3731.6,HIGH,Spring,False
738,may,Bedroom,AC,-1726.0,5.6,1.0.0,289.97,2319.74,8.0,,HIGH,,True
943,February,LIVING ROOM,Light,34.0,6.5,1.0,6.63,53.04,8.0,221.0,low,,False
525,June,Kitchen,fridge,170.0,20.5,2.0,209.1,1672.8,8.0,6970.0,high,,True
441,Jun,Living Room,TV,152.0,3.5,2.0,31.92,255.36,8.0,1064.0,medium,Summer,False
187,January,Bedroom,ac,1989.0,9.9,2.0,1181.47,9451.73,8.0,39382.2,High,,True
495,Nov,Living_Room, Light  ,22.0,4.8,2.0,6.34,50.69,8.0,211.2,low,Autumn,False
656,Nov, Bathroom  ,HEATER,1223.0,2.8,1.0,102.73,821.86,8.0,3424.4,High,Autumn,False
716,April,KITCHEN,-,64.0,17.1,1.0,32.83,262.66,8.0,1094.4,Medium,,False
242,Jun,Dining Room,Fan,64.0,11.3,2.0,43.39,347.14,8.0,1446.4,Medium,Summer,False
181,Mar,Drawing Room, Computer  ,151.0,4.7,3.0,63.87,510.98,8.0,2129.1,Med,Spring,False
260,,Living Room,,377.0,5.9,150.0.0,200.19,1601.5,8.0,,High,,
677,November,Living_Room,Fan,62.0,15.4,3.0,85.93,687.46,8.0,2864.4,Med,,False
114,dec,Drawing Room,TV,185.0,2.4,1.0,,106.56,,444.0,,,False
453,jul, Kitchen  , Microwave  ,955.0,0.1,,2.87,22.92,7.99,,Low,,True
835,Oct,DINING ROOM,LIGHT,32.0,3.6,2.0,6.91,55.3,8.0,230.4,Low,Autumn,False
519,Nov,DRAWING ROOM,,1916.0,8.1,1.0,465.59,3724.7,8.0,15519.6,HIGH,Autumn,
295,Jan,Living Room, TV  ,137.0,5.1,2.0,41.92,335.38,8.0,1397.4,Med,Winter,False
120,August,Dining_Room,FAN,69.0,15.7,2.0,65.0,519.98,8.0,2166.6,Med,,False
7,Dec,KITCHEN,Light,37.0,9.6,1.0.0,10.66,85.25,8.0,,low,Winter,False
866,June, Living Room  ,Computer,299.0,3.4,3.0,91.49,731.95,8.0,3049.8,Med,,False
 441 ,Dec,Dining_Room,light,28.0,3.8,2.0,6.38,51.07,8.0,212.8,Low,Winter,False
523,may, Dining Room  ,?,30.0,9.6,1.0,8.64,69.12,8.0,288.0,Low,,False
689,Jan,bedroom,TV,171.0,2.5,3.0,,307.8,,1282.5,,Winter,False
910,Nov,LIVING ROOM,Fan,53.0,15.7,1.0,24.96,199.7,8.0,832.1,medium,Autumn,False
535,Aug,Drawing Room,AC,1567.0,8.7,3.0,1226.96,9815.69,8.0,40898.7,High,Summer,True
881,feb,Dining Room,Fan,,15.5,3.0,111.6,892.8,8.0,,high,,False
922,Nov,kitchen,Microwave,983.0,0.4,3.0,35.39,283.1,8.0,1179.6,medium,Autumn,True
153,Mar,KITCHEN,Microwave,973.0,,2.0,11.68,93.41,8.0,,low,Spring,True
340,Jun, Bathroom  ,WASHING MACHINE,796.0,1.7,1.0,40.6,324.77,8.0,1353.2,medium,Summer,True
960,APR,Bedroom,Computer,295.0,6.3,1.0,55.76,446.04,8.0,1858.5,Med,,False
415,August,Kitchen,LIGHT,35.0,3.1,1.0,3.25,,,108.5,Low,,False
526,Sep,drawing room, AC  ,1479.0,8.6,3.0,1144.75,9157.97,8.0,38158.2,high,Autumn,True
692,May,Dining_Room,Light,22.0,5.7,3.0,11.29,90.29,8.0,376.2,low,Spring,False
959,feb,Bedroom,computer,270.0,2.7,3.0,65.61,524.88,8.0,2187.0,Medium,,False
303,Jul,Drawing Room,AC,1024.0,5.3,3.0,488.45,3907.58,8.0,16281.6,high,Summer,True
46,Sep,BEDROOM,,146.0,4.0,1.0.0,17.52,140.16,8.0,,low,Autumn,
259,Oct,Kitchen,LIGHT,26.0,7.7,1.0,6.01,48.05,8.0,200.2,low,Autumn,False
336,Oct,living room,Fan,76.0,14.2,1.0,32.38,259.01,8.0,1079.2,Medium,Autumn,False
711,May,DINING ROOM,?,14.0,8.6,2.0,7.22,57.79,8.0,240.8,Low,Spring,False
876,Aug,Living Room,Unknown,89.0,14.5,3.0,116.14,929.16,8.0,3871.5,High,Summer,False
265,APR,Kitchen,WASHING MACHINE,439.0,1.2,2.0,31.61,252.86,8.0,1053.6,Medium,,True
375,aug, Bathroom  ,fan,84.0,12.3,,31.0,247.97,8.0,,medium,,False
328,Jun,Drawing_Room,Computer,308.0,3.6,3.0,,798.34,,3326.4,,Summer,False
39,June,,Fan,81.0,14.0,3.0,102.06,816.48,8.0,3402.0,high,,False
566,May,BATHROOM, Fan  ,56.0,9.1,2.0,30.58,244.61,8.0,1019.2,Med,Spring,False
68,Nov, Drawing Room  ,,51.0,13.5,,41.31,330.48,8.0,,Med,Autumn,
406,DEC,Drawing Room,Fan,73.0,15.2,3.0,99.86,798.91,8.0,3328.8,Medium,,False
469,Jun,,Light,30.0,4.2,2.0,7.56,60.48,8.0,252.0,Low,Summer,False
886,sep,Drawing_Room, AC  ,1610.0,9.2,3.0.0,1333.08,10664.64,8.0,,HIGH,,True
980,July, Living Room  ,Fan,51.0,7.7,2.0,23.56,188.5,8.0,785.4,medium,,False
918,Apr,bedroom,computer,156.0,,2.0,92.66,741.31,8.0,,Med,Spring,False
813,Apr,DRAWING ROOM,computer,295.0,4.7,1.0,41.59,332.76,8.0,1386.5,medium,Spring,False
897,jun,Living Room,Light,,7.5,1.0,3.15,25.2,8.0,,low,,False
111,December,,fan,70.0,16.3,,68.46,547.68,8.0,,medium,,False
150,Jun,Dining Room, Light  ,11.0,4.6,2.0,3.04,24.29,7.99,101.2,Low,Summer,False
537,March,Bedroom,HEATER,1087.0,1.0,1.0,32.61,260.88,8.0,1087.0,medium,,False
211,feb,Living Room,LIGHT,13.0,9.8,,11.47,91.73,8.0,,Low,,False
519,Jun,Bedroom,Heater,1241.0,3.8,1.0,141.47,1131.79,8.0,4715.8,HIGH,Summer,False
515,Feb,Drawing Room,AC,1991.0,6.4,1.0,382.27,3058.18,8.0,12742.4,HIGH,Winter,True
595,Jun,Living Room,TV,164.0,2.6,2.0,25.58,204.67,8.0,852.8,Medium,Summer,False
522,dec,kitchen, Microwave  ,879.0,0.4,2.0,21.1,168.77,8.0,703.2,Med,,True
943,July, Kitchen  ,washing machine,700.0,1.4,1.0,29.4,235.2,8.0,980.0,Med,,True
536,na,,Washing Machine,692.0,,3.0,118.33,946.66,8.0,,high,,True
986,OCT,Bedroom,Heater,1268.0,4.0,2.0,304.32,2434.56,8.0,10144.0,HIGH,,False
940,Sep,Dining Room,LIGHT,11.0,7.9,1.0,2.61,20.86,7.99,86.9,low,Autumn,False
873,Jan,DRAWING ROOM,TV,109.0,2.1,2.0,13.73,109.87,8.0,457.8,Low,Winter,False
759,Jul,,Fan,82.0,10.8,2.0,53.14,425.09,8.0,1771.2,Med,Summer,False
765,May,Bedroom, TV  ,182.0,4.6,1.0,25.12,200.93,8.0,837.2,Med,Spring,False
345,Mar,Bedroom,ac,1484.0,9.9,1.0,440.75,3525.98,8.0,14691.6,High,Spring,True
54,May,Bedroom,Heater,,1.4,1.0,58.67,469.39,8.0,,medium,Spring,False
893,oct,bedroom,AC,1616.0,5.1,2.0,494.5,3955.97,8.0,16483.2,High,,True
218,Jan,Dining Room,LIGHT,19.0,6.0,1.0.0,3.42,27.36,8.0,,low,Winter,False
139,Dec,Living Room,TV,72.0,4.6,3.0,29.81,238.46,8.0,993.6,Medium,Winter,False
126,Sep,Bedroom, Light  ,15.0,,1.0,1.49,11.88,7.97,,low,Autumn,False
582,Oct, Living Room  ,Light,30.0,390.0,3.0,10.53,84.24,8.0,35100.0,Low,Autumn,False
907,Nov,Unknown,LIGHT,22.0,6.4,3.0,12.67,101.38,8.0,422.4,Low,Autumn,False
177,Jan,Living Room,TV,96.0,3.0,3.0,25.92,207.36,8.0,864.0,Med,Winter,False
959,Feb,Bathroom,Light,,5.4,2.0,7.78,62.21,8.0,,low,Winter,False
435,Jan,Kitchen, Light  ,39.0,9.6,3.0,33.7,269.57,8.0,1123.2,medium,Winter,False
417,Nov,Living Room,Light,31.0,4.7,1.0.0,4.37,34.97,8.0,,Low,Autumn,False
978,Jan, Living Room  ,fan,-64.0,13.7,3.0,78.91,631.3,8.0,-2630.4,medium,Winter,False
952,May,DRAWING ROOM,Computer,171.0,4.4,3.0,67.72,541.73,8.0,2257.2,Medium,Spring,False
612,Dec, Kitchen  ,WASHING MACHINE,447.0,1.3,2.0,34.87,278.93,8.0,1162.2,Med,Winter,True
240,Nov,,FAN,57.0,12.4,2.0,42.41,339.26,8.0,1413.6,Med,Autumn,False
28,Nov,مجهول,,61.0,8.9,2.0,32.57,260.59,8.0,1085.8,Med,Autumn,
992,Feb,BEDROOM,Light,37.0,3.7,1.0,4.11,32.86,8.0,136.9,Low,Winter,False
516,November,BEDROOM,Fan,56.0,8.3,1.0,13.94,111.55,8.0,464.8,low,,False
46,Jan,living room,AC,N/A,,2.0,279.59,2236.7,8.0,,high,Winter,True
381,May,DINING ROOM,FAN,52.0,8.0,3.0,37.44,299.52,8.0,1248.0,medium,Spring,False
876,Sep, Dining Room  ,LIGHT,38.0,5.6,2.0,12.77,102.14,8.0,425.6,Low,Autumn,False
471,May,BATHROOM,Light,21.0,6.8,2.0,8.57,68.54,8.0,285.6,Low,Spring,False
650,January, Bathroom  ,LIGHT,11.0,10.0,1.0,3.3,26.4,8.0,110.0,low,,False
595,Aug,LIVING ROOM,TV,118.0,4.8,2.0,33.98,271.87,8.0,1132.8,Med,Summer,False
926,August,, Light  ,12.0,3.3,3.0,3.56,,,118.8,low,,False
 422 ,na,Kitchen,LIGHT,13.0,7.8,2.0,6.08,48.67,8.0,202.8,low,,False
331,Aug,BEDROOM,Computer,332.0,3.1,1.0.0,30.88,247.01,8.0,,Medium,Summer,False
603,Oct,kitchen,microwave,872.0,0.3,1.0,7.85,62.78,8.0,261.6,Low,Autumn,True
206,Jan,Kitchen,fan,-73.0,-12.5,2.0,54.75,438.0,8.0,1825.0,Medium,Winter,False
716,May,Living Room,COMPUTER,214.0,670.0,2.0,86.03,688.22,8.0,286760.0,Med,Spring,False
422,Dec,Dining Room, Light  ,37.0,9.4,3.0,31.3,250.42,8.0,1043.4,Med,Winter,False
132,Jan,living room,Light,13.0,7.8,1.0,3.04,24.34,8.01,101.4,Low,Winter,False
877,Oct, Bathroom  ,HEATER,1260.0,2.6,2.0.0,196.56,1572.48,8.0,,HIGH,Autumn,False
301,Aug,Kitchen,Fan,61.0,17.9,,65.51,524.11,8.0,,Medium,Summer,False
422,Dec,Bathroom, Heater  ,902.0,2.2,3.0,178.6,1428.77,8.0,5953.2,high,Winter,False
34,jun,Unknown,AC,1719.0,8.6,1.0,,3548.02,,14783.4,,,True
175,Mar,living room,ac,1812.0,6.2,3.0,1011.1,8088.77,8.0,33703.2,HIGH,Spring,True
634,Aug,Kitchen,Microwave,605.0,0.2,3.0,10.89,87.12,8.0,363.0,Low,Summer,True
12,Feb, Bedroom  , Light  ,13.0,9.2,3.0,10.76,86.11,8.0,358.8,Low,Winter,False
955,, Living Room  ,AC,1865.0,2.2,2.0,246.18,,,8206.0,high,,True
34,Feb,living room,tv,114.0,4.1,2.0,28.04,224.35,8.0,934.8,Medium,Winter,False
37,Sep,living room,TV,143.0,-509.99999999999994,3.0,65.64,525.1,8.0,-218790.0,Med,Autumn,False
846,Apr, Drawing Room  ,ac,1150.0,990.0,1.0,341.55,2732.4,8.0,1138500.0,HIGH,Spring,True
362,Feb, Kitchen  ,Microwave,613.0,0.2,1.0,3.68,29.42,7.99,122.6,Low,Winter,True
744,Sep,Kitchen,na,62.0,7.9,3.0,44.08,352.66,8.0,1469.4,Medium,Autumn,False
 448 ,May,LIVING ROOM,AC,1793.0,9.3,2.0,1000.49,8003.95,8.0,33349.8,High,Spring,True
919,Dec,Living_Room,COMPUTER,351.0,6.7,3.0,211.65,1693.22,8.0,7055.1,High,Winter,False
25,May,LIVING ROOM,ac,1250.0,8.3,3.0,0.93375,7470.0,8000.0,31125.0,low,Spring,True
721,Jul,kitchen,Fridge,122.0,22.0,1.0,80.52,644.16,8.0,2684.0,medium,Summer,True
119,Oct,Dining_Room,LIGHT,error,6.5,1.0.0,6.63,53.04,8.0,,low,Autumn,False
672,Dec,Drawing Room,Light,39.0,3.1,2.0,7.25,58.03,8.0,241.8,Low,Winter,False
963,Apr,Drawing_Room,AC,,3.4,2.0,255.2,2041.63,8.0,,high,Spring,True
662,Mar, Bedroom  ,COMPUTER,,5.9,3.0,184.79,1478.3,8.0,,High,Spring,False
435,Apr,LIVING ROOM,Computer,151.0,5.0,2.0,45.3,362.4,8.0,1510.0,Med,Spring,False
185,jun,kitchen,,252.0,21.5,2.0.0,325.08,2600.64,8.0,,high,,
323,Nov, Kitchen  ,FAN,66.0,8.8,2.0,34.85,278.78,8.0,1161.6,medium,Autumn,False
879,November,Drawing_Room,COMPUTER,312.0,5.7,3.0.0,160.06,1280.45,8.0,,High,,False
805,Sep,bedroom,light,29.0,8.5,2.0.0,14.79,118.32,8.0,,Low,Autumn,False
229,jan,unknown, Fan  ,90.0,15.2,1.0,41.04,328.32,8.0,1368.0,medium,,False
52,Apr,bathroom,Washing Machine,737.0,1.1,1.0,24.32,,,810.7,Med,Spring,True
985,Aug,Bedroom,Fan,65.0,9.1,3.0,53.23,425.88,8.0,1774.5,Medium,Summer,False
344,March, Living Room  ,Computer,,3.0,1.0,12.51,100.08,8.0,,low,,False
971,Apr,Living_Room,tv,138.0,3.4,2.0,,225.22,,938.4,,Spring,False
496,Apr, Living Room  , TV  ,62.0,4.7,1.0,8.74,69.94,8.0,291.4,low,Spring,False
186,Aug,bedroom,Computer,350.0,3.4,1.0,35.7,285.6,8.0,1190.0,Medium,Summer,False
274,n/a,Bedroom,AC,1408.0,9.4,2.0,,6352.9,,26470.4,,,True
197,August,BATHROOM,WASHING MACHINE,652.0,0.8,2.0,31.3,250.37,8.0,1043.2,Med,,True
109,September, Drawing Room  ,Fan,77.0,7.7,2.0,35.57,284.59,8.0,1185.8,medium,,False
198,May,,Light,14.0,3.9,2.0,3.28,26.21,7.99,109.2,low,Spring,False
672,oct,Kitchen, Fridge  ,122.0,20.6,1.0,75.4,603170.0,7999.6,2513.2,medium,,True
722,OCT,Living Room,Computer,216.0,8.4,2.0,108.86,870.91,8.0,3628.8,HIGH,,False
155,Jun,Drawing_Room,Fan,,15.3,2.0,57.83,462.67,8.0,,medium,Summer,False
623,Oct,Dining Room,Light,10.0,4.5,3.0,4.05,32.4,8.0,135.0,low,Autumn,False
314,Mar,Kitchen,Washing_Machine,408.0,1.2,3.0,44.06,352.51,8.0,1468.8,medium,Spring,True
681,JAN,Living Room,,386.0,8.8,1.0,101.9,815.23,8.0,3396.8,High,,
277,February,Bedroom,COMPUTER,183.0,8.3,1.0,45.57,364.54,8.0,1518.9,Med,,False
507,Apr,Kitchen,fan,85.0,9.3,,0.023719999999999998,189.72,7998.31,,low,Spring,False
197,Dec, Bedroom  ,Light,20.0,3.8,3.0,6.84,54.72,8.0,228.0,low,Winter,False
253,May,bathroom,Unknown,1194.0,4.0,2.0,286.56,2292.48,8.0,9552.0,HIGH,Spring,False
806,nov,DINING ROOM, Light  ,17.0,6.3,2.0.0,6.43,51.41,8.0,,Low,,False
972,Jul,kitchen,Fan,59.0,,3.0,70.09,560.74,8.0,,Medium,Summer,False
841,,Dining Room,light,37.0,6.1,3.0,20.31,162.5,8.0,677.1,Med,,False
222,Dec,Dining_Room,Fan,72.0,8.9,2.0.0,38.45,,,,Medium,Winter,False
668,Sep,Bedroom,LIGHT,36.0,5.2,3.0,16.85,134.78,8.0,561.6,Low,Autumn,False
274,April, Living Room  ,COMPUTER,114.0,4.1,3.0,42.07,336.53,8.0,1402.2,Medium,,False
626,May,Living Room,fan,78.0,12.0,3.0,84.24,673.92,8.0,2808.0,medium,Spring,False
798,Oct,Bedroom,Heater,868.0,2.0,2.0,,833.28,,3472.0,,Autumn,False
399,sep,dining room, Fan  ,50.0,12.5,1.0,18.75,150.0,8.0,625.0,Low,,False
229,Apr,Kitchen,fridge,193.0,18.2,3.0,316.13,2529070.0,8000.09,10537.8,HIGH,Spring,True
558,Nov,Kitchen,FRIDGE,161.0,20.4,,197.06,1576.51,8.0,,High,Autumn,True
605,Feb,Bedroom,N/A,error,5.7,2.0,89.26,714.1,8.0,,Medium,Winter,False
867,, Dining Room  ,FAN,60.0,760.0,2.0,27.36,218.88,8.0,91200.0,medium,,False
531,Dec,مش عارف,tv,148.0,4.2,3.0.0,55.94,447.55,8.0,,Med,Winter,False
346,Sep, Bedroom  ,Heater,1211.0,2.3,3.0,250.68,2005.42,8.0,8355.9,high,Autumn,False
119,may,Dining Room,Fan,75.0,,1.0,35.33,282.6,8.0,,medium,,False
492,May, Bathroom  ,washing machine,539.0,1.7,2.0.0,54.98,439.82,8.0,,medium,Spring,True
543,Aug,Living Room, AC  ,968.0,9.7,2.0,563.38,4507.01,8.0,18779.2,high,Summer,True
41,mar,,Light,,6.1,2.0,13.54,108.34,8.0,,low,,False
684,Apr,Living Room,tv,114.0,,2.0,25.99,207.94,8.0,,Med,Spring,False
503,November,kitchen,Fridge,234.0,23.4,1.0,164.27,1314.14,8.0,5475.6,High,,True
718,Apr,living room,light,25.0,4.9,2.0,7.35,58.8,8.0,245.0,Low,Spring,False
538,August,Dining Room,Fan,,12.4,1.0.0,24.55,196.42,8.0,,Med,,False
980,October,Kitchen, Light  ,40.0,4.2,3.0,15.12,120.96,8.0,504.0,low,,False
80,July,,Light,22.0,10.0,1.0,unknown,52.8,,220.0,,,False
250,Sep,Drawing Room,LIGHT,39.0,3.9,3.0,13.69,109.51,8.0,456.3,low,Autumn,False
572,Apr,Kitchen,FAN,59.0,12.9,2.0,45.67,365.33,8.0,1522.2,Med,Spring,False
441,Dec,Living Room,TV,76.0,2.1,3.0,14.36,114.91,8.0,478.8,low,Winter,False
483,FEB,drawing room,Computer,353.0,2.5,1.0,26.48,211.8,8.0,882.5,Medium,,False
542,Oct,bathroom,,58.0,7.7,2.0,26.8,214.37,8.0,893.2,Medium,Autumn,
284,May,bedroom,Fan,51.0,11.7,1.0,17.9,143.21,8.0,596.7,low,Spring,False
68,Jun,bedroom,HEATER,863.0,3.5,1.0,90.61,724.92,8.0,3020.5,Medium,Summer,False
346,Jun,living room,TV,137.0,4.8,3.0,59.18,473470.0,8000.51,1972.8,medium,Summer,False
723,March,Drawing Room,,64.0,7.0,3.0,40.32,322.56,8.0,1344.0,Medium,,
327,Nov,Kitchen,FAN,71.0,14.9,3.0,95.21,761.69,8.0,3173.7,Medium,Autumn,False
478,nov,Bedroom,TV,70.0,4.8,1.0,10.08,80.64,8.0,336.0,Low,,False
917,Jan,bedroom,TV,146.0,3.9,1.0,17.08,136.66,8.0,569.4,Low,Winter,False
572,Jul,Kitchen,FRIDGE,N/A,20.5,1.0,175.28,1402.2,8.0,,high,Summer,True
195,Apr,-,MICROWAVE,1178.0,0.4,2.0,28.27,226.18,8.0,942.4,medium,Spring,True
926,SEP,Dining Room,light,13.0,9.8,3.0,11.47,91.73,8.0,382.2,Low,,False
469,Jun,Drawing Room,Computer,134.0,4.4,3.0,53.06,424.51,8.0,1768.8,Medium,Summer,False
116,jun,Kitchen,Light,39.0,8.9,2.0,20.83,166.61,8.0,694.2,Medium,,False
214,Jul,dining room, Light  ,11.0,4.9,1.0,1.62,12.94,7.99,53.9,low,Summer,False
128,May,Bathroom,Light,39.0,3.8,2.0,8.89,71.14,8.0,296.4,low,Spring,False
392,Sep,living room,LIGHT,34.0,8.3,2.0,,135.46,,564.4,,Autumn,False
11,Aug,Kitchen,light,22.0,7.7,2.0.0,10.16,81.31,8.0,,low,Summer,False
52,Apr, Kitchen  ,Washing Machine,530.0,1.9,1.0,30.21,241.68,8.0,1007.0,medium,Spring,True
436,Feb,Drawing Room, Computer  ,337.0,600.0,2.0,121.32,970.56,8.0,404400.0,high,Winter,False
776,May,مش عارف, Light  ,29.0,6.5,2.0,11.31,90.48,8.0,377.0,Low,Spring,False
 250 ,Dec,LIVING ROOM,TV,183.0,2.7,2.0,29.65,237.17,8.0,988.2,Medium,Winter,False
955,Jan,Living Room,TV,81.0,4.9,3.0,35.72,285.77,8.0,1190.7,Med,Winter,False
96,Jul, Living Room  , AC  ,1027.0,10.0,2.0,616.2,4929.6,8.0,20540.0,HIGH,Summer,True
380,Jan,Dining Room,Light,40.0,8.8,1.0,10.56,84.48,8.0,352.0,low,Winter,False
104,Jul,Kitchen, Fan  ,82.0,11.7,1.0,28.78,230.26,8.0,959.4,Med,Summer,False
453,Jul, Drawing Room  , Computer  ,354.0,2.9,,92.39,739.15,8.0,,Medium,Summer,False
490,Mar,Bathroom,Washing_Machine,732.0,1.7,3.0,112.0,895.97,8.0,3733.2,High,Spring,True
593,Mar,kitchen,LIGHT,10.0,5.7,2.0,3.42,27.36,8.0,114.0,low,Spring,False
279,Nov,na, AC  ,error,8.0,1.0,272.4,2179.2,8.0,,HIGH,Autumn,True
710,August,LIVING ROOM,TV,79.0,5.7,1.0,13.51,108.07,8.0,450.3,Low,,False
839,Jan,Dining Room,FAN,68.0,9.3,2.0,37.94,303.55,8.0,1264.8,medium,Winter,False
540,Mar,BEDROOM,Heater,-1236.0,3.2,2.0,237.31,1898.5,8.0,-7910.4,HIGH,Spring,False
141,April,DINING ROOM,Light,14.0,9.3,3.0,11.72,93.74,8.0,390.6,Low,,False
443,March,Bedroom,AC,1653.0,8.9,1.0,441.35,3530.81,8.0,14711.7,HIGH,,True
409,June,Unknown,Fan,62.0,11.7,3.0,65.29,,,2176.2,medium,,False
765,jul,Bedroom,LIGHT,35.0,9.2,3.0,28.98,231.84,8.0,966.0,medium,,False
147,Nov,Bedroom,HEATER,980.0,1.6,3.0.0,141.12,1128.96,8.0,,HIGH,Autumn,False
734,JAN, Dining Room  ,light,29.0,6.7,3.0,17.49,139.9,8.0,582.9,low,,False
496,Aug, Drawing Room  ,Fan,57.0,7.6,2.0,25.99,207.94,8.0,866.4,Med,Summer,False
609,Oct,Drawing Room,COMPUTER,198.0,2.5,2.0,29.7,,,990.0,medium,Autumn,False
621,Oct,Bedroom, Computer  ,371.0,5.6,3.0,186.98,1495.87,8.0,6232.8,High,Autumn,False
614,April,Bathroom,light,17.0,6.1,1.0,3.11,24.89,8.0,103.7,low,,False
29,June,Bathroom,Washing Machine,541.0,0.6,3.0,29.21,233.71,8.0,973.8,medium,,True
130,May,living room,Computer,111.0,5.5,2.0,36.63,293.04,8.0,1221.0,medium,Spring,False
143,JAN,BATHROOM,,17.0,4.4,2.0,4.49,35.9,8.0,149.6,Low,,
414,Nov,dining room,Fan,52.0,14.1,3.0,65.99,527.9,8.0,2199.6,Med,Autumn,False
533,Jul,Living Room,Fan,55.0,8.8,2.0,29.04,232.32,8.0,968.0,Med,Summer,False
642,NOV,Bedroom,Heater,1252.0,1.1,2.0,82.63,661.06,8.0,2754.4,Med,,False
357,apr,LIVING ROOM,COMPUTER,293.0,8.2,3.0,216.23,1729.87,8.0,7207.8,High,,False
282,December, Bathroom  ,fan,59.0,12.4,1.0,21.95,175.58,8.0,731.6,Medium,,False
38,Oct,Bedroom,Heater,1222.0,3.1,2.0,227.29,,,7576.4,HIGH,Autumn,False
455,Sep, Living Room  ,Computer,282.0,8.8,1.0,74.45,595.58,8.0,2481.6,Medium,Autumn,False
750,October,Bedroom,Light,38.0,6.3,1.0,7.18,57.46,8.0,239.4,Low,,False
800,Oct,Dining Room,Light,15.0,3.9,1.0,1.75,14.04,8.02,58.5,low,Autumn,False
537,February,Bedroom,fan,54.0,15.8,3.0,76.79,614.3,8.0,2559.6,medium,,False
99,March,Bedroom, Fan  ,81.0,17.6,3.0,128.3,1026.43,8.0,4276.8,High,,False
303,Jun, Drawing Room  ,,1436.0,2.5,1.0,107.7,861.6,8.0,3590.0,HIGH,Summer,
533,May,Bedroom,heater,1441.0,3.3,3.0,427.98,3423.82,8.0,14265.9,High,Spring,False
181,Sep, Dining Room  ,FAN,72.0,16.6,1.0,35.86,286.85,8.0,1195.2,medium,Autumn,False
830,May,Drawing Room,AC,1425.0,8.8,1.0,376.2,3009.6,8.0,12540.0,high,Spring,True
121,Aug, Bedroom  ,not sure,1751.0,2.9,2.0,304.67,2437.39,8.0,10155.8,HIGH,Summer,False
465,June,Living Room,Light,28.0,4.8,2.0,8.06,64.51,8.0,268.8,low,,False
127,Nov,?,Fan,61.0,6.5,50.0,,95.16,,19825.0,,Autumn,False
972,October,Bedroom,computer,106.0,5.0,1.0,15.9,127.2,8.0,530.0,low,,False
603,August,Bedroom,AC,1824.0,5.5,2.0,601.92,4815.36,8.0,20064.0,high,,True
133,,Bathroom,fan,60.0,18.0,2.0,64.8,518.4,8.0,2160.0,Medium,,False
969,Feb,LIVING ROOM, Computer  ,177.0,9.4,3.0,149.74,1197.94,8.0,4991.4,High,Winter,False
335,Jul,Living Room,AC,1823.0,6.5,3.0,1066.45,8531.64,8.0,35548.5,HIGH,Summer,True
565,Oct,Bedroom,HEATER,1092.0,1.9,3.0.0,186.73,1493.86,8.0,,high,Autumn,False
145,Jan,Kitchen,MICROWAVE,844.0,0.2,3.0,15.19,121.54,8.0,506.4,low,Winter,True
969,Feb,BATHROOM,Washing Machine,591.0,0.5,2.0,17.73,141.84,8.0,591.0,Low,Winter,True
603,?,Drawing_Room,Fan,54.0,18.0,2.0,58.32,466.56,8.0,1944.0,Medium,,False
661,dec,Bathroom,Washing_Machine,667.0,1.1,3.0,66.03,528.26,8.0,2201.1,Med,,True
57,Nov,Bathroom,Washing Machine,402.0,2.0,3.0,72.36,578.88,8.0,2412.0,Medium,Autumn,True
420,March,Dining Room,Light,10.0,4.4,2.0,2.64,21.12,8.0,88.0,low,,False
178,Jun,KITCHEN,MICROWAVE,809.0,30.0,3.0,21.84,174.74,8.0,72810.0,Medium,Summer,True
576,Jan,BEDROOM,Light,27.0,4.4,3.0,10.69,85.54,8.0,356.4,low,Winter,False
 413 ,, Bedroom  ,COMPUTER,160.0,7.8,3.0,112.32,898.56,8.0,3744.0,High,,False
284,Oct, Kitchen  ,Fan,50.0,unknown,2.0.0,42.9,343.2,8.0,,Med,Autumn,False
425,October,Living Room,Fan,60.0,12.0,1.0,21.6,172.8,8.0,720.0,medium,,False
575,May,Living_Room,Fan,,12.7,2.0,,463.3,,,,Spring,False
116,January,Bedroom,,30.0,7.3,3.0,19.71,157.68,8.0,657.0,Low,,
905,November, Kitchen  ,Microwave,904.0,0.4,2.0,21.7,173.57,8.0,723.2,Medium,,True
682,Oct, Living Room  ,COMPUTER,205.0,5.4,2.0,66.42,531.36,8.0,2214.0,Medium,Autumn,False
442,August,Living Room,Computer,201.0,unknown,1.0,13.87,110.95,8.0,,low,,False
852,Aug,Dining Room,light,32.0,8.5,1.0,8.16,65.28,8.0,272.0,Low,Summer,False
747,Sep,Kitchen,WASHING MACHINE,697.0,0.8,2.0,33.46,267.65,8.0,1115.2,Medium,Autumn,True
113,dec,Kitchen,Washing Machine,431.0,1.5,3.0,58.19,465.48,8.0,1939.5,medium,,True
856,Jul,Bathroom,na,?,1.5,3.0,150.93,1207.44,8.0,,HIGH,Summer,False
1000,Oct,Living Room,Fan,90.0,9.0,2.0,48.6,388.8,8.0,1620.0,medium,Autumn,False
928,Jan, Living Room  ,computer,,7.9,2.0,error,386.78,,,,Winter,False
618,Sep,Kitchen, Washing Machine  ,434.0,1.7,2.0,44.27,354.14,8.0,1475.6,Medium,Autumn,True
171,March,LIVING ROOM,FAN,73.0,8.9,2.0,38.98,311.86,8.0,1299.4,medium,,False
841,mar,Bathroom,HEATER,-1372.0,3.7,1.0,152.29,,,-5076.4,high,,False
12,March,Living Room,TV,96.0,5.1,,29.38,235.01,8.0,,medium,,False
472,Dec,LIVING ROOM,AC,-1995.0,8.9,2.0,1065.33,8522.64,8.0,-35511.0,high,Winter,True
733,Jan,Kitchen,FAN,57.0,16.8,2.0,57.46,,,1915.2,Med,Winter,False
339,aug,Drawing Room,COMPUTER,283.0,,2.0.0,144.33,1154.64,8.0,,high,,False
491,Nov, Living Room  ,Computer,268.0,5.5,2.0,88.44,707.52,8.0,2948.0,Med,Autumn,False
55,Jun,Dining Room,light,23.0,,2.0,12.42,99.36,8.0,,Low,Summer,False
907,apr,bathroom, Light  ,21.0,8.7,3.0,16.44,131.54,8.0,548.1,low,,False
333,December, Living Room  ,light,28.0,3.2,1.0,2.69,21.5,7.99,89.6,Low,,False
255,Aug,LIVING ROOM,Computer,397.0,2.3,2.0,54.79,438.29,8.0,1826.2,Medium,Summer,False
984,APR,bedroom,Heater,1483.0,3.7,1.0,164.61,1316.9,8.0,5487.1,High,,False
788,Apr,drawing room, Light  ,24.0,-4.1,1.0,2.95,23.62,8.01,-98.4,low,Spring,False
250,October,,Light,26.0,,2.0,14.98,119.81,8.0,,Low,,False
321,Apr,BATHROOM,,77.0,16.8,1.0,,310.46,,1293.6,,Spring,
 305 ,April,kitchen,Microwave,635.0,unknown,3.0,11.43,91.44,8.0,,low,,True
583,May,Kitchen,Light,33.0,4.6,3.0,13.66,109.3,8.0,455.4,Low,Spring,False
525,Jun, Living Room  ,TV,195.0,3.5,1.0,20.48,163.8,8.0,682.5,medium,Summer,False
131,Aug,Dining Room,Light,13.0,6.7,2.0,5.23,41.81,7.99,174.2,low,Summer,False
13,December,Drawing Room,TV,15000.0,5.8,3.0,78.3,626.4,8.0,261000.0,Medium,,False
980,Jun,Bedroom,AC,1692.0,6.5,2.0,659.88,5279.04,8.0,21996.0,High,Summer,True
807,Oct,Drawing Room,Light,34.0,5.5,2.0,0.01122,89.76,8000.0,374.0,Low,Autumn,False
131,NOV,Dining_Room,Fan,65.0,16.7,1.0,32.56,260.52,8.0,1085.5,Med,,False
815,Nov,Bedroom,Fan,61.0,17.4,3.0,95.53,764.21,8.0,3184.2,medium,Autumn,False
235,Jan,Dining Room, Light  ,35.0,7.3,1.0,7.67,61.32,7.99,255.5,Low,Winter,False
826,Mar, Drawing Room  ,AC,1288.0,9.3,2.0.0,-,5749.63,,,,Spring,True
725,DEC,Kitchen,Washing Machine,711.0,1.7,1.0,,290.09,,1208.7,,,True
171,Mar,Living Room,Fan,83.0,6.1,1.0,15.19,121.51,8.0,506.3,low,Spring,False
854,APR,living room,TV,107.0,3.4,1.0.0,N/A,87.31,,,,,False
453,Feb,living room,fan,,13.1,2.0,56.59,452.74,8.0,,Medium,Winter,False
582,Oct,drawing room,-,319.0,5.1,2.0,97.61,780.91,8.0,3253.8,Med,Autumn,False
954,Oct,Dining Room,FAN,5100.0,,1.0.0,26.62,212.98,8.0,,medium,Autumn,False
489,Feb,Bedroom,AC,1879.0,8.3,2.0.0,935.74,7485.94,8.0,,high,Winter,True
783,Feb,Bedroom,Light,25.0,3.4,3.0,7.65,61.2,8.0,255.0,low,Winter,False
802,JUL,Drawing Room,Computer,109.0,2.7,2.0,17.66,141.26,8.0,588.6,low,,False
877,Oct,Drawing_Room,AC,1126.0,3.7,1.0,124.99,999.89,8.0,4166.2,high,Autumn,True
7,Nov,KITCHEN,Fridge,185.0,22.2,1.0,123.21,985.68,8.0,4107.0,high,Autumn,True
67,Nov,Living Room,Light,27.0,7.3,1.0,5.91,47.3,8.0,197.1,low,Autumn,False
892,Jun,Living Room,مش عارف,99.0,4.3,,38.31,306.5,8.0,,Med,Summer,False
796,November,Bedroom, TV  ,179.0,5.8,1.0,31.15,249.17,8.0,1038.2,Med,,False
922,NOV,Living Room,Fan,70.0,14.5,3.0,91.35,730.8,8.0,3045.0,Med,,False
175,Mar, Living Room  ,light,40.0,7.1,1.0,8.52,68.16,8.0,284.0,Low,Spring,False
506,October,BEDROOM,computer,146.0,8.3,1.0,36.35,290.83,8.0,1211.8,Med,,False
1000,,LIVING ROOM,TV,105.0,5.8,2.0,36.54,292.32,8.0,1218.0,Med,,False
561,Jul, Bedroom  ,fan,78.0,12.3,2.0.0,57.56,460.51,8.0,,Medium,Summer,False
216,Nov,BEDROOM,fan,65.0,,2.0,47.97,383.76,8.0,,Med,Autumn,False
382,sep, Kitchen  ,light,36.0,7.6,3.0,24.62,196.99,8.0,820.8,medium,,False
118,Nov,Dining Room,FAN,72.0,12.4,3.0,80.35,642.82,8.0,2678.4,Medium,Autumn,False
914,Jan,Kitchen,LIGHT,22.0,5.0,3.0,9.9,79.2,8.0,330.0,low,Winter,False
664,Jul,Bedroom,HEATER,966.0,2.1,3.0,182.57,1460.59,8.0,6085.8,HIGH,Summer,False
713,Dec, Living Room  ,Fan,89.0,13.7,2.0,,585.26,,2438.6,,Winter,False
233,Mar,Drawing_Room,tv,,unknown,1.0,19.84,,,,low,Spring,False
126,Oct,BEDROOM,Fan,,9.1,3.0,70.43,563.47,8.0,,medium,Autumn,False
101,September, Kitchen  ,Microwave,1193.0,0.5,1.0,17.89,143.16,8.0,596.5,Low,,True
522,Feb,Kitchen,Microwave,,,3.0,12.76,102.1,8.0,,Low,Winter,True
 412 ,Mar,BATHROOM,WASHING MACHINE,607.0,1.9,3.0,103.8,830.38,8.0,3459.9,HIGH,Spring,True
590,January, Kitchen  , Microwave  ,1102.0,0.4,3.0,39.67,317.38,8.0,1322.4,medium,,True
825,January,KITCHEN,Washing Machine,,1.2,2.0,34.13,273.02,8.0,,medium,,True
 760 ,Feb,Living Room,TV,182.0,3.3,2.0,36.04,288.29,8.0,1201.2,Med,Winter,False
795,Mar,Living Room,light,27.0,3.9,1.0,,25.27,,105.3,,Spring,False
643,Jan,DINING ROOM,Fan,78.0,10.4,2.0,48.67,389.38,8.0,1622.4,medium,Winter,False
242,Jan,living room,Light,39.0,8.7,1.0,10.18,81.43,8.0,339.3,low,Winter,False
10,Apr,BATHROOM,fan,56.0,15.2,1.0,25.54,204.29,8.0,851.2,Medium,Spring,False
106,May,Bathroom,Fan,84.0,13.2,2.0.0,66.53,532.22,8.0,,medium,Spring,False
125,Jul,n/a,LIGHT,,,2.0,17.75,141.98,8.0,,Low,Summer,False
636,Dec, Bedroom  ,Fan,86.0,7.1,3.0,54.95,439.63,8.0,1831.8,Medium,Winter,False
832,aug, Living Room  ,computer,353.0,9.8,1.0.0,103.78,830.26,8.0,,High,,False
399,Feb,bedroom,Fan,60.0,6.3,3.0,34.02,272.16,8.0,1134.0,Med,Winter,False
822,Dec,Kitchen,Light,11.0,4.0,2.0,error,21.12,,88.0,,Winter,False
151,July,kitchen, Fan  ,77.0,13.4,1.0,30.95,247.63,8.0,1031.8,Medium,,False
789,June,DINING ROOM,Fan,78.0,7.0,3.0,,393.12,,1638.0,,,False
951,June,Bathroom,Heater,1149.0,1.4,3.0,144.77,1158.19,8.0,4825.8,HIGH,,False
721,AUG,Kitchen,Washing Machine,756.0,1.5,3.0,102.06,816.48,8.0,3402.0,high,,True
635,Dec,Kitchen,light,16.0,8.6,3.0,12.38,99.07,8.0,412.8,low,Winter,False
43,Mar,,light,37.0,4.4,1.0,4.88,39.07,8.01,162.8,low,Spring,False
575,nov,Living_Room,AC,110200.0,6.5,2.0.0,429.78,3438.24,8.0,,HIGH,,True
209,not sure,Drawing Room,Fan,89.0,11.3,1.0.0,30.17,241.37,8.0,,Med,,False
265,Aug,Living Room,computer,109.0,8.3,1.0.0,27.14,217.13,8.0,,Medium,Summer,False
934,March,Dining_Room,Light,35.0,6.4,1.0,6.72,53.76,8.0,224.0,low,,False
53,Sep,Kitchen,FRIDGE,132.0,22.0,2.0,174.24,1393.92,8.0,5808.0,HIGH,Autumn,True
610,Jul,Drawing Room,not sure,31.0,8.1,2.0,15.07,120.53,8.0,502.2,low,Summer,False
512,jun,Kitchen,microwave,1099.0,0.2,2.0,13.19,105.5,8.0,439.6,low,,True
564,February,KITCHEN,MICROWAVE,624.0,0.4,3.0,22.46,179.71,8.0,748.8,medium,,True
99,Jun,Bedroom,Computer,256.0,6.1,1.0.0,46.85,374.78,8.0,,Medium,Summer,False
169,Mar,Kitchen, Washing Machine  ,745.0,1.2,1.0,26.82,214.56,8.0,894.0,Medium,Spring,True
537,Jan,Dining Room,,-78.0,11.2,3.0,unknown,628.99,,-2620.8,,Winter,
729,N/A,dining room, Fan  ,58.0,17.8,3.0,92.92,743.33,8.0,3097.2,Med,,False
31,December,not sure,AC,1524.0,6.2,1.0,0.28346,2267.71,8000.11,9448.8,low,,True
545,November,Drawing Room,TV,156.0,2.8,3.0,39.31,314.5,8.0,1310.4,Medium,,False
663,mar,,FAN,-84.0,12.4,2.0,62.5,499.97,8.0,-2083.2,medium,,False
271,Aug,Living Room, TV  ,170.0,5.2,1.0,26.52,212.16,8.0,884.0,Medium,Summer,False
536,Feb,bathroom,Light,34.0,5.7,1.0,5.81,46.51,8.01,193.8,Low,Winter,False
879,June,Kitchen, Light  ,21.0,9.0,3.0,17.01,136.08,8.0,567.0,Low,,False
231,Dec, Living Room  ,TV,147.0,3.9,1.0,17.2,137.59,8.0,573.3,Low,Winter,False
925,Jan,LIVING ROOM,AC,1543.0,8.8,3.0,1222.06,9776.45,8.0,40735.2,HIGH,Winter,True
794,Sep,living room,Light,27.0,3.0,3.0,7.29,58.32,8.0,243.0,low,Autumn,False
706,Feb,Dining Room,LIGHT,25.0,5.1,2.0,7.65,61.2,8.0,255.0,low,Winter,False
2,Dec, Living Room  ,AC,1961.0,8.8,1.0.0,517.7,4141.63,8.0,,HIGH,Winter,True
28,n/a,DINING ROOM,Light,25.0,8.3,2.0,12.45,99.6,8.0,415.0,low,,False
54,May,Bathroom, Heater  ,1135.0,350.0,1.0,,953.4,,397250.0,,Spring,False
295,September,Kitchen,FAN,68.0,11.1,3.0,67.93,543.46,8.0,2264.4,Med,,False
252,Dec,Kitchen,Fridge,253.0,22.2,2.0,337.0,2695.97,8.0,11233.2,High,Winter,True
190,Sep,Living Room,COMPUTER,245.0,,1.0,16.17,129.36,8.0,,Low,Autumn,False
246,Oct,Living Room,Fan,53.0,11.7,3.0,55.81,446.47,8.0,1860.3,Medium,Autumn,False
513,sep,unknown,Washing Machine,68600.0,0.6,3.0,37.04,296.35,8.0,123480.0,Medium,,True
287,Feb,Bathroom,fan,58.0,14.0,3.0,73.08,584.64,8.0,2436.0,Med,Winter,False
689,MAR,Living_Room,AC,959.0,7.1,2.0.0,408.53,3268.27,8.0,,HIGH,,True
808,Feb,,,?,5.4,3.0,16.52,132.19,8.0,,low,Winter,
951,Oct,DRAWING ROOM,FAN,60.0,8.3,3.0,44.82,358.56,8.0,1494.0,medium,Autumn,False
901,MAR,Bedroom,Computer,175.0,5.3,1.0,27.82,222.6,8.0,927.5,medium,,False
55,Sep,bedroom,Computer,181.0,8.1,2.0,87.97,703.73,8.0,2932.2,medium,Autumn,False
620,Jan,Kitchen,FAN,73.0,12.0,3.0,78.84,630.72,8.0,2628.0,medium,Winter,False
479,January,bedroom,COMPUTER,293.0,5.6,,49.22,393.79,8.0,,medium,,False
81,Jun,drawing room,,N/A,550.0,1.0,3.63,29.04,8.0,,Low,Summer,
872,Aug,na,Fan,59.0,?,3.0,59.47,475.78,8.0,,medium,Summer,False
607,Mar,drawing room,Light,?,9.6,,21.6,172.8,8.0,,Med,Spring,False
323,Apr, Kitchen  ,Washing Machine,436.0,1.4,3.0,54.94,439.49,8.0,1831.2,Med,Spring,True
417,Jul,DRAWING ROOM,Fan,86.0,17.6,3.0,136.22,1089.79,8.0,4540.8,high,Summer,False
751,May, Drawing Room  ,LIGHT,-20.0,7.5,3.0,13.5,108.0,8.0,-450.0,low,Spring,False
 999 ,May,Kitchen,light,23.0,7.9,1.0,5.45,43610.0,8001.83,181.7,Low,Spring,False
858,February,Kitchen, Fridge  ,140.0,20.6,1.0,86.52,692.16,8.0,2884.0,medium,,True
752,Jun,Living Room, Light  ,37.0,9.5,3.0,31.64,253.08,8.0,1054.5,Med,Summer,False
707,Jan,Kitchen,FAN,77.0,9.7,1.0,22.41,179.26,8.0,746.9,Medium,Winter,False
430,Oct,Kitchen, Fridge  ,107.0,21.4,3.0,206.08,1648.66,8.0,6869.4,high,Autumn,True
208,, Kitchen  , Microwave  ,746.0,,3.0,33.57,268.56,8.0,,medium,,True
80,Jun, Bedroom  ,TV,,5.2,2.0,26.52,212.16,8.0,,Medium,Summer,False
588,Jul, Living Room  ,COMPUTER,335.0,4.0,2.0,80.4,643.2,8.0,2680.0,Medium,Summer,False
770,Dec,na,AC,1694.0,2.9,2.0,294.76,2358.05,8.0,9825.2,High,Winter,True
395,April,Drawing Room,fan,-85.0,10.3,1.0,26.27,210.12,8.0,-875.5,medium,,False
163,Sep,Living Room, AC  ,1242.0,7.7,1.0,,2295.22,,9563.4,,Autumn,True
362,Aug,BEDROOM,HEATER,928.0,2.8,3.0,233.86,,,7795.2,High,Summer,False
165,June,Drawing Room,COMPUTER,158.0,4.5,1.0,21.33,170.64,8.0,711.0,Med,,False
591,August,Kitchen,LIGHT,10.0,3.0,3.0,2.7,21.6,8.0,90.0,low,,False
656,Oct,Living Room,AC,1652.0,9.2,3.0,1367.86,10942.85,8.0,45595.2,HIGH,Autumn,True
931,December,Living Room, Computer  ,160.0,5.4,2.0,51.84,414.72,8.0,1728.0,Med,,False
198,Sep,Dining Room,fan,78.0,6.9,3.0,48.44,387.5,8.0,1614.6,Med,Autumn,False
562,September,Bathroom, Fan  ,86.0,11.8,3.0.0,91.33,730.66,8.0,,Med,,False
738,Sep,bathroom,washing machine,419.0,0.7,2.0,17.6,140.78,8.0,586.6,low,Autumn,True
218,Apr,Kitchen,fridge,268.0,21.3,2.0,342.5,2740.03,8.0,11416.8,HIGH,Spring,True
398,jun,Bedroom,Heater,1182.0,2.1,1.0,74.47,595.73,8.0,2482.2,Med,,False
502,Aug,n/a,Fan,,11.8,2.0,53.81,430.46,8.0,,Medium,Summer,False
611,Jun,bedroom,COMPUTER,369.0,7.3,3.0,242.43,1939.46,8.0,8081.1,high,Summer,False
568,Apr,Bedroom,fan,63.0,9.3,3.0,52.73,421.85,8.0,1757.7,medium,Spring,False
417,jul,Living_Room,Computer,213.0,8.3,3.0,159.11,1272.89,8.0,5303.7,high,,False
450,Oct,DINING ROOM,FAN,85.0,11.6,2.0,59.16,473.28,8.0,1972.0,Med,Autumn,False
632,May,Living Room,FAN,7200.0,14.3,1.0,30.89,247.1,8.0,102960.0,medium,Spring,False
265,Oct,BEDROOM,LIGHT,33.0,error,1.0,6.73,53.86,8.0,,Low,Autumn,False
411,December,Dining_Room,light,18.0,3.4,1.0.0,1.84,14.69,7.98,,Low,,False
854,Jul,Living_Room,Fan,52.0,6.5,1.0,10.14,81.12,8.0,338.0,low,Summer,False
231,Aug,Drawing Room, AC  ,1992.0,4.0,3.0,717.12,5736.96,8.0,23904.0,HIGH,Summer,True
161,December, Bedroom  ,light,36.0,7.1,3.0,23.0,184.03,8.0,766.8,medium,,False
666,Dec,Drawing_Room, Light  ,24.0,8.7,1.0,6.26,,,208.8,Low,Winter,False
104,June,Living Room,,26.0,5.1,2.0,7.96,63.65,8.0,265.2,low,,
289,June,Drawing_Room,LIGHT,17.0,,2.0,4.69,37.54,8.0,,Low,,False
659,Apr,Bathroom, Heater  ,940.0,2.5,2.0,141.0,1128.0,8.0,4700.0,High,Spring,False
765,Sep, Bedroom  ,,209.0,9.1,1.0,57.06,456.46,8.0,1901.9,medium,Autumn,
875,September,مش عارف, AC  ,1101.0,2.1,1.0,69.36,554.9,8.0,2312.1,Medium,,True
540,Apr,Dining Room,Fan,73.0,12.9,1.0,28.25,226.01,8.0,941.7,medium,Spring,False
373,October,Kitchen,unknown,686.0,1.7,1.0,0.03499,279.89,7999.14,1166.2,low,,False
705,مجهول,living room, AC  ,1876.0,2.9,1.0,163.21,1305.7,8.0,5440.4,High,,True
942,June,kitchen,FRIDGE,285.0,19.7,3.0,505.31,4042.44,8.0,16843.5,HIGH,,True
491,May,Living_Room, Computer  ,169.0,6.2,3.0,94.3,754.42,8.0,3143.4,Med,Spring,False
776,Jul,BEDROOM,TV,168.0,4.3,2.0,-,,,1444.8,,Summer,False
102,Oct,living room,AC,1459.0,6.2,2.0,542.75,4341.98,8.0,18091.6,HIGH,Autumn,True
570,Mar,Drawing Room,AC,187600.0,3.7,2.0,416.47,3331.78,8.0,1388240.0,High,Spring,True
927,Feb,bedroom, Fan  ,67.0,15.2,1.0,30.55,244.42,8.0,1018.4,medium,Winter,False
62,Dec,,Fan,72.0,14.0,2.0,60.48,483.84,8.0,2016.0,Med,Winter,False
216,Feb,?,computer,294.0,5.7,3.0,150.82,1206.58,8.0,5027.4,High,Winter,False
296,Oct,Drawing Room,Light,17.0,6.5,3.0,9.95,79.56,8.0,331.5,Low,Autumn,False
626,Jan,Living_Room,TV,-91.0,3.4,3.0,27.85,222.77,8.0,-928.2,medium,Winter,False
828,August,kitchen,fan,71.0,10.9,3.0,69.65,557.21,8.0,2321.7,Medium,,False
742,April,Bedroom, AC  ,1946.0,2.8,1.0,163.46,1307.71,8.0,5448.8,High,,True
566,Oct, Dining Room  ,Fan,78.0,17.0,2.0,79.56,636.48,8.0,2652.0,Med,Autumn,False
291,Oct,Bedroom, AC  ,1889.0,8.0,1.0,453.36,3626.88,8.0,15112.0,High,Autumn,True
860,Feb,Dining Room,fan,77.0,17.5,2.0.0,,646.8,,,,Winter,False
613,February,Bathroom,Washing Machine,656.0,0.6,3.0,35.42,283.39,8.0,1180.8,Med,,True
557,Sep,LIVING ROOM, Computer  ,346.0,5.5,2.0,114.18,913.44,8.0,3806.0,high,Autumn,False
86,Jan, Drawing Room  ,FAN,90.0,10.9,2.0,58.86,470.88,8.0,1962.0,medium,Winter,False
238,Sep,Bedroom, AC  ,1409.0,4.3,1.0,181.76,,,6058.7,High,Autumn,True
940,September,Dining Room,Fan,51.0,6.9,3.0,31.67,253.37,8.0,1055.7,Medium,,False
51,Dec,DRAWING ROOM,tv,119.0,4.6,1.0,16.42,,,547.4,Low,Winter,False
360,apr,Bathroom,Washing Machine,463.0,0.8,1.0,11.11,88.9,8.0,370.4,Low,,True
834,Sep,Living Room, Fan  ,82.0,11.0,2.0,54.12,432.96,8.0,1804.0,Med,Autumn,False
499,Oct,Kitchen,fridge,116.0,18.8,2.0,,1046.78,,4361.6,,Autumn,True
441,Dec,bedroom,computer,339.0,2.1,3.0,64.07,512.57,8.0,2135.7,medium,Winter,False
994,Nov,kitchen, Microwave  ,1151.0,0.3,2.0,0.02072,165.74,7999.03,690.6,low,Autumn,True
274,September,Bedroom,,112.0,5.1,3.0,51.41,411.26,8.0,1713.6,medium,,
24,Aug,KITCHEN,fridge,139.0,19.5,3.0,243.94,1951.56,8.0,8131.5,HIGH,Summer,True
743,MAR,Dining Room,Light,,6.8,2.0,6.53,52.22,8.0,,Low,,False
279,November, Dining Room  ,light,30.0,9.4,3.0,25.38,203.04,8.0,846.0,Med,,False
594,Jan,bedroom,TV,115.0,4.1,2.0,28.29,226.32,8.0,943.0,medium,Winter,False
304,Dec,Drawing Room, TV  ,156.0,3.1,1.0,14.51,116.06,8.0,483.6,Low,Winter,False
561,Jan,Living Room,FAN,74.0,7.1,2.0,31.52,252.19,8.0,1050.8,medium,Winter,False
314,Apr,BEDROOM, Heater  ,1156.0,3.7,1.0,128.32,1026.53,8.0,4277.2,High,Spring,False
960,Aug,Living Room,TV,62.0,4.8,2.0,17.86,142.85,8.0,595.2,Low,Summer,False
636,April,Drawing_Room,TV,158.0,4.1,2.0,38.87,310.94,8.0,1295.6,Medium,,False
664,Jul,Bedroom,HEATER,966.0,2.1,3.0,182.57,1460.59,8.0,6085.8,HIGH,Summer,False
690,Feb,Living_Room,Fan,63.0,10.5,1.0.0,19.84,158.76,8.0,,Low,Winter,False
870,March,مش عارف,TV,67.0,6.0,2.0,24.12,192.96,8.0,804.0,medium,,False
722,Sep,Dining Room,Light,20.0,4.4,2.0,5.28,42.24,8.0,176.0,Low,Autumn,False
710,Jun,Bedroom,light,34.0,6.3,2.0,,102.82,,428.4,,Summer,False
206,DEC,Drawing Room,TV,127.0,2.6,1.0,9.91,79.25,8.0,330.2,Low,,False
628,Feb,drawing room,TV,130.0,3.7,1.0,14.43,115.44,8.0,481.0,Low,Winter,False
335,mar,DINING ROOM,Light,31.0,3.7,1.0,3.44,27.53,8.0,114.7,Low,,False
49,September,bedroom,not sure,144.0,5.1,1.0,22.03,176.26,8.0,734.4,Medium,,False
230,Dec,Kitchen,Fan,57.0,12.5,1.0,21.38,171.0,8.0,712.5,medium,Winter,False
722,Jul,LIVING ROOM,Fan,61.0,,1.0,15.74,125.9,8.0,,low,Summer,False
468,Oct, Dining Room  ,Light,38.0,3.7,1.0,N/A,33.74,,140.6,,Autumn,False
 890 ,September,Bathroom,Washing Machine,,1.7,1.0,27.9,223.18,8.0,,Med,,True
250,October,Living Room,Computer,309.0,3.9,3.0,108.46,867.67,8.0,3615.3,High,,False
121,Jan,LIVING ROOM,Light,10.0,7.6,2.0,4.56,,,152.0,low,Winter,False
187,January,BEDROOM,HEATER,1144.0,1.7,3.0,175.03,1400.26,8.0,5834.4,high,,False
48,, Living Room  , Light  ,38.0,5.5,2.0,12.54,100.32,8.0,418.0,low,,False
754,Jan,Dining Room,Fan,75.0,,3.0,85.72,685.8,8.0,,Medium,Winter,False
703,Feb,Bedroom,TV,127.0,6.0,1.0,22.86,182.88,8.0,762.0,Med,Winter,False
827,Nov,Living Room,Light,16.0,5.8,3.0,8.35,66820.0,8002.4,278.4,Low,Autumn,False
181,December,Bedroom,AC,1179.0,4.9,2.0,346.63,2773.01,8.0,11554.2,High,,True
503,Oct,Bathroom,Washing Machine,495.0,0.7,1.0,10.39,83.16,8.0,346.5,low,Autumn,True
54,Aug,Living Room,Fan,60.0,12.6,2.0,45.36,362.88,8.0,1512.0,medium,Summer,False
778,Apr,,light,13.0,4.1,1.0,1.6,12.79,7.99,53.3,low,Spring,False
781,Jul,KITCHEN, Fan  ,62.0,1430.0,3.0,79.79,638.35,8.0,265980.0,Med,Summer,False
825,March,BATHROOM,Fan,83.0,7.7,2.0,38.35,306.77,8.0,1278.2,Med,,False
415,Apr,Bedroom,Computer,165.0,7.1,2.0,70.29,562.32,8.0,2343.0,Med,Spring,False
595,Nov,Living_Room,TV,149.0,2.0,3.0,26.82,214.56,8.0,894.0,Med,Autumn,False
329,Apr,DRAWING ROOM,Light,35.0,4.4,1.0,4.62,36.96,8.0,154.0,Low,Spring,False
879,May,Bathroom, Light  ,31.0,,1.0,9.11,72.91,8.0,,low,Spring,False
245,Dec,Kitchen,fridge,256.0,20.6,2.0,316.42,2531.33,8.0,10547.2,HIGH,Winter,True
973,Jan,Drawing Room,Computer,389.0,,2.0,53.68,429.46,8.0,,Medium,Winter,False
418,Aug,Dining Room,light,27.0,5.7,1.0,4.62,36.94,8.0,153.9,low,Summer,False
436,Jan,LIVING ROOM,Computer,293.0,2.8,,24.61,196.9,8.0,,medium,Winter,False
162,Jun,LIVING ROOM,COMPUTER,280.0,6.9,1.0,57.96,463.68,8.0,1932.0,Med,Summer,False
670,OCT, Dining Room  ,Fan,52.0,17.6,2.0,54.91,439.3,8.0,1830.4,Medium,,False
790,March,Bedroom, TV  ,126.0,3.8,3.0,43.09,344.74,8.0,1436.4,Medium,,False
799,Feb,BATHROOM,FAN,,12.2,3.0,81.25,650.02,8.0,,medium,Winter,False
319,Nov,Kitchen,Microwave,855.0,0.5,2.0.0,25.65,205.2,8.0,,Med,Autumn,True
676,Mar,Drawing Room, TV  ,86.0,2.5,2.0,12.9,103.2,8.0,430.0,Low,Spring,False
459,Jul,LIVING ROOM,AC,1139.0,7.1,3.0,727.82,5822.57,8.0,24260.7,high,Summer,True
715,Apr,Bedroom,light,21.0,7.9,2.0,9.95,79.63,8.0,331.8,low,Spring,False
696,Jan,DRAWING ROOM,FAN,66.0,12.3,3.0,73.06,584.5,8.0,2435.4,Med,Winter,False
492,July,BEDROOM,Fan,83.0,10.6,1.0,26.39,211.15,8.0,879.8,Med,,False
412,jun,Dining_Room, Fan  ,50.0,16.3,3.0,73.35,586.8,8.0,2445.0,Medium,,False
656,Mar,Kitchen,MICROWAVE,989.0,0.2,3.0,17.8,142.42,8.0,593.4,low,Spring,True
219,Jul,Drawing Room,-,31.0,4.4,2.0,8.18,65.47,8.0,272.8,Low,Summer,False
741,May,drawing room,computer,272.0,4.3,1.0,35.09,280.7,8.0,1169.6,medium,Spring,False
544,Apr, Kitchen  ,Washing Machine,729.0,1.4,1.0,30.62,244.94,8.0,1020.6,Med,Spring,True
691,Jan,LIVING ROOM,TV,158.0,4.8,3.0,68.26,546.05,8.0,2275.2,Medium,Winter,False
994,dec,Drawing_Room,Fan,75.0,11.3,1.0,25.43,203.4,8.0,847.5,Medium,,False
390,feb,Living Room,computer,349.0,6.9,1.0.0,72.24,577.94,8.0,,medium,,False
296,May,BEDROOM,TV,110.0,5.2,,34.32,274.56,8.0,,Med,Spring,False
22,Jul,Drawing Room, Light  ,23.0,9.0,1.0,6.21,49.68,8.0,207.0,Low,Summer,False
300,DEC,Bathroom,Fan,55.0,11.6,1.0,19.14,153.12,8.0,638.0,Low,,False
848,Sep, Living Room  , TV  ,127.0,5.7,1.0,21.72,173.74,8.0,723.9,medium,Autumn,False
541,Dec,Bedroom,AC,1823.0,2.9,3.0,475.8,3806.42,8.0,15860.1,high,Winter,True
550,Feb, Drawing Room  ,,1119.0,4.1,2.0,275.27,2202.19,8.0,9175.8,high,Winter,
721,Jul,Bathroom,LIGHT,40.0,3.0,2.0,7.2,57.6,8.0,240.0,Low,Summer,False
588,January,Living Room,AC,1751.0,4.1,1.0,215.37,1722.98,8.0,7179.1,High,,True
259,May,Living Room,fan,63.0,11.4,2.0,43.09,344.74,8.0,1436.4,Med,Spring,False
502,September,DRAWING ROOM, TV  ,94.0,5.7,2.0,32.15,257.18,8.0,1071.6,medium,,False
942,Aug, Living Room  ,Light,,3.3,1.0,3.96,31.68,8.0,,low,Summer,False
660,Apr,Drawing Room,ac,2000.0,3.1,2.0,372.0,2976.0,8.0,12400.0,HIGH,Spring,True
604,Mar,LIVING ROOM,computer,226.0,5.9,1.0,40.0,320.02,8.0,1333.4,Med,Spring,False
473,Dec, Bedroom  ,fan,67.0,11.8,2.0,47.44,379.49,8.0,1581.2,medium,Winter,False
237,Jul, Bathroom  ,LIGHT,36.0,6.2,2.0,13.39,107.14,8.0,446.4,low,Summer,False
745,Dec,Bedroom,light,30.0,4.7,1.0,4.23,33.84,8.0,141.0,Low,Winter,False
959,مجهول,Bedroom,Fan,75.0,7.1,1.0.0,15.97,127.8,8.0,,low,,False
180,not sure,Dining_Room, Fan  ,59.0,17.6,2.0,62.3,498.43,8.0,2076.8,medium,,False
233,Aug,DRAWING ROOM,Fan,55.0,12.2,1.0,20.13,161.04,8.0,671.0,Medium,Summer,False
607,Feb,BEDROOM,Heater,1252.0,2.9,1.0,108.92,871.39,8.0,3630.8,High,Winter,False
135,Nov,Drawing Room,Computer,291.0,5.6,1.0,48.89,391.1,8.0,1629.6,Medium,Autumn,False
366,Jun,Kitchen,Fan,63.0,1480.0,1.0,27.97,223.78,8.0,93240.0,Med,Summer,False
114,Dec,BEDROOM,,39.0,,3.0,29.48,235.87,8.0,,medium,Winter,
208,Oct,Kitchen,Microwave,1162.0,0.4,3.0,41.83,334.66,8.0,1394.4,Med,Autumn,True
504,Jun,not sure, Light  ,30.0,4.7,,12.69,101.52,8.0,,Low,Summer,False
430,July,Drawing Room,TV,71.0,2.1,1.0,4.47,35.78,8.0,149.1,Low,,False
628,Oct,?,Computer,395.0,2.2,1.0,26.07,208.56,8.0,869.0,medium,Autumn,False
872,Jul,, Light  ,23.0,4.0,3.0,8.28,66.24,8.0,276.0,low,Summer,False
986,August, Kitchen  ,fridge,243.0,18.2,2.0,,2122.85,,8845.2,,,True
549,Oct,Dining Room, Light  ,35.0,,3.0,24.25,194.04,8.0,,Medium,Autumn,False
295,March,Living Room, TV  ,87.0,,2.0.0,24.01,192.1,8.0,,Med,,False
360,January, Bedroom  ,Fan,76.0,12.1,2.0,55.18,441.41,8.0,1839.2,Medium,,False
43,apr,Drawing Room,Computer,185.0,6.2,1.0,34.41,275.28,8.0,1147.0,Med,,False
649,sep,Bedroom,Light,26.0,9.7,1.0,7.57,60.53,8.0,252.2,Low,,False
992,aug, Kitchen  ,WASHING MACHINE,666.0,1.4,3.0,83.92,671.33,8.0,2797.2,Med,,True
 45 ,Mar,drawing room,AC,-1449.0,9.7,3.0,1264.98,10119.82,8.0,-42165.9,HIGH,Spring,True
503,Oct,Bathroom,Washing Machine,495.0,0.7,1.0,10.39,83.16,8.0,346.5,Low,Autumn,True
608,September,Dining Room,Fan,53.0,15.7,1.0,24.96,199.7,8.0,832.1,medium,,False
91,Dec,Bathroom,LIGHT,28.0,8.5,1.0,7.14,57.12,8.0,238.0,low,Winter,False
818,Sep, Dining Room  ,Light,25.0,8.3,1.0,6.23,49.8,7.99,207.5,low,Autumn,False
903,Jan,-,AC,1122.0,3.1,1.0,104.35,834.77,8.0,3478.2,high,Winter,True
332,February,bedroom,TV,-134.0,240.0,1.0,9.65,77.18,8.0,-32160.0,low,,False
909,May,Kitchen,Washing Machine,604.0,0.8,3.0,43.49,347.9,8.0,1449.6,Medium,Spring,True
691,Jan,Drawing_Room,TV,174.0,3.2,3.0,50.11,400.9,8.0,1670.4,medium,Winter,False
72,July,LIVING ROOM,FAN,53.0,15.0,1.0,23.85,190.8,8.0,795.0,medium,,False
715,Jun,Bedroom,heater,1227.0,3.0,2.0,220.86,1766.88,8.0,7362.0,High,Summer,False
210,Jan,LIVING ROOM,Computer,204.0,9.8,3.0,179.93,1439.42,8.0,5997.6,High,Winter,False
46,Oct,,FAN,70.0,16.8,1.0,35.28,282.24,8.0,1176.0,Med,Autumn,False
863,May,living room,TV,138.0,4.0,2.0,33.12,264.96,8.0,1104.0,Med,Spring,False
170,May,BEDROOM,,16.0,4.6,2.0,4.42,35.33,7.99,147.2,Low,Spring,
360,Dec,Bedroom,ac,1190.0,2.2,,78.54,628.32,8.0,,Medium,Winter,True
699,SEP, Living Room  ,Fan,65.0,12.8,1.0.0,24.96,199.68,8.0,,medium,,False
808,Jan,,light,14.0,6.9,3.0,8.69,69.55,8.0,289.8,Low,Winter,False
373,Mar,Bedroom,Computer,226.0,8.0,3.0,162.72,1301.76,8.0,5424.0,High,Spring,False
306,May,unknown,LIGHT,34.0,7.3,2.0,14.89,119.14,8.0,496.4,Low,Spring,False
151,July, Living Room  ,not sure,20.0,5.5,3.0,9.9,79.2,8.0,330.0,low,,False
324,May,Bedroom,TV,158.0,2.4,2.0,22.75,182.02,8.0,758.4,Med,Spring,False
475,Sep,LIVING ROOM,Computer,228.0,7.6,1.0,51.98,415.87,8.0,1732.8,medium,Autumn,False
576,n/a,dining room,Fan,,15.6,2.0,63.65,509.18,8.0,,Medium,,False
267,,Living_Room,computer,248.0,4.2,2.0,62.5,499.97,8.0,2083.2,Med,,False
735,Dec,Bedroom,AC,1972.0,4.7,2.0,556.1,4448.83,8.0,18536.8,high,Winter,True
132,June,Bedroom, Fan  ,90.0,10.8,2.0,58.32,466.56,8.0,1944.0,Med,,False
643,April,Bedroom,Fan,58.0,11.9,3.0,62.12,496.94,8.0,2070.6,medium,,False
784,Aug,Drawing Room,AC,1123.0,10.0,1.0,336.9,2695.2,8.0,11230.0,HIGH,Summer,True
193,Jul, Drawing Room  ,Fan,75.0,12.9,1.0,29.02,232.2,8.0,967.5,Medium,Summer,False
788,Feb,Living Room, TV  ,194.0,3.7,3.0,64.6,516.82,8.0,2153.4,medium,Winter,False
254,February, Drawing Room  ,fan,-79.0,9.1,3.0,64.7,517.61,8.0,-2156.7,Medium,,False
179,Nov,Bathroom,,77.0,1689.9999999999998,2.0,78.08,624.62,8.0,260260.0,Med,Autumn,
436,April,Drawing Room,Light,?,8.5,1.0.0,5.36,42.84,7.99,,Low,,False
937,Mar,DRAWING ROOM,TV,146.0,4.3,1.0,18.83,150.67,8.0,627.8,low,Spring,False
511,Sep,LIVING ROOM,fan,55.0,16.6,1.0,27.39,219.12,8.0,913.0,Med,Autumn,False
458,Apr,Dining Room,Fan,82.0,15.6,2.0,76.75,614.02,8.0,2558.4,Med,Spring,False
641,Mar,?,Light,32.0,6.4,2.0,12.29,98.3,8.0,409.6,Low,Spring,False
660,Sep,Drawing_Room,Light,37.0,3.2,3.0,10.66,85.25,8.0,355.2,low,Autumn,False
587,Sep,living room,TV,200.0,4.2,2.0.0,50.4,403.2,8.0,,medium,Autumn,False
217,Dec,DINING ROOM,Light,23.0,9.8,2.0,13.52,108.19,8.0,450.8,low,Winter,False
25,Oct,Drawing_Room,TV,66.0,4.4,1.0.0,8.71,69.7,8.0,,Low,Autumn,False
907,March,Bathroom, Fan  ,71.0,10.8,2.0.0,46.01,368.06,8.0,,Medium,,False
556,Aug,dining room,Light,38.0,950.0,1.0,10.83,86.64,8.0,36100.0,low,Summer,False
221,jan, Drawing Room  ,TV,108.0,2.0,2.0,12.96,103.68,8.0,432.0,Low,,False
659,March, Kitchen  ,Washing Machine,413.0,1.1,2.0,27.26,218.06,8.0,908.6,Med,,True
346,Oct,Living Room,Computer,287.0,3.7,2.0,63.71,509.71,8.0,2123.8,Med,Autumn,False
240,February,Kitchen,Light,39.0,5.3,1.0,6.2,49.61,8.0,206.7,Low,,False
672,Feb,Bedroom,LIGHT,25.0,8.4,3.0,18.9,151.2,8.0,630.0,Low,Winter,False
868,Nov,Bedroom,AC,1421.0,8.7,2.0.0,741.76,5934.1,8.0,,high,Autumn,True
210,May,LIVING ROOM,tv,153.0,4.5,2.0,41.31,330.48,8.0,1377.0,Med,Spring,False
943,Aug,, TV  ,135.0,2.1,1.0,8.51,68.04,8.0,283.5,low,Summer,False
350,,Bedroom,Light,14.0,4.6,1.0.0,1.93,15.46,8.01,,low,,False
993,Oct,Living_Room,Light,11.0,5.1,2.0,3.37,26.93,7.99,112.2,low,Autumn,False
534,March,BEDROOM,ac,unknown,6.3,,718.2,5745.6,8.0,,High,,True
214,Dec,Kitchen,MICROWAVE,1128.0,0.3,2.0,20.3,162.43,8.0,676.8,medium,Winter,True
893,Jul,Drawing Room,Computer,114.0,4.5,3.0,46.17,369.36,8.0,1539.0,Medium,Summer,False
658,Jan,bedroom,Heater,1391.0,1.6,2.0.0,133.54,1068.29,8.0,,High,Winter,False
728,JUL,Kitchen, Fridge  ,230.0,19.7,3.0,407.79,3262.32,8.0,13593.0,HIGH,,True
836,November,Dining Room,Light,14.0,9.5,1.0,3.99,31.92,8.0,133.0,Low,,False
540,Aug,KITCHEN,Fridge,172.0,22.7,3.0.0,351.4,2811.17,8.0,,high,Summer,True
 331 ,May,Bathroom,LIGHT,13.0,8.7,1.0,3.39,27.14,8.01,113.1,Low,Spring,False
76,February, Bedroom  ,Fan,51.0,,1.0,11.47,91.8,8.0,,low,,False
868,April,dining room,LIGHT,33.0,9.8,1.0,9.7,77.62,8.0,323.4,Low,,False
330,May,kitchen,light,23.0,6.1,2.0,8.42,67.34,8.0,280.6,Low,Spring,False
839,Apr,kitchen,Washing Machine,500.0,1.3,2.0,39.0,312.0,8.0,1300.0,medium,Spring,True
843,Oct,KITCHEN,Fan,85.0,8.5,1.0,21.68,173.4,8.0,722.5,Medium,Autumn,False
625,May,LIVING ROOM,COMPUTER,273.0,8.0,2.0,131.04,1048.32,8.0,4368.0,high,Spring,False
362,Jun,Living Room,Fan,63.0,13.3,2.0,50.27,402.19,8.0,1675.8,Med,Summer,False
461,Apr,Bedroom,computer,177.0,8.0,2.0,84.96,679.68,8.0,2832.0,Med,Spring,False
465,APR, Living Room  ,AC,932.0,7.2,2.0,402.62,3220.99,8.0,13420.8,HIGH,,True
173,Dec,dining room, Fan  ,66.0,13.6,1.0,26.93,215.42,8.0,897.6,medium,Winter,False
927,Jun,Bedroom,TV,75.0,4.3,1.0,9.68,77.4,8.0,322.5,Low,Summer,False
27,Aug, Kitchen  ,Fan,75.0,14.1,1.0,31.73,253.8,8.0,1057.5,Med,Summer,False
94,SEP,Bathroom, Fan  ,66.0,8.8,3.0,,418.18,,1742.4,,,False
849,Apr,Drawing Room,Computer,119.0,4.4,2.0,31.42,251.33,8.0,1047.2,Medium,Spring,False
960,Jan,Bedroom,Light,11.0,7.4,3.0,7.33,58.61,8.0,244.2,Low,Winter,False
10,May, Kitchen  ,Light,36.0,5.9,1.0,6.37,50.98,8.0,212.4,Low,Spring,False
466,jul,BEDROOM,Computer,310.0,5.4,3.0,150.66,1205.28,8.0,5022.0,high,,False
733,Oct,Bedroom,TV,66.0,4.9,2.0.0,19.4,155.23,8.0,,Low,Autumn,False
569,Jun,Kitchen,LIGHT,27.0,3.9,2.0,6.32,50.54,8.0,210.6,low,Summer,False
660,Jan,Dining Room, Fan  ,82.0,16.9,2.0,83.15,665.18,8.0,2771.6,Medium,Winter,False
827,OCT,bedroom,TV,123.0,6.0,1.0,22.14,177.12,8.0,738.0,medium,,False
871,Aug,KITCHEN,FAN,81.0,9.3,2.0,45.2,361.58,8.0,1506.6,Medium,Summer,False
429,Jun,BEDROOM,Heater,988.0,2.2,2.0,130.42,1043.33,8.0,4347.2,High,Summer,False
593,AUG,Bedroom,TV,141.0,4.5,2.0,38.07,304.56,8.0,1269.0,medium,,False
446,Feb, Drawing Room  ,AC,902.0,5.7,1.0,154.24,1233.94,8.0,5141.4,High,Winter,True
892,Sep,,FAN,-81.0,8.1,3.0,59.05,472.39,8.0,-1968.3,medium,Autumn,False
 572 ,NOV,Dining Room,Fan,88.0,8.5,3.0,,538.56,,2244.0,,,False
589,May,Living Room,Computer,254.0,7.0,1.0,53.34,426.72,8.0,1778.0,Med,Spring,False
907,Mar,مش عارف,AC,1596.0,7.3,2.0,699.05,5592.38,8.0,23301.6,High,Spring,True
 504 ,Feb,Bathroom,Washing_Machine,,0.7,1.0,11.87,94.92,8.0,,low,Winter,True
811,Dec,Bedroom,Fan,58.0,11.9,1.0,20.71,165.65,8.0,690.2,Medium,Winter,False
964,Jun,مجهول, AC  ,1033.0,8.5,1.0,263.42,2107.32,8.0,8780.5,high,Summer,True
626,nov,Bathroom,Heater,912.0,3.2,3.0.0,262.66,2101.25,8.0,,High,,False
911,August,bedroom,TV,152.0,4.1,3.0,56.09,448700.0,7999.64,1869.6,Medium,,False
784,jul,Drawing Room,Light,27.0,5.8,1.0,4.7,37.58,8.0,156.6,low,,False
778,Feb,Living Room, Fan  ,57.0,9.9,2.0,33.86,270.86,8.0,1128.6,medium,Winter,False
9,January,Dining Room,FAN,83.0,11.6,2.0.0,,462.14,,,,,False
407,Nov,Living Room,light,16.0,,2.0,7.01,,,,Low,Autumn,False
768,June,Bedroom,Light,12.0,8.4,2.0,6.05,48.38,8.0,201.6,low,,False
235,Apr,DINING ROOM,Light,17.0,5.5,3.0,8.41,67.32,8.0,280.5,low,Spring,False
194,Feb,Drawing Room,Light,18.0,3.6,1.0,1.94,15.55,8.02,64.8,low,Winter,False
250,Sep,drawing room,TV,122.0,2.7,3.0,29.65,237.17,8.0,988.2,medium,Autumn,False
946,Aug,BEDROOM,AC,1924.0,2.5,3.0,432.9,,,14430.0,high,Summer,True
931,Jul,Bedroom,TV,69.0,3.3,3.0.0,20.49,163.94,8.0,,Med,Summer,False
992,Feb,Bathroom, Fan  ,-77.0,16.6,1.0,38.35,306.77,8.0,-1278.2,medium,Winter,False
235,Apr,Kitchen,n/a,18.0,9.7,1.0,,41.9,,174.6,,Spring,False
937,Apr, Drawing Room  ,Fan,89.0,8.8,3.0,70.49,563.9,8.0,2349.6,Med,Spring,False
692,Jun,LIVING ROOM,light,10.0,6.4,3.0,0.0057599999999999995,46080.0,8000000.0,192.0,low,Summer,False
161,June,DINING ROOM,Light,13.0,3.5,1.0,1.36,10.92,8.03,45.5,low,,False
274,July, Bathroom  ,Fan,60.0,12.2,1.0,21.96,175.68,8.0,732.0,Medium,,False
940,Aug,Dining Room,Light,13.0,6.2,3.0,7.25,58.03,8.0,241.8,Low,Summer,False
128,Jun,LIVING ROOM, Fan  ,-65.0,12.7,1.0.0,24.77,198.12,8.0,,Medium,Summer,False
983,Aug,Living Room,TV,184.0,2.6,1.0,14.35,114.82,8.0,478.4,low,Summer,False
241,Aug,Kitchen,-,84.0,13.7,2.0,69.05,552.38,8.0,2301.6,Med,Summer,False
874,jun,Bathroom,Fan,57.0,-17.6,1.0,30.1,240.77,8.0,-1003.2,Medium,,False
284,May,Drawing Room,Computer,202.0,9.7,2.0,117.56,940.51,8.0,3918.8,High,Spring,False
982,Dec, Kitchen  , Microwave  ,603.0,0.5,1.0.0,9.04,72.36,8.0,,Low,Winter,True
1000,September,Drawing Room,LIGHT,30.0,5.8,3.0,15.66,125.28,8.0,522.0,low,,False
845,Jan,BEDROOM,fan,74.0,6.6,2.0,29.3,234.43,8.0,976.8,Med,Winter,False
716,Jun,dining room,Fan,58.0,8.1,2.0,28.19,225.5,8.0,939.6,Med,Summer,False
940,Feb,living room,TV,86.0,3.5,1.0,9.03,72.24,8.0,301.0,low,Winter,False
656,May,Drawing Room,Light,?,7.9,1.0,8.77,70.15,8.0,,low,Spring,False
597,Jul,LIVING ROOM,fan,71.0,7.1,1.0,15.12,120.98,8.0,504.1,Low,Summer,False
416,October,Living Room,Fan,89.0,16.1,3.0,128.96,1031.69,8.0,4298.7,HIGH,,False
994,Jan,KITCHEN, Microwave  ,119500.0,0.4,3.0,?,344.16,,143400.0,,Winter,True
625,Oct, Living Room  ,Light,36.0,3.4,2.0,,58.75,,244.8,,Autumn,False
259,Sep,Kitchen,Fan,58.0,17.0,3.0,88.74,709.92,8.0,2958.0,Medium,Autumn,False
736,March,Living Room, TV  ,104.0,2.5,1.0,7.8,62.4,8.0,260.0,Low,,False
644,Jun,DINING ROOM,fan,88.0,8.0,1.0,21.12,168.96,8.0,704.0,Medium,Summer,False
420,May,Bedroom,Light,35.0,-4.0,3.0,12.6,100.8,8.0,-420.0,Low,Spring,False
474,Dec,drawing room,COMPUTER,294.0,3.9,1.0.0,34.4,275.18,8.0,,Medium,Winter,False
516,Sep,Living Room, TV  ,128.0,3.4,2.0.0,26.11,208.9,8.0,,medium,Autumn,False
82,Nov, Bedroom  ,computer,152.0,6.3,2.0,57.46,459.65,8.0,1915.2,Med,Autumn,False
28,Aug,Dining Room, Light  ,30.0,6.5,1.0,5.85,46.8,8.0,195.0,Low,Summer,False
821,apr,DINING ROOM,Fan,78.0,650.0,1.0,15.21,121.68,8.0,50700.0,Low,,False
400,September,Drawing Room,Light,34.0,3.7,3.0,11.32,90.58,8.0,377.4,Low,,False
545,Mar, Living Room  ,Computer,164.0,9.1,1.0,44.77,358.18,8.0,1492.4,Medium,Spring,False
93,Mar,Bedroom, Computer  ,366.0,7.8,3.0,,2055.46,,8564.4,,Spring,False
65,Sep, Living Room  ,TV,158.0,4.2,2.0,39.82,318.53,8.0,1327.2,Medium,Autumn,False
545,Oct,,MICROWAVE,657.0,0.2,3.0,11.83,94.61,8.0,394.2,low,Autumn,True
502,Dec,Living Room,,170.0,4.0,3.0,61.2,489.6,8.0,2040.0,Med,Winter,
843,Dec,Dining Room,Light,38.0,5.8,2.0.0,13.22,105.79,8.0,,low,Winter,False
745,Sep,مش عارف,Computer,254.0,7.4,3.0,169.16,,,5638.8,High,Autumn,False
373,Mar,DINING ROOM,Fan,64.0,10.4,1.0,19.97,159.74,8.0,665.6,low,Spring,False
442,jul,DINING ROOM,Light,25.0,6.2,3.0.0,13.95,111.6,8.0,,low,,False
804,Mar, Living Room  ,TV,100.0,5.6,2.0,33.6,268.8,8.0,1120.0,medium,Spring,False
350,Dec, Kitchen  ,Microwave,1039.0,0.4,3.0,37.4,299.23,8.0,1246.8,Medium,Winter,True
382,December,BEDROOM, Computer  ,215.0,8.9,2.0,114.81,918.48,8.0,3827.0,High,,False
245,Jun,Living Room,,34.0,8.5,1.0.0,8.67,69.36,8.0,,Low,Summer,
516,October,dining room,Light,25.0,3.0,1.0,2.25,18.0,8.0,75.0,low,,False
207,October,Kitchen,Fan,52.0,8.1,50.0,12.64,101.09,8.0,21060.0,low,,False
898,Nov,Living Room,light,35.0,8.9,2.0,18.69,149.52,8.0,623.0,Low,Autumn,False
522,Dec,KITCHEN,Light,25.0,6.2,1.0,,37.2,,155.0,,Winter,False
494,August,Bedroom,Computer,257.0,5.9,2.0,90.98,727.82,8.0,3032.6,medium,,False
82,December,BEDROOM,light,20.0,8.9,1.0,5.34,42.72,8.0,178.0,Low,,False
798,Jun,Bedroom,,15.0,6.3,2.0,5.67,45.36,8.0,189.0,Low,Summer,
163,Jan,Kitchen, Microwave  ,873.0,,1.0,10.48,83.81,8.0,,Low,Winter,True
386,Aug,living room,light,29.0,7.6,1.0,6.61,52.9,8.0,220.4,low,Summer,False
992,Oct,LIVING ROOM,computer,383.0,9.1,2.0,209.12,1672940.0,7999.9,6970.6,high,Autumn,False
818,Aug,living room,Fan,73.0,16.1,2.0,70.52,564.14,8.0,2350.6,Medium,Summer,False
419,Jan,Living Room, Computer  ,268.0,2.6,1.0,20.9,167.23,8.0,696.8,Medium,Winter,False
519,Nov, Bathroom  ,Fan,76.0,9.6,2.0,43.78,350.21,8.0,1459.2,Medium,Autumn,False
514,Oct,Living Room,Fan,62.0,10.3,2.0,38.32,,,1277.2,Medium,Autumn,False
464,jul,Kitchen,LIGHT,38.0,3.0,2.0,6.84,54.72,8.0,228.0,low,,False
824,AUG, Dining Room  ,light,35.0,10.0,1.0,10.5,84.0,8.0,350.0,low,,False
986,Nov,living room,Fan,77.0,12.9,2.0,59.6,476.78,8.0,1986.6,medium,Autumn,False
824,Jul, Living Room  , Computer  ,183.0,2.6,2.0,28.55,228.38,8.0,951.6,Medium,Summer,False
391,Feb,Bedroom,LIGHT,27.0,7.4,3.0,17.98,143.86,8.0,599.4,low,Winter,False
224,Dec,Bathroom,HEATER,900.0,1.8,1.0,48.6,388.8,8.0,1620.0,Med,Winter,False
52,Jun,Kitchen,LIGHT,22.0,3.4,1.0,2.24,17.95,8.01,74.8,Low,Summer,False
506,Apr,Bedroom,Heater,1046.0,1.8,2.0,112.97,,,3765.6,HIGH,Spring,False
268,August, Kitchen  ,Washing Machine,435.0,1.8,3.0,70.47,563.76,8.0,2349.0,Medium,,True
989,Nov,, Light  ,14.0,9.2,3.0,11.59,92.74,8.0,386.4,low,Autumn,False
516,Oct,bedroom,ac,1152.0,9.6,2.0,663.55,5308.42,8.0,22118.4,high,Autumn,True
351,Jul,DINING ROOM,light,11.0,3.4,2.0,2.24,17.95,8.01,74.8,Low,Summer,False
859,Oct,DRAWING ROOM,light,,error,3.0,13.61,108.86,8.0,,low,Autumn,False
401,February,Bedroom,light,13.0,,1.0,1.79,14.35,8.02,,Low,,False
250,Nov,bedroom,Fan,57.0,7.0,1.0,11.97,95.76,8.0,399.0,low,Autumn,False
143,jun,Bathroom, Heater  ,966.0,3.3,3.0,286.9,2295.22,8.0,9563.4,high,,False
115,jun,Bedroom,Light,33.0,-7.0,2.0,13.86,110.88,8.0,-462.0,low,,False
665,Nov, Dining Room  ,light,27.0,4.8,3.0,11.66,93.31,8.0,388.8,Low,Autumn,False
98,Sep,Drawing Room, Computer  ,137.0,5.2,2.0,42.74,341.95,8.0,1424.8,Med,Autumn,False
114,Mar,Drawing Room,Fan,61.0,13.7,1.0,25.07,200.57,8.0,835.7,Medium,Spring,False
274,MAR,Dining Room, Light  ,38.0,8.4,1.0,9.58,76.61,8.0,319.2,Low,,False
578,Sep,Drawing Room,AC,1493.0,5.3,2.0,474.77,3798.19,8.0,15825.8,High,Autumn,True
728,Apr,Living Room,TV,,5.2,1.0,9.98,79.87,8.0,,Low,Spring,False
884,sep,Living Room,AC,,2.9,3.0,453.1,3624.77,8.0,,High,,True
893,Feb,Bathroom, Fan  ,89.0,7.9,3.0,63.28,506.23,8.0,2109.3,medium,Winter,False
554,Apr, Living Room  ,AC,1321.0,8.0,1.0,317.04,2536.32,8.0,10568.0,HIGH,Spring,True
220,May,Bedroom,TV,164.0,2.8,3.0,41.33,330.62,8.0,1377.6,medium,Spring,False
646,feb,,Fan,90.0,12.4,3.0,100.44,803.52,8.0,3348.0,high,,False
718,Feb,LIVING ROOM,,29.0,5.5,1.0,4.79,38.28,7.99,159.5,low,Winter,
124,Apr,living room,fan,70.0,8.5,1.0,17.85,142.8,8.0,595.0,low,Spring,False
314,Jan,living room,light,30.0,5.1,3.0,13.77,110.16,8.0,459.0,Low,Winter,False
119,nov,DRAWING ROOM, Fan  ,54.0,11.4,1.0,18.47,147.74,8.0,615.6,low,,False
175,Dec,Drawing Room,FAN,82.0,10.4,1.0.0,25.58,,,,medium,Winter,False
400,AUG,drawing room,TV,186.0,2.8,2.0,31.25,249.98,8.0,1041.6,Med,,False
318,may,Bathroom,Light,29.0,8.4,1.0,7.31,58.46,8.0,243.6,Low,,False
416,Mar,Living Room,TV,95.0,4.3,2.0,24.51,196.08,8.0,817.0,Medium,Spring,False
986,Jun,BEDROOM,,1626.0,2.9,1.0,141.46,1131.7,8.0,4715.4,High,Summer,
711,Aug,Dining Room,Light,25.0,4.2,1.0,3.15,25.2,8.0,105.0,low,Summer,False
542,October,Bedroom, Heater  ,-1202.0,2.2,1.0,79.33,634.66,8.0,-2644.4,Med,,False
960,Jan,Drawing Room,Light,35.0,3.3,1.0,3.46,27.72,8.01,115.5,low,Winter,False
878,Jan,Living Room,Computer,318.0,6.9,3.0,197.48,1579.82,8.0,6582.6,High,Winter,False
839,Jun,Bedroom, TV  ,N/A,5.5,2.0,42.9,343.2,8.0,,Med,Summer,False
145,Oct,Living Room,AC,911.0,5.1,1.0,139.38,1115.06,8.0,4646.1,HIGH,Autumn,True
286,Jul,Kitchen,FRIDGE,209.0,-21.9,2.0.0,274.63,2197.01,8.0,,High,Summer,True
708,DEC,Dining Room,Fan,52.0,15.3,,71.6,572.83,8.0,,Med,,False
932,August,DRAWING ROOM,computer,142.0,3.2,2.0,27.26,218.11,8.0,908.8,Med,,False
986,May, Bedroom  ,ac,1620.0,500.0,3.0,729.0,5832.0,8.0,2430000.0,high,Spring,True
216,NOV,Kitchen,Fridge,222.0,23.0,1.0,153.18,1225.44,8.0,5106.0,High,,True
297,mar,Kitchen,Light,2400.0,3.2,2.0,4.61,36.86,8.0,15360.0,low,,False
548,Jul,Dining Room,Fan,73.0,9.9,1.0,21.68,173.45,8.0,722.7,Med,Summer,False
 335 ,oct,BATHROOM,Fan,60.0,13.3,2.0,47.88,383.04,8.0,1596.0,Med,,False
863,December,Drawing Room,,21.0,4.9,1.0,3.09,24.7,7.99,102.9,low,,
245,Mar,LIVING ROOM,Computer,120.0,3.0,3.0,32.4,259.2,8.0,1080.0,Med,Spring,False
97,Apr,kitchen,washing machine,,1.6,2.0,51.26,410.11,8.0,,medium,Spring,True
99,May, Drawing Room  ,TV,156.0,3.6,150.0,50.54,404.35,8.0,84240.0,Medium,Spring,False
100,May,Drawing Room, Light  ,35.0,4.3,3.0,13.54,108.36,8.0,451.5,low,Spring,False
262,July,Bedroom,ac,1525.0,2.5,3.0,343.12,2745.0,8.0,11437.5,High,,True
677,feb,,AC,970.0,5.2,1.0,151.32,1210.56,8.0,5044.0,HIGH,,True
814,dec,Bathroom,Fan,78.0,6.1,3.0,42.82,342.58,8.0,1427.4,Med,,False
827,Jun,LIVING ROOM, Computer  ,400.0,7.3,3.0,262.8,2102.4,8.0,8760.0,High,Summer,False
589,dec,DINING ROOM,Light,12.0,5.5,3.0.0,5.94,47.52,8.0,,low,,False
804,November,Drawing_Room,light,3600.0,330.0,1.0,3.56,28.51,8.01,1188000.0,Low,,False
681,Jul,Living Room,TV,156.0,5.0,1.0.0,23.4,187.2,8.0,,Medium,Summer,False
31,December,?, Computer  ,,7.2,3.0,152.28,1218.24,8.0,,High,,False
510,Apr,Living Room,AC,1328.0,5.8,2.0,462.14,3697.15,8.0,15404.8,high,Spring,True
 305 ,April,kitchen,Microwave,635.0,unknown,3.0,11.43,91.44,8.0,,Low,,True
431,mar,KITCHEN,microwave,886.0,0.1,3.0.0,7.97,63.79,8.0,,low,,True
344,feb,drawing room,fan,77.0,16.8,1.0,38.81,310.46,8.0,1293.6,Med,,False
622,Oct,bathroom, Heater  ,?,1.4,3.0,153.85,1230.77,8.0,,high,Autumn,False
185,Nov,Bathroom, Heater  ,934.0,3.2,3.0,268.99,2151.94,8.0,8966.4,HIGH,Autumn,False
426,Dec,,Light,39.0,6.5,2.0,15.21,121.68,8.0,507.0,Low,Winter,False
917,Jul,Drawing Room, Fan  ,69.0,9.8,1.0,20.29,162.29,8.0,676.2,Medium,Summer,False
34,January,dining room,fan,77.0,16.5,1.0,38.12,,,1270.5,Med,,False
943,March,KITCHEN,fridge,276.0,23.6,2.0.0,390.82,3126.53,8.0,,High,,True
507,AUG,Bedroom,HEATER,856.0,3.7,1.0,95.02,760.13,8.0,3167.2,Med,,False
340,April,Kitchen, Light  ,13.0,8.1,2.0,6.32,50.54,8.0,210.6,low,,False
334,unknown,Drawing Room,tv,113.0,5.6,3.0,56.95,455.62,8.0,1898.4,Med,,False
130,Apr,kitchen,Fan,87.0,16.1,1.0,42.02,336.17,8.0,1400.7,medium,Spring,False
744,Jan,Living_Room, Light  ,26.0,3.1,2.0.0,4.84,38.69,7.99,,low,Winter,False
946,Mar,Kitchen,Fridge,230.0,22.2,2.0,306.36,2450.88,8.0,10212.0,high,Spring,True
684,not sure,LIVING ROOM,Light,N/A,7.4,3.0,9.99,79.92,8.0,,low,,False
649,Jun,Bedroom,TV,99.0,3.3,3.0,29.4,235.22,8.0,980.1,medium,Summer,False
269,JUN, Drawing Room  ,Light,20.0,9.0,1.0,5.4,43.2,8.0,180.0,Low,,False
213,May, Living Room  ,,66.0,3.3,2.0.0,13.07,104.54,8.0,,Low,Spring,
362,Jan,Dining Room,Light,36.0,8.6,2.0,18.58,148.61,8.0,619.2,Low,Winter,False
160,Jan,BATHROOM,,22.0,-,2.0,9.64,77.09,8.0,,low,Winter,
898,Mar,LIVING ROOM, Fan  ,70.0,16.6,1.0.0,34.86,278.88,8.0,,Medium,Spring,False
561,August,Drawing Room,Computer,392.0,560.0,2.0,131.71,1053.7,8.0,439040.0,High,,False
22,Jan,Drawing_Room, Light  ,11.0,6.4,1.0,?,16.9,,70.4,,Winter,False
 334 ,Mar,Drawing Room, AC  ,1998.0,6.6,1.0.0,395.6,3164.83,8.0,,high,Spring,True
607,Aug,kitchen,Microwave,959.0,0.2,1.0,5.75,46.03,8.01,191.8,Low,Summer,True
179,Feb,, AC  ,1997.0,8.5,3.0,1527.7,12221.64,8.0,50923.5,High,Winter,True
544,Jan,Dining Room, Fan  ,89.0,7.6,1.0,20.29,162.34,8.0,676.4,medium,Winter,False
740,Feb,Bedroom,Fan,67.0,10.9,3.0,65.73,525.82,8.0,2190.9,Medium,Winter,False
653,Jan,,Computer,121.0,9.1,3.0,99.1,792.79,8.0,3303.3,Med,Winter,False
340,October,Dining Room,Light,22.0,7.9,2.0,10.43,83420.0,7998.08,347.6,low,,False
896,Oct,Bedroom,Heater,1137.0,390.0,1.0,133.03,1064.23,8.0,443430.0,High,Autumn,False
 677 ,FEB,Bedroom,Computer,332.0,6.8,2.0,135.46,1083.65,8.0,4515.2,high,,False
862,February,Dining Room,light,17.0,6.5,2.0,6.63,53.04,8.0,221.0,low,,False
775,oct,Drawing Room, TV  ,,,1.0,26.97,215.76,8.0,,medium,,False
464,NOV, Kitchen  ,Fridge,148.0,18.6,1.0,82.58,660.67,8.0,2752.8,Med,,True
336,Mar,drawing room,AC,1948.0,2.6,2.0,303.89,2431.1,8.0,10129.6,HIGH,Spring,True
140,sep,,TV,83.0,3.6,2.0,17.93,143.42,8.0,597.6,Low,,False
435,January,Living Room,TV,115.0,4.5,1.0,0.015529999999999999,124.2,7997.42,517.5,Low,,False
539,Feb,,Computer,283.0,,3.0,63.67,509.4,8.0,,Medium,Winter,False
648,Aug,Living Room,Fan,68.0,,2.0,41.62,332.93,8.0,,Med,Summer,False
148,jul, Living Room  ,fan,?,11.9,1.0,29.99,239.9,8.0,,Med,,False
 292 ,Dec,KITCHEN,Fridge,248.0,21.6,1.0,160.7,1285.63,8.0,5356.8,HIGH,Winter,True
153,,Bedroom,AC,950.0,6.3,3.0,538.65,4309.2,8.0,17955.0,High,,True
761,Dec,Dining Room, Light  ,19.0,7.4,3.0,12.65,101.23,8.0,421.8,Low,Winter,False
469,Oct,, Heater  ,1308.0,3.2,2.0,251.14,2009.09,8.0,8371.2,High,Autumn,False
545,,, AC  ,1234.0,7.7,1.0,285.05,2280.43,8.0,9501.8,high,,True
 892 ,Jun,kitchen,unknown,86.0,,3.0,62.69,501.55,8.0,,Med,Summer,False
470,Aug,Dining_Room,Fan,53.0,18.0,2.0,57.24,457.92,8.0,1908.0,medium,Summer,False
 226 ,Mar,kitchen,Washing Machine,613.0,1.1,3.0,60.69,485.5,8.0,2022.9,Med,Spring,True
460,مش عارف,Living Room,AC,1741.0,8.0,1.0,417.84,3342.72,8.0,13928.0,high,,True
654,December,Kitchen,Microwave,1142.0,0.3,2.0,20.56,164.45,8.0,685.2,Medium,,True
610,Oct,Bathroom,washing machine,762.0,1.7,3.0,116.59,932.69,8.0,3886.2,HIGH,Autumn,True
739,Jul,drawing room,Fan,84.0,11.9,2.0,59.98,479.81,8.0,1999.2,Med,Summer,False
658,May,LIVING ROOM,Fan,77.0,11.0,3.0,76.23,609.84,8.0,2541.0,medium,Spring,False
695,Nov,Bedroom,fan,83.0,9.7,3.0,72.46,579.67,8.0,2415.3,Medium,Autumn,False
13,March,KITCHEN,مجهول,440.0,1.9,2.0,50.16,401.28,8.0,1672.0,Med,,False
477,August,drawing room,Light,11.0,6.8,2.0,?,35.9,,149.6,,,False
122,jan,Kitchen,light,40.0,8.0,3.0,28.8,230.4,8.0,960.0,Med,,False
736,mar,Dining Room,Fan,85.0,14.5,3.0,110.92,887.4,8.0,3697.5,high,,False
927,Oct,Living Room,Light,32.0,5.0,1.0,4.8,38.4,8.0,160.0,Low,Autumn,False
937,Jul,Bedroom, Computer  ,302.0,,1.0,57.08,456.62,8.0,,Medium,Summer,False
623,Feb,Bathroom,heater,1374.0,1.3,1.0,53.59,428.69,8.0,1786.2,medium,Winter,False
44,Jul,Kitchen, Fan  ,75.0,8.6,2.0,38.7,309.6,8.0,1290.0,medium,Summer,False
870,October,Dining Room,Light,20.0,8.2,1.0,4.92,39.36,8.0,164.0,Low,,False
477,Mar,Drawing Room,,11.0,3.3,150.0,3.27,26.14,7.99,5445.0,low,Spring,
33,Oct, Kitchen  ,Light,26.0,9.0,1.0,7.02,56.16,8.0,234.0,low,Autumn,False
118,Apr,BATHROOM,Heater,1357.0,1.7,1.0,69.21,553.66,8.0,2306.9,Medium,Spring,False
179,Apr,BATHROOM,HEATER,936.0,2.0,1.0.0,56.16,449.28,8.0,,Medium,Spring,False
992,Jun,bathroom,Light,12.0,4.8,3.0,5.18,41.47,8.01,172.8,Low,Summer,False
434,Aug,Dining Room,Fan,59.0,unknown,2.0.0,40.0,320.02,8.0,,medium,Summer,False
243,may,BEDROOM,Light,39.0,7.7,1.0,9.01,72.07,8.0,300.3,Low,,False
822,Mar,Bathroom, Light  ,11.0,5.1,3.0,5.05,40.39,8.0,168.3,Low,Spring,False
706,Jan,DRAWING ROOM,TV,67.0,2.3,3.0,13.87,110.95,8.0,462.3,low,Winter,False
204,Sep,Drawing Room,Computer,359.0,?,3.0,261.71,2093.69,8.0,,HIGH,Autumn,False
86,FEB,bathroom, Fan  ,64.0,10.7,3.0,61.63,493.06,8.0,2054.4,Med,,False
259,July,Dining Room,Light,2200.0,7.9,3.0.0,15.64,125.14,8.0,,low,,False
779,May,,AC,1966.0,5.2,1.0,306.7,2453.57,8.0,10223.2,high,Spring,True
927,Apr,Bedroom,computer,102.0,6.6,3.0,60.59,484.7,8.0,2019.6,medium,Spring,False
995,Nov,Drawing Room,Computer,193.0,2.7,1.0,15.63,125.06,8.0,521.1,low,Autumn,False
950,Jan, Drawing Room  ,ac,962.0,250.0,1.0,72.15,577.2,8.0,240500.0,medium,Winter,True
59,November, Living Room  ,LIGHT,16.0,7.6,3.0,10.94,87.55,8.0,364.8,low,,False
204,oct,DINING ROOM,Fan,67.0,16.5,1.0.0,33.16,265.32,8.0,,Med,,False
485,September,Dining Room,light,unknown,4.4,3.0.0,15.84,126.72,8.0,,Low,,False
296,April,Drawing Room,ac,1279.0,5.7,1.0,218.71,1749.67,8.0,7290.3,High,,True
169,Feb,Kitchen, Washing Machine  ,799.0,1.2,1.0,28.76,230.11,8.0,958.8,Medium,Winter,True
491,Apr,Kitchen,Light,25.0,3.4,1.0,2.55,20.4,8.0,85.0,Low,Spring,False
560,Apr,KITCHEN,Fridge,296.0,22.2,1.0,197.14,1577.09,8.0,6571.2,High,Spring,True
732,June, Bedroom  , AC  ,1999.0,4.0,3.0,719.64,5757.12,8.0,23988.0,HIGH,,True
257,June,living room,LIGHT,23.0,5.9,3.0,,97.7,,407.1,,,False
481,Apr,Kitchen,microwave,671.0,0.3,1.0,6.04,48.31,8.0,201.3,low,Spring,True
419,June,living room,Computer,289.0,4.0,3.0,104.04,832.32,8.0,3468.0,HIGH,,False
34,Jan,Dining Room,Fan,66.0,,1.0,14.06,112.46,8.0,,low,Winter,False
454,Jan,Living Room,Light,20.0,7.0,1.0,4.2,33.6,8.0,140.0,Low,Winter,False
431,Oct, Bedroom  ,AC,1661.0,4.9,3.0,732.5,5860.01,8.0,24416.7,high,Autumn,True
351,Nov,Bathroom,HEATER,1233.0,1.5,2.0,110.97,887.76,8.0,3699.0,HIGH,Autumn,False
993,February,Bathroom,LIGHT,36.0,-9.0,2.0,19.44,155.52,8.0,-648.0,low,,False
876,April,living room,Light,37.0,7.0,1.0.0,7.77,62.16,8.0,,Low,,False
661,Jun,DRAWING ROOM,FAN,68.0,6.8,,13.87,110.98,8.0,,low,Summer,False
504,Mar, Kitchen  ,Fan,64.0,7.1,1.0,13.63,109.06,8.0,454.4,Low,Spring,False
162,Dec,drawing room,Light,33.0,,2.0,10.69,85.54,8.0,,Low,Winter,False
 954 ,JAN,Living_Room,Light,21.0,7.9,3.0,14.93,119.45,8.0,497.7,Low,,False
941,April,drawing room,LIGHT,36.0,8.2,3.0,26.57,212.54,8.0,885.6,Medium,,False
754,Jul, Kitchen  , Microwave  ,840.0,0.2,2.0.0,unknown,80.64,,,,Summer,True
37,Oct,Bedroom,heater,1217.0,,1.0,80.32,642.58,8.0,,Med,Autumn,False
63,Sep,BEDROOM,FAN,67.0,10.5,3.0,63.31,506.52,8.0,2110.5,medium,Autumn,False
676,April, Kitchen  ,LIGHT,37.0,7.1,3.0,23.64,189.14,8.0,788.1,Med,,False
877,October,Drawing Room,AC,1625.0,2.3,1.0,112.12,897.0,8.0,3737.5,HIGH,,True
143,Apr,Drawing_Room,Unknown,126.0,300.0,3.0,34.02,272.16,8.0,113400.0,Med,Spring,False
577,Aug,Living Room,fan,60.0,12.7,2.0,45.72,365.76,8.0,1524.0,Medium,Summer,False
522,Nov, Dining Room  ,fan,90.0,1170.0,1.0,31.59,,,105300.0,medium,Autumn,False
995,Jan,BATHROOM, Heater  ,1439.0,2.7,2.0,233.12,1864.94,8.0,7770.6,high,Winter,False
474,January,DINING ROOM,Fan,88.0,8.4,3.0,66.53,532.22,8.0,2217.6,Medium,,False
934,Oct,Dining Room,LIGHT,24.0,9.5,2.0,13.68,109.44,8.0,456.0,low,Autumn,False
37,July,Kitchen,Light,11.0,7.6,2.0,5.02,40.13,7.99,167.2,low,,False
803,November,Drawing Room,FAN,79.0,13.5,2.0,63.99,511.92,8.0,2133.0,medium,,False
738,Oct, Bedroom  ,Computer,139.0,4.3,1.0,17.93,143.45,8.0,597.7,Low,Autumn,False
188,JAN, Living Room  ,TV,193.0,3.4,1.0,19.69,157.49,8.0,656.2,low,,False
658,November,dining room,LIGHT,17.0,unknown,1.0,2.65,21.22,8.01,,Low,,False
316,August,Drawing Room,,1061.0,,2.0,426.52,3412.18,8.0,,HIGH,,
316,Dec,Drawing Room,AC,1677.0,6.5,2.0,654.03,5232.24,8.0,21801.0,High,Winter,True
443,May,Bathroom,Light,39.0,5.4,3.0,18.95,151.63,8.0,631.8,Low,Spring,False
584,Jan,Kitchen,Light,11.0,3.1,,2.05,16370.000000000002,7985.37,,low,Winter,False
289,AUG,Drawing Room,TV,155.0,3.9,1.0,18.14,145.08,8.0,604.5,Low,,False
614,Jul,DINING ROOM,Fan,85.0,8.6,2.0,43.86,350.88,8.0,1462.0,medium,Summer,False
 227 ,Jan,Drawing Room,AC,1762.0,4.2,3.0,666.04,5328.29,8.0,22201.2,HIGH,Winter,True
763,mar, Bedroom  ,Fan,82.0,-16.0,,78.72,629.76,8.0,,Med,,False
176,DEC,Kitchen,fridge,-141.0,23.2,1.0,98.14,785.09,8.0,-3271.2,Med,,True
735,Dec,Bedroom, TV  ,165.0,4.3,2.0,42.57,340.56,8.0,1419.0,medium,Winter,False
541,August,Bathroom,Washing Machine,728.0,1.6,1.0,34.94,279.55,8.0,1164.8,medium,,True
940,jun, Bathroom  ,WASHING MACHINE,436.0,1.5,3.0,58.86,470.88,8.0,1962.0,medium,,True
132,Apr,Living Room,AC,1099.0,8.4,1.0,276.95,2215.58,8.0,9231.6,High,Spring,True
365,Apr, Living Room  ,,1508.0,9.1,3.0,1235.05,9880.42,8.0,41168.4,High,Spring,
993,Sep, Living Room  ,ac,1055.0,6.5,3.0,617.17,4937.4,8.0,20572.5,HIGH,Autumn,True
628,Jun,BEDROOM,TV,196.0,4.5,2.0,52.92,423.36,8.0,1764.0,Med,Summer,False
869,Dec,kitchen,Microwave,976.0,0.3,3.0,26.35,210.82,8.0,878.4,Medium,Winter,True
437,jan, Drawing Room  ,Computer,294.0,6.5,2.0,114.66,917.28,8.0,3822.0,High,,False
52,Jul,Drawing Room, AC  ,,9.7,2.0,605.28,4842.24,8.0,,HIGH,Summer,True
646,December,Living_Room,TV,160.0,5.0,1.0,24.0,192.0,8.0,800.0,Med,,False
449,مجهول,living room,Fan,53.0,15.0,1.0.0,23.85,190.8,8.0,,medium,,False
310,,Dining_Room,light,25.0,6.5,3.0,14.62,117.0,8.0,487.5,low,,False
863,Apr,Bedroom,Heater,836.0,3.8,3.0,285.91,2287.3,8.0,9530.4,High,Spring,False
443,May,Living Room,Light,37.0,3.9,,8.66,69.26,8.0,,low,Spring,False
943,Aug, Bedroom  ,tv,,3.1,1.0,13.11,104.9,8.0,,Low,Summer,False
508,Mar,dining room,FAN,56.0,8.6,2.0,28.9,231.17,8.0,963.2,medium,Spring,False
61,Feb,Drawing Room, Computer  ,-282.0,6.1,3.0,154.82,,,-5160.6,high,Winter,False
 430 ,Nov,Drawing Room,Light,29.0,8.7,3.0,22.71,181.66,8.0,756.9,medium,Autumn,False
533,Nov,bedroom, Computer  ,139.0,,1.0,22.52,180.14,8.0,,medium,Autumn,False
90,January,Dining Room,Fan,62.0,13.6,2.0.0,50.59,404.74,8.0,,Medium,,False
 544 ,Dec,bathroom,Washing Machine,467.0,0.9,3.0,37.83,302.62,8.0,1260.9,medium,Winter,True
763,May,Bathroom,Fan,63.0,8.0,1.0,15.12,120.96,8.0,504.0,Low,Spring,False
917,jun,Bedroom,COMPUTER,221.0,,3.0,190.94,1527.55,8.0,,HIGH,,False
534,Nov,drawing room, Computer  ,177.0,8.7,2.0,92.39,739.15,8.0,3079.8,medium,Autumn,False
801,June,DRAWING ROOM,Light,24.0,3.7,2.0,5.33,42.62,8.0,177.6,Low,,False
673,Dec,مش عارف,Fridge,214.0,19.1,1.0,0.12262,980.98,8000.16,4087.4,low,Winter,True
647,Jul,dining room,Light,22.0,5.1,2.0,6.73,53.86,8.0,224.4,low,Summer,False
916,Oct,Kitchen,Microwave,711.0,0.1,3.0,6.4,51.19,8.0,213.3,Low,Autumn,True
38,May,DRAWING ROOM,Light,25.0,3.4,2.0.0,5.1,,,,Low,Spring,False
220,Jun,unknown,COMPUTER,307.0,4.5,1.0.0,41.45,331.56,8.0,,medium,Summer,False
900,Feb,BEDROOM,light,39.0,4.4,1.0,5.15,41.18,8.0,171.6,low,Winter,False
672,Sep,drawing room,Light,14.0,6.5,3.0,8.19,65.52,8.0,273.0,Low,Autumn,False
244,sep,kitchen,Microwave,1093.0,0.4,3.0,39.35,314.78,8.0,1311.6,medium,,True
173,Oct,Kitchen,FAN,73.0,7.5,1.0,16.43,131.4,8.0,547.5,Low,Autumn,False
776,jul,KITCHEN,Fan,75.0,7.5,3.0,50.62,405.0,8.0,1687.5,medium,,False
449,Oct,Bedroom,Computer,134.0,-,1.0.0,13.27,106.13,8.0,,low,Autumn,False
228,February,Living Room,FAN,73.0,11.9,1.0,26.06,208.49,8.0,868.7,Medium,,False
750,Mar, Kitchen  ,Fridge,104.0,21.3,2.0,132.91,1063.3,8.0,4430.4,HIGH,Spring,True
853,Dec,Bathroom,Light,38.0,8.3,1.0,9.46,75.7,8.0,315.4,Low,Winter,False
535,May,Drawing Room,TV,185.0,4.8,3.0,79.92,639.36,8.0,2664.0,medium,Spring,False
607,Jan,Drawing Room,fan,85.0,17.3,3.0,132.34,1058.76,8.0,4411.5,HIGH,Winter,False
631,November, Dining Room  ,FAN,90.0,6.1,1.0.0,16.47,131.76,8.0,,Low,,False
345,Apr,Living Room,computer,267.0,5.4,1.0.0,43.25,346.03,8.0,,Med,Spring,False
395,Dec,Drawing_Room,TV,99.0,2.2,2.0,13.07,104.54,8.0,435.6,low,Winter,False
623,Sep, Living Room  ,light,34.0,7.0,3.0,21.42,171.36,8.0,714.0,Med,Autumn,False
35,Dec,BEDROOM,TV,106.0,5.4,3.0.0,51.52,412.13,8.0,,Med,Winter,False
992,Aug,Drawing Room,unknown,1931.0,4.4,3.0,764.68,6117.41,8.0,25489.2,HIGH,Summer,False
816,Mar, Living Room  ,ac,,8.9,3.0,905.93,7247.45,8.0,,HIGH,Spring,True
458,Nov,Bedroom, Fan  ,77.0,8.2,3.0,56.83,454.61,8.0,1894.2,Medium,Autumn,False
594,Jan,Bedroom,TV,176.0,5.9,1.0,31.15,249.22,8.0,1038.4,medium,Winter,False
61,Feb,kitchen,washing machine,652.0,0.6,1.0,11.74,93.89,8.0,391.2,Low,Winter,True
725,Jan,Dining Room,Light,23.0,6.3,2.0,8.69,69.55,8.0,289.8,low,Winter,False
 754 ,November,DINING ROOM,light,36.0,8.6,1.0,9.29,74.3,8.0,309.6,Low,,False
387,May,Dining Room, Fan  ,77.0,13.5,,93.56,748.44,8.0,,Medium,Spring,False
229,Oct,LIVING ROOM,AC,1174.0,3.1,1.0,109.18,873.46,8.0,3639.4,High,Autumn,True
871,sep,Kitchen,Light,16.0,3.8,1.0,1.82,14.59,8.02,60.8,Low,,False
525,May,na,AC,1962.0,5.0,1.0,294.3,2354.4,8.0,9810.0,High,Spring,True
370,Feb,Drawing Room, Computer  ,320.0,9.9,1.0,95.04,760.32,8.0,3168.0,Med,Winter,False
 597 ,January,drawing room,Computer,,4.3,1.0,43.73,349.85,8.0,,Med,,False
251,Aug,DRAWING ROOM,Fan,61.0,15.7,1.0,28.73,229.85,8.0,957.7,medium,Summer,False
587,aug,DRAWING ROOM,TV,186.0,5.6,2.0,62.5,499.97,8.0,2083.2,Med,,False
467,May,Dining_Room,Light,-,9.6,3.0,8.64,69.12,8.0,,Low,Spring,False
915,Aug,Bathroom,Light,19.0,5.0,3.0,8.55,68.4,8.0,285.0,low,Summer,False
540,May,Kitchen,MICROWAVE,619.0,,3.0,16.71,133.7,8.0,,Low,Spring,True
186,Aug,Bedroom,FAN,61.0,9.3,1.0,17.02,136.15,8.0,567.3,Low,Summer,False
920,Apr,Kitchen,Fan,58.0,16.5,3.0,86.13,689.04,8.0,2871.0,Med,Spring,False
 455 ,, Bedroom  ,Fan,87.0,11.8,3.0,92.39,739.15,8.0,3079.8,Medium,,False
562,May,bedroom,LIGHT,11.0,6.0,3.0,5.94,47.52,8.0,198.0,low,Spring,False
31,Sep, Living Room  ,FAN,58.0,6.9,1.0,12.01,96.05,8.0,400.2,low,Autumn,False
233,Jun,Kitchen, Light  ,36.0,3.7,1.0,0.004,31.97,7992.5,133.2,low,Summer,False
265,December,Kitchen,Light,10.0,9.6,3.0,8.64,,,288.0,low,,False
216,mar,Drawing_Room, Fan  ,60.0,15.3,3.0,82.62,660.96,8.0,2754.0,medium,,False
885,Jul,Living Room,computer,372.0,5.7,3.0,190.84,1526.69,8.0,6361.2,HIGH,Summer,False
108,Mar,Drawing Room, Fan  ,76.0,10.2,3.0,69.77,558.14,8.0,2325.6,Med,Spring,False
148,مش عارف,, AC  ,1688.0,7.1,3.0,1078.63,8629.06,8.0,35954.4,high,,True
274,February,n/a,TV,71.0,4.2,1.0,8.95,71.57,8.0,298.2,low,,False
267,sep,,Fan,57.0,7.7,2.0,26.33,210.67,8.0,877.8,medium,,False
642,June, Kitchen  ,Microwave,1080.0,0.1,1.0,3.24,25.92,8.0,108.0,Low,,True
591,Aug,Living Room,Light,37.0,9.9,2.0,21.98,175.82,8.0,732.6,medium,Summer,False
214,May,Living_Room,fan,53.0,16.6,2.0,52.79,422.3,8.0,1759.6,Med,Spring,False
515,sep, Living Room  ,Fan,84.0,12.7,3.0.0,96.01,768.1,8.0,,medium,,False
759,Jul,Bedroom,Light,18.0,3.4,2.0,3.67,29.38,8.01,122.4,Low,Summer,False
405,Apr,Kitchen, Fridge  ,160.0,22.9,3.0,329.76,2638.08,8.0,10992.0,HIGH,Spring,True
147,Feb,bedroom,Heater,1200.0,1.7,3.0,183.6,1468.8,8.0,6120.0,High,Winter,False
674,Oct,Drawing_Room,Fan,87.0,13.3,1.0,34.71,277.7,8.0,1157.1,medium,Autumn,False
852,May,Dining_Room,fan,71.0,18.0,3.0,115.02,920.16,8.0,3834.0,High,Spring,False
891,April,kitchen,Fan,71.0,14.7,2.0,62.62,500.98,8.0,2087.4,Med,,False
36,May, Bedroom  ,Heater,1096.0,2.7,3.0,266.33,2130.62,8.0,8877.6,high,Spring,False
498,Sep,kitchen,Microwave,756.0,0.2,3.0,13.61,108.86,8.0,453.6,Low,Autumn,True
592,Jul,living room,Light,29.0,7.9,1.0,6.87,54.98,8.0,229.1,low,Summer,False
466,Jun, Bedroom  ,,30.0,9.2,2.0,16.56,132.48,8.0,552.0,Low,Summer,
400,March, Bedroom  ,Light,31.0,8.9,3.0,24.83,198.65,8.0,827.7,Medium,,False
159,Jun,,Light,,5.4,1.0,1.94,15.55,8.02,,Low,Summer,False
926,Apr,Living Room,fan,83.0,17.8,2.0,,709.15,,2954.8,,Spring,False
758,Oct,Kitchen,Washing Machine,444.0,1.1,2.0,29.3,234.43,8.0,976.8,Medium,Autumn,True
674,,Drawing_Room,AC,1311.0,6.2,2.0.0,487.69,3901.54,8.0,,HIGH,,True
879,Apr,Kitchen,Fan,84.0,6.7,1.0,16.88,135.07,8.0,562.8,low,Spring,False
782,Feb,Living Room, Computer  ,288.0,8.7,3.0,225.5,1804.03,8.0,7516.8,High,Winter,False
862,na,unknown,AC,1243.0,8.5,2.0,633.93,5071.44,8.0,21131.0,High,,True
34,Dec,Bedroom,Light,19.0,4.0,3.0,6.84,54.72,8.0,228.0,Low,Winter,False
891,Jan,KITCHEN,Microwave,688.0,0.2,50.0,4.13,33.02,8.0,6880.0,Low,Winter,True
449,Aug,Bedroom,Heater,1252.0,2.4,2.0,180.29,1442.3,8.0,6009.6,High,Summer,False
94,N/A,Living_Room,ac,1314.0,5.0,1.0.0,197.1,1576.8,8.0,,High,,True
437,NOV,Dining_Room,Fan,86.0,8.3,1.0.0,21.41,171.31,8.0,,Medium,,False
92,Nov,Living Room,fan,82.0,17.1,1.0,42.07,336.53,8.0,1402.2,medium,Autumn,False
640,DEC,Drawing Room,Computer,-,6.3,3.0,131.54,1052.35,8.0,,High,,False
989,November,Dining Room,Fan,78.0,11.0,2.0,51.48,411.84,8.0,1716.0,Medium,,False
727,September,Bathroom, Heater  ,866.0,2.1,1.0,54.56,436.46,8.0,1818.6,Med,,False
504,NOV,dining room,Fan,86.0,15.8,3.0,122.29,978.34,8.0,4076.4,High,,False
413,Jul,Bathroom, Heater  ,-1367.0,-2.7,2.0,221.45,1771.63,8.0,7381.8,high,Summer,False
857,Feb,Living Room,AC,1206.0,2.2,2.0,159.19,1273.54,8.0,5306.4,high,Winter,True
854,Feb,drawing room,computer,228.0,6.6,2.0,90.29,722.3,8.0,3009.6,Medium,Winter,False
672,Aug,Kitchen, Microwave  ,912.0,0.5,2.0,27.36,218.88,8.0,912.0,Medium,Summer,True
927,Mar, Dining Room  ,Light,15.0,5.0,2.0,4.5,36.0,8.0,150.0,low,Spring,False
712,JAN,Dining Room,light,12.0,-8.1,1.0,2.92,23.33,7.99,-97.2,low,,False
825,Sep,Living Room,Fan,86.0,8.8,2.0,45.41,363.26,8.0,1513.6,Medium,Autumn,False
982,January,Kitchen, Microwave  ,811.0,0.2,3.0,14.6,116.78,8.0,486.6,Low,,True
903,Jan,-,AC,1122.0,3.1,1.0,104.35,834.77,8.0,3478.2,High,Winter,True
561,Aug,?,Light,34.0,9.6,3.0,29.38,235.01,8.0,979.2,Med,Summer,False
653,September,Bathroom,light,22.0,7.9,1.0,5.21,41.71,8.01,173.8,Low,,False
353,jun,Bathroom,Light,29.0,6.6,2.0,11.48,,,382.8,Low,,False
264,Sep, Bedroom  ,Light,13.0,6.6,2.0,5.15,41.18,8.0,171.6,low,Autumn,False
833,, Living Room  , Light  ,11.0,8.7,1.0,2.87,22.97,8.0,95.7,low,,False
974,Nov,LIVING ROOM,TV,128.0,4.7,3.0,54.14,433.15,8.0,1804.8,Medium,Autumn,False
428,January,KITCHEN,MICROWAVE,816.0,0.4,2.0,19.58,156.67,8.0,652.8,low,,True
810,aug,bedroom,light,36.0,9.4,3.0.0,30.46,243.65,8.0,,medium,,False
250,Mar,BEDROOM,fan,66.0,15.6,2.0,61.78,494.21,8.0,2059.2,Medium,Spring,False
437,Mar,DRAWING ROOM,AC,117400.0,4.5,2.0,316.98,2535.84,8.0,1056600.0,HIGH,Spring,True
269,NOV,Bedroom, AC  ,1142.0,7.3,3.0,750.29,6002.35,8.0,25009.8,High,,True
628,July,dining room,Fan,70.0,8.2,2.0,34.44,275.52,8.0,1148.0,Medium,,False
423,Nov,Drawing Room,Fan,64.0,-13.1,3.0,75.46,603.65,8.0,-2515.2,Medium,Autumn,False
710,Nov,Living Room, TV  ,133.0,3.2,1.0.0,,102.14,,,,Autumn,False
285,Aug,BATHROOM,Fan,69.0,9.2,2.0,38.09,304.7,8.0,1269.6,Med,Summer,False
794,Jun,bedroom, TV  ,172.0,3.5,3.0,54.18,433.44,8.0,1806.0,Med,Summer,False
820,May,Living Room,LIGHT,33.0,4.1,1.0,4.06,32.47,8.0,135.3,Low,Spring,False
420,June,Kitchen,Fan,56.0,9.0,1.0,15.12,120.96,8.0,504.0,Low,,False
150,Oct,Dining Room,Light,36.0,6.7,2.0,14.47,115.78,8.0,482.4,low,Autumn,False
437,feb,Dining Room,Fan,61.0,9.8,3.0,53.8,430.42,8.0,1793.4,Med,,False
461,August,unknown, Washing Machine  ,757.0,1.6,2.0,0.07267,581.38,8000.28,2422.4,low,,True
969,January,kitchen,Light,23.0,7.4,2.0,10.21,81.7,8.0,340.4,Low,,False
197,Apr,Drawing Room,TV,110.0,4.2,3.0,41.58,332.64,8.0,1386.0,Medium,Spring,False
580,Jun,Living Room,FAN,82.0,17.4,1.0,42.8,342.43,8.0,1426.8,Med,Summer,False
409,Jun,bedroom,Computer,244.0,3.6,1.0,26.35,210.82,8.0,878.4,Medium,Summer,False
710,June,Kitchen,microwave,1068.0,0.1,2.0,6.41,51.26,8.0,213.6,low,,True
470,Nov,Kitchen,washing machine,640.0,1.1,3.0,63.36,506.88,8.0,2112.0,medium,Autumn,True
437,September,Living Room,Computer,127.0,,2.0,,231.65,,,,,False
719,Dec,Bedroom,Light,12.0,4.5,3.0,4.86,38.88,8.0,162.0,Low,Winter,False
80,Jul, Living Room  ,FAN,70.0,14.8,3.0.0,93.24,745.92,8.0,,medium,Summer,False
589,Aug,DINING ROOM, Light  ,35.0,5.0,3.0,15.75,126.0,8.0,525.0,Low,Summer,False
3,OCT,مش عارف,Fan,,12.2,2.0,46.12,368.93,8.0,,medium,,False
993,nov,Bathroom,washing machine,595.0,0.8,3.0,42.84,342.72,8.0,1428.0,Medium,,True
248,Feb,Bedroom,AC,907.0,7.4,2.0,402.71,3221.66,8.0,13423.6,High,Winter,True
573,Sep,bedroom,Light,30.0,5.6,1.0,5.04,40.32,8.0,168.0,low,Autumn,False
810,,Living_Room,Computer,281.0,3.3,2.0.0,55.64,445.1,8.0,,Med,,False
266,April,drawing room,TV,96.0,2.1,3.0,18.14,145.15,8.0,604.8,low,,False
170,Jan,Dining Room,Fan,86.0,14.7,3.0,113.78,910.22,8.0,3792.6,High,Winter,False
871,sep,Drawing Room,TV,,300.0,1.0,9.0,72.0,8.0,,Low,,False
275,Dec, Living Room  , Light  ,15.0,8.2,1.0,3.69,29.52,8.0,123.0,low,Winter,False
199,June,Bedroom,Computer,127.0,4.6,1.0,17.53,140.21,8.0,584.2,low,,False
663,Mar,Bedroom,Fan,61.0,7.0,3.0,38.43,307.44,8.0,1281.0,Medium,Spring,False
548,Feb,bathroom,Fan,81.0,9.5,2.0,46.17,369.36,8.0,1539.0,Med,Winter,False
228,April,bedroom,FAN,66.0,12.3,1.0,24.35,194.83,8.0,811.8,Med,,False
586,Mar,Living Room,Light,28.0,7.5,3.0,18.9,151.2,8.0,630.0,Low,Spring,False
562,January,Living Room,Fan,-56.0,14.0,1.0,23.52,188.16,8.0,-784.0,medium,,False
256,Sep,LIVING ROOM,TV,-108.0,2.2,2.0,14.26,114.05,8.0,-475.2,low,Autumn,False
660,Apr,Dining Room,Light,33.0,6.2,3.0,18.41,147.31,8.0,613.8,low,Spring,False
179,Jul,Living Room,TV,107.0,,1.0,11.23,89.88,8.0,,Low,Summer,False
435,Jul,Kitchen,Fridge,-179.0,22.2,2.0,238.43,1907.42,8.0,-7947.6,HIGH,Summer,True
606,Apr,Kitchen,Fan,50.0,17.7,2.0,53.1,424.8,8.0,1770.0,Med,Spring,False
547,jun,Dining Room,Fan,85.0,16.0,1.0,40.8,326.4,8.0,1360.0,medium,,False
626,Dec, Drawing Room  ,ac,1293.0,2.8,1.0,108.61,868900.0,8000.18,3620.4,HIGH,Winter,True
900,Aug,Bedroom, Computer  ,302.0,9.1,3.0,247.34,1978.7,8.0,8244.6,HIGH,Summer,False
1000,September, Drawing Room  ,LIGHT,29.0,3.1,,8.09,64.73,8.0,,Low,,False
37,Oct, Dining Room  ,Light,14.0,3.8,1.0,1.6,12.77,7.98,53.2,low,Autumn,False
163,Feb, Living Room  ,TV,N/A,2.8,3.0.0,37.04,296.35,8.0,,Med,Winter,False
315,May,Dining Room,Light,17.0,7.5,1.0,3.83,30.6,7.99,127.5,low,Spring,False
912,Mar,Living Room,Computer,291.0,9.3,2.0.0,162.38,1299.02,8.0,,High,Spring,False
924,apr,bedroom, Fan  ,80.0,12.2,3.0,87.84,702.72,8.0,2928.0,Med,,False
724,Feb,Dining Room,fan,63.0,11.4,3.0,64.64,517.1,8.0,2154.6,Medium,Winter,False
471,February,bedroom,AC,,6.6,2.0.0,359.17,2873.38,8.0,,high,,True
492,Jul,Bedroom,Light,14.0,5.9,1.0,2.48,19.82,7.99,82.6,Low,Summer,False
314,Nov,Bedroom,Light,22.0,9.4,1.0,6.2,49.63,8.0,206.8,low,Autumn,False
351,Aug,Living Room,,112.0,2.2,2.0.0,14.78,118.27,8.0,,low,Summer,
241,July,Drawing Room,Computer,267.0,6.3,2.0,100.93,807.41,8.0,3364.2,HIGH,,False
868,July,Bathroom,LIGHT,15.0,8.7,1.0,3.92,31.32,7.99,130.5,Low,,False
696,Jan,Living Room,TV,,5.1,2.0,23.87,190.94,8.0,,Med,Winter,False
806,nov,Drawing Room,COMPUTER,163.0,3.0,2.0,29.34,234.72,8.0,978.0,Medium,,False
652,Mar,Drawing_Room,AC,1516.0,5.3,3.0,723.13,5785.06,8.0,24104.4,HIGH,Spring,True
164,Jan,Bedroom,,1188.0,1.9,1.0,67.72,541.73,8.0,2257.2,Med,Winter,
404,June,, Light  ,30.0,6.9,3.0,18.63,149.04,8.0,621.0,low,,False
815,Oct, Bedroom  ,,187.0,4.1,3.0,69.0,552.02,8.0,2300.1,Med,Autumn,
126,May,LIVING ROOM,TV,115.0,5.5,2.0,37.95,303.6,8.0,1265.0,Medium,Spring,False
732,Aug,dining room,Light,15.0,3.6,2.0,3.24,25.92,8.0,108.0,low,Summer,False
696,nov,bedroom,Computer,300.0,240.0,2.0,43.2,345.6,8.0,144000.0,Med,,False
520,Jul,Living Room,,345.0,3.4,3.0.0,105.57,844.56,8.0,,high,Summer,
221,Oct,Dining Room,Light,11.0,7.4,1.0,2.44,19.54,8.01,81.4,low,Autumn,False
379,Jul,Bedroom,HEATER,1359.0,2.3,1.0,93.77,750.17,8.0,3125.7,Med,Summer,False
93,Aug,bedroom, Light  ,26.0,8.0,2.0,12.48,99.84,8.0,416.0,low,Summer,False
28,June,KITCHEN,washing machine,541.0,2.0,2.0,64.92,519.36,8.0,2164.0,Med,,True
191,Sep,dining room,Light,12.0,7.3,2.0.0,5.26,42.05,7.99,,Low,Autumn,False
160,Mar,Bathroom, Fan  ,82.0,6.9,2.0,33.95,271.58,8.0,1131.6,Medium,Spring,False
826,January,Kitchen,Light,15.0,9.3,3.0,12.55,100.44,8.0,418.5,low,,False
730,Apr,Kitchen, Microwave  ,,0.5,3.0,43.92,351.36,8.0,,Med,Spring,True
147,Sep,DINING ROOM,fan,81.0,6.1,2.0,29.65,237.17,8.0,988.2,Medium,Autumn,False
113,Dec,Dining_Room,LIGHT,18.0,-7.2,3.0,11.66,93.31,8.0,-388.8,Low,Winter,False
397,Apr,Kitchen,Fan,53.0,8.6,1.0.0,13.67,109.39,8.0,,Low,Spring,False
85,aug,DINING ROOM,Fan,52.0,11.4,3.0,53.35,426.82,8.0,1778.4,Medium,,False
882,,Bedroom, AC  ,1145.0,9.3,3.0,958.37,7666.92,8.0,31945.5,High,,True
860,Apr,Drawing Room, Fan  ,72.0,12.0,2.0,51.84,414.72,8.0,1728.0,Med,Spring,False
163,Apr,drawing room,AC,1162.0,4.8,2.0,334.66,2677.25,8.0,11155.2,high,Spring,True
708,May, Bathroom  , Fan  ,70.0,11.0,3.0,69.3,554.4,8.0,2310.0,Med,Spring,False
495,jun,Living_Room,computer,385.0,7.0,3.0,242.55,1940.4,8.0,8085.0,HIGH,,False
262,Dec,BEDROOM,TV,150.0,6.0,1.0,27.0,216.0,8.0,900.0,Med,Winter,False
111,Mar,living room,Light,2000.0,5.7,3.0,10.26,82.08,8.0,34200.0,Low,Spring,False
900,December,Living Room,Fan,84.0,6.7,2.0,33.77,270.14,8.0,1125.6,Med,,False
924,June,bedroom,Computer,320.0,2.0,2.0,38.4,307.2,8.0,1280.0,medium,,False
637,April,Bathroom,heater,1071.0,1.9,3.0,183.14,1465.13,8.0,6104.7,High,,False
833,sep,DRAWING ROOM,TV,194.0,2.1,2.0,24.44,195.55,8.0,814.8,medium,,False
690,Apr,living room,,1362.0,2.1,2.0,171.61,1372.9,8.0,5720.4,high,Spring,
951,Jul,Living Room,AC,1896.0,5.3,2.0,602.93,4823.42,8.0,20097.6,high,Summer,True
606,SEP,Bedroom,FAN,80.0,11.4,2.0,54.72,437.76,8.0,1824.0,Med,,False
796,Mar,Living Room, Computer  ,349.0,9.3,2.0,194.74,,,6491.4,HIGH,Spring,False
865,April, Living Room  ,TV,146.0,3.0,3.0,39.42,315.36,8.0,1314.0,Medium,,False
411,Jul,BEDROOM,Light,24.0,6.2,3.0,13.39,107.14,8.0,446.4,Low,Summer,False
583,Jul, Bathroom  ,washing machine,488.0,1.2,1.0,17.57,140.54,8.0,585.6,Low,Summer,True
790,Oct,,TV,160.0,2.7,2.0,25.92,207.36,8.0,864.0,medium,Autumn,False
181,Dec,DRAWING ROOM,TV,132.0,3.5,3.0,41.58,332.64,8.0,1386.0,medium,Winter,False
277,Apr,Bathroom,Heater,1122.0,1.1,3.0,111.08,888.62,8.0,3702.6,HIGH,Spring,False
768,Jan,living room,Fan,71.0,12.2,1.0,25.99,,,866.2,Med,Winter,False
926,June,Drawing Room,AC,1387.0,6.0,2.0,499.32,3994.56,8.0,16644.0,High,,True
931,May, Bedroom  ,TV,124.0,4.1,3.0,45.76,366.05,8.0,1525.2,Medium,Spring,False
496,Aug,Living Room,Light,36.0,8.9,3.0,28.84,230.69,8.0,961.2,medium,Summer,False
435,October, Kitchen  ,fridge,192.0,18.7,3.0,323.14,2585.09,8.0,10771.2,High,,True
971,Oct, Drawing Room  ,tv,103.0,5.7,3.0,52.84,422.71,8.0,1761.3,Medium,Autumn,False
854,Jan, Bedroom  ,,15.0,7.6,2.0,6.84,,,228.0,Low,Winter,
915,Apr,DRAWING ROOM,Computer,304.0,2.5,3.0,68.4,547.2,8.0,2280.0,Medium,Spring,False
551,jun,BATHROOM,Heater,1433.0,2.9,2.0,249.34,1994.74,8.0,8311.4,high,,False
812,, Living Room  , Fan  ,70.0,18.0,3.0,113.4,907.2,8.0,3780.0,High,,False
831,Jul, Living Room  ,tv,-156.0,5.9,1.0,,220.9,,-920.4,,Summer,False
347,Mar,living room, Computer  ,177.0,3.7,2.0,39.29,314.35,8.0,1309.8,medium,Spring,False
655,Oct,Kitchen,Fan,81.0,14.1,2.0,68.53,548.21,8.0,2284.2,Med,Autumn,False
884,Oct,Kitchen,Light,22.0,3.7,2.0,4.88,39.07,8.01,162.8,low,Autumn,False
 60 ,May,Kitchen,Microwave,773.0,0.2,1.0.0,4.64,37.1,8.0,,low,Spring,True
2,Sep,,Light,11.0,7.3,1.0.0,2.41,19.27,8.0,,low,Autumn,False
436,Jan, Living Room  ,computer,237.0,9.5,3.0,202.63,1621.08,8.0,6754.5,HIGH,Winter,False
272,May,Kitchen,Light,32.0,unknown,3.0,23.9,191.23,8.0,,Med,Spring,False
966,Jul,Kitchen,LIGHT,-14.0,8.9,2.0,7.48,59.81,8.0,-249.2,low,Summer,False
992,Aug,Drawing Room,unknown,1931.0,4.4,3.0,764.68,6117.41,8.0,25489.2,High,Summer,False
881,Nov,, TV  ,152.0,4.2,1.0,19.15,153.22,8.0,638.4,Low,Autumn,False
521,September,Kitchen,Microwave,756.0,0.5,3.0,34.02,272.16,8.0,1134.0,Med,,True
204,October,Bedroom, Heater  ,1449.0,1.1,1.0,47.82,382.54,8.0,1593.9,Med,,False
308,May,Bedroom,FAN,70.0,9.8,2.0,41.16,329.28,8.0,1372.0,Med,Spring,False
925,January, Living Room  ,Light,17.0,5.3,3.0,8.11,64.87,8.0,270.3,low,,False
328,Jun,BEDROOM,fan,68.0,15.1,3.0,92.41,739.3,8.0,3080.4,medium,Summer,False
593,Feb,Kitchen,Microwave,969.0,0.4,3.0,34.88,279.07,8.0,1162.8,Medium,Winter,True
58,Jul,bedroom,Light,32.0,,1.0,4.32,34.56,8.0,,Low,Summer,False
368,,,fan,57.0,13.0,1.0,22.23,177.84,8.0,741.0,Medium,,False
839,feb, Drawing Room  ,Fan,71.0,13.4,1.0,28.54,228.34,8.0,951.4,Medium,,False
544,April, Kitchen  ,Washing Machine,663.0,1.1,1.0.0,21.88,175.03,8.0,,Medium,,True
948,Jun,Bathroom, Washing Machine  ,441.0,0.7,1.0,9.26,74.09,8.0,308.7,Low,Summer,True
262,Mar,?,FAN,59.0,17.3,2.0,61.24,489.94,8.0,2041.4,medium,Spring,False
535,jan,Dining Room,Fan,72.0,12.9,1.0,27.86,222.91,8.0,928.8,medium,,False
265,Oct,Dining Room,light,20.0,7.6,1.0,4.56,36.48,8.0,152.0,Low,Autumn,False
560,November, Kitchen  ,fridge,174.0,21.2,1.0,110.66,885.31,8.0,3688.8,HIGH,,True
145,Apr,Bathroom,WASHING MACHINE,606.0,0.6,3.0,32.72,261.79,8.0,1090.8,Medium,Spring,True
216,May,kitchen,Light,28.0,3.5,,5.88,47.04,8.0,,Low,Spring,False
668,Feb,LIVING ROOM,Computer,150.0,10.0,1.0,45.0,360.0,8.0,1500.0,Medium,Winter,False
28,Jan,LIVING ROOM,Light,16.0,7.0,2.0.0,6.72,53.76,8.0,,Low,Winter,False
705,Oct,Living Room,AC,1744.0,5.6,3.0,878.98,7031.81,8.0,29299.2,High,Autumn,True
721,May,Kitchen,Microwave,1102.0,0.3,1.0,,79.34,,330.6,,Spring,True
111,November, Kitchen  ,microwave,1123.0,0.3,2.0.0,20.21,161.71,8.0,,Med,,True
180,July,Bathroom,Light,14.0,8.7,3.0,10.96,87.7,8.0,365.4,Low,,False
677,Jul,KITCHEN,Microwave,1080.0,0.3,1.0,9.72,77.76,8.0,324.0,Low,Summer,True
950,May,Bedroom, TV  ,159.0,4.5,3.0,64.39,515.16,8.0,2146.5,Med,Spring,False
443,JAN,Living Room, TV  ,79.0,2.1,2.0,9.95,79.63,8.0,331.8,Low,,False
609,Oct,Bedroom,FAN,7100.0,6.9,150.0,,352.73,,7348500.0,,Autumn,False
211,JUN,bedroom,Light,23.0,7.5,2.0,10.35,82.8,8.0,345.0,Low,,False
270,Mar,dining room,FAN,63.0,6.2,3.0,35.15,281.23,8.0,1171.8,Medium,Spring,False
799,Oct,Bedroom,Light,15.0,7.8,3.0,10.53,84.24,8.0,351.0,Low,Autumn,False
291,Apr,Bedroom,مش عارف,81.0,7.8,1.0,18.95,151.63,8.0,631.8,low,Spring,False
867,Apr,Bathroom,Washing Machine,635.0,1.7,1.0,32.38,259.08,8.0,1079.5,Med,Spring,True
518,JUN,Dining Room,Light,14.0,5.9,3.0,7.43,59.47,8.0,247.8,low,,False
70,?,Bathroom,Fan,69.0,11.6,3.0,72.04,576.29,8.0,2401.2,Medium,,False
242,May, Bedroom  ,Fan,88.0,17.3,1.0,45.67,365.38,8.0,1522.4,Med,Spring,False
841,Feb, Dining Room  ,FAN,5000.0,17.4,3.0,78.3,626.4,8.0,261000.0,medium,Winter,False
742,Jul,Living Room,AC,1922.0,8.6,1.0,495.88,3967.01,8.0,16529.2,High,Summer,True
285,June,Living Room,TV,10200.0,2.6,3.0,23.87,190.94,8.0,79560.0,medium,,False
329,February,Drawing Room,Fan,66.0,15.0,1.0,29.7,237.6,8.0,990.0,Medium,,False
525,Jul,Living Room,Light,20.0,5.0,1.0,3.0,24.0,8.0,100.0,Low,Summer,False
137,February,Bathroom,FAN,72.0,12.2,3.0,79.06,632.45,8.0,2635.2,medium,,False
183,Jun,BEDROOM,Light,32.0,5.9,1.0,5.66,45.31,8.01,188.8,Low,Summer,False
616,March,Bedroom, AC  ,1957.0,3.5,3.0,616.46,4931.64,8.0,20548.5,HIGH,,True
116,February,Bedroom,Computer,300.0,7.1,3.0,191.7,1533.6,8.0,6390.0,high,,False
572,Aug,dining room,FAN,53.0,10.3,150.0,49.13,,,81885.0,medium,Summer,False
253,September,Living Room,TV,,4.8,3.0,79.92,639.36,8.0,,Med,,False
205,November,,fan,64.0,17.1,3.0,98.5,787.97,8.0,3283.2,Med,,False
445,not sure,Kitchen,Washing Machine,664.0,1.9,2.0,75.7,605.57,8.0,2523.2,Med,,True
752,Sep,Bathroom,,686.0,1.0,3.0,61.74,493.92,8.0,2058.0,Med,Autumn,
153,AUG, Bedroom  ,Computer,213.0,2.9,1.0,18.53,148.25,8.0,617.7,low,,False
485,Mar,LIVING ROOM,FAN,76.0,16.3,2.0,74.33,594.62,8.0,2477.6,Medium,Spring,False
20,Dec,DINING ROOM,Fan,58.0,9.8,1.0,17.05,136.42,8.0,568.4,Low,Winter,False
39,,KITCHEN,Light,13.0,6.6,3.0,7.72,61.78,8.0,257.4,Low,,False
802,feb,,TV,182.0,3.9,2.0,42.59,,,1419.6,Medium,,False
122,Mar,Kitchen,Washing Machine,740.0,0.9,2.0,39.96,319.68,8.0,1332.0,Med,Spring,True
101,sep, Kitchen  ,Light,20.0,6.2,1.0.0,3.72,,,,low,,False
367,April,Living Room,Computer,186.0,,1.0.0,35.15,281.23,8.0,,Med,,False
83,jun, Bedroom  ,AC,1010.0,9.8,1.0,296.94,2375.52,8.0,9898.0,high,,True
50,Jun,Living_Room,Fan,65.0,12.8,3.0,74.88,599.04,8.0,2496.0,medium,Summer,False
43,May,dining room,Light,,4.5,3.0,11.74,93.96,8.0,,Low,Spring,False
569,Jun,Bathroom,Light,18.0,5.7,2.0,6.16,49.25,8.0,205.2,low,Summer,False
217,Dec, Bedroom  , AC  ,1975.0,4.6,2.0,545.1,4360.8,8.0,18170.0,high,Winter,True
757,October,bedroom,AC,1528.0,,1.0,343.8,2750.4,8.0,,High,,True
710,Nov,Drawing Room,Fan,55.0,9.0,3.0,,356.4,,1485.0,,Autumn,False
962,August,Dining Room,Fan,80.0,17.4,1.0.0,0.04176,334.08,8000.0,,low,,False
646,Sep,Living Room,ac,1638.0,8.8,2.0,864.86,6918.91,8.0,28828.8,High,Autumn,True
404,Oct, Bedroom  ,?,73.0,9.0,3.0,59.13,473.04,8.0,1971.0,Med,Autumn,False
574,Apr, Drawing Room  ,مجهول,1777.0,8.8,2.0,938.26,7506.05,8.0,31275.2,HIGH,Spring,False
508,aug,bathroom,heater,1499.0,3.2,2.0,287.81,2302.46,8.0,9593.6,HIGH,,False
133,Sep,Bedroom,AC,1145.0,6.2,1.0,212.97,1703.76,8.0,7099.0,high,Autumn,True
642,May, Bedroom  , Fan  ,74.0,7.9,1.0,17.54,140.3,8.0,584.6,Low,Spring,False
986,Jun,BEDROOM,,1626.0,2.9,1.0,141.46,1131.7,8.0,4715.4,High,Summer,
240,Dec,Kitchen,,438.0,2.0,2.0,52.56,420.48,8.0,1752.0,medium,Winter,
690,Nov, Bathroom  ,fan,78.0,15.9,1.0,37.21,297.65,8.0,1240.2,Med,Autumn,False
980,Apr,Kitchen,Fan,84.0,17.6,3.0,0.13306,1064.45,7999.77,4435.2,low,Spring,False
893,May,drawing room,computer,139.0,3.4,3.0,42.53,340.27,8.0,1417.8,medium,Spring,False
608,October,BEDROOM,Light,39.0,6.5,2.0,15.21,121.68,8.0,507.0,Low,,False
439,Apr,Living Room,TV,151.0,4.1,1.0,18.57,148.58,8.0,619.1,low,Spring,False
377,March,Bedroom,Heater,1294.0,3.6,2.0,279.5,2236.03,8.0,9316.8,HIGH,,False
427,Aug,Drawing Room, TV  ,80.0,2.9,3.0,20.88,167.04,8.0,696.0,Med,Summer,False
31,nov, Living Room  ,Computer,366.0,4.2,2.0,92.23,737.86,8.0,3074.4,Medium,,False
583,Aug,Kitchen,Fan,68.0,7.6,1.0,15.5,124.03,8.0,516.8,Low,Summer,False
856,Jan,dining room, Light  ,1900.0,3.3,2.0,3.76,30.1,8.01,12540.0,Low,Winter,False
719,Sep,KITCHEN,light,31.0,3.9,,7.25,,,,low,Autumn,False
153,May, Bathroom  ,Heater,1004.0,1.1,3.0,99.4,795.17,8.0,3313.2,Med,Spring,False
140,Oct,Kitchen, Light  ,24.0,8.4,1.0,6.05,48.38,8.0,201.6,Low,Autumn,False
312,Mar,Living_Room,tv,147.0,2.9,1.0,12.79,102.31,8.0,426.3,Low,Spring,False
932,May,Kitchen,Fridge,228.0,21.9,3.0,449.39,3595.1,8.0,14979.6,high,Spring,True
233,apr, Dining Room  ,light,24.0,3.3,1.0,2.38,19.01,7.99,79.2,low,,False
832,February,LIVING ROOM,TV,118.0,2.2,2.0,15.58,124.61,8.0,519.2,Low,,False
966,Nov,BEDROOM,tv,81.0,2.9,2.0,14.09,112.75,8.0,469.8,Low,Autumn,False
368,Nov,Bedroom, AC  ,1909.0,8.1,1.0,463.89,3711.1,8.0,15462.9,HIGH,Autumn,True
823,April, Bedroom  , Light  ,12.0,3.7,2.0,2.66,,,88.8,low,,False
782,Nov,Bedroom,Fan,59.0,16.6,2.0,58.76,470.11,8.0,1958.8,medium,Autumn,False
 239 ,,bedroom,ac,1062.0,5.5,3.0,525.69,4205.52,8.0,17523.0,high,,True
551,May,Bathroom,Heater,1304.0,2.8,1.0,109.54,876.29,8.0,3651.2,HIGH,Spring,False
689,May,,ac,935.0,9.4,1.0,263.67,2109360.0,8000.0,8789.0,High,Spring,True
518,June,drawing room,ac,1489.0,4.3,3.0,576.24,4609.94,8.0,19208.1,High,,True
822,February,Drawing_Room,light,-39.0,8.5,2.0,19.89,159.12,8.0,-663.0,Low,,False
99,Feb,Bedroom,Computer,232.0,2.1,3.0.0,43.85,350.78,8.0,,Medium,Winter,False
599,Nov,Living Room,light,35.0,5.0,3.0,15.75,126.0,8.0,525.0,Low,Autumn,False
649,Jun, Dining Room  ,Light,14.0,8.6,1.0.0,3.61,28.9,8.01,,Low,Summer,False
133,Sep,LIVING ROOM,AC,1325.0,8.2,3.0,977.85,7822.8,8.0,32595.0,High,Autumn,True
606,Jul,Bedroom,HEATER,918.0,1.4,3.0,115.67,925.34,8.0,3855.6,HIGH,Summer,False
266,Sep,, TV  ,116.0,,3.0,21.92,175.39,8.0,,Med,Autumn,False
466,Oct,Bedroom,Computer,158.0,9.5,2.0.0,90.06,720.48,8.0,,medium,Autumn,False
486,October,Kitchen, Fridge  ,190.0,19.9,1.0,113.43,907.44,8.0,3781.0,high,,True
469,Oct,Kitchen,Fan,74.0,15.3,3.0,101.9,815.18,8.0,3396.6,high,Autumn,False
 732 ,Jan,Kitchen,fan,60.0,15.4,2.0,,443.52,,1848.0,,Winter,False
160,Jun,Kitchen,Light,20.0,4.8,1.0,2.88,23.04,8.0,96.0,Low,Summer,False
738,Mar,bedroom,Heater,1050.0,1.1,2.0.0,69.3,554.4,8.0,,Med,Spring,False
953,Aug,Bedroom,heater,1095.0,2.8,3.0,275.94,2207.52,8.0,9198.0,HIGH,Summer,False
700,Feb,bedroom,Fan,66.0,16.4,3.0,97.42,779.33,8.0,3247.2,Med,Winter,False
194,MAY,living room,AC,1427.0,6.8,3.0,873.32,6986.59,8.0,29110.8,HIGH,,True
991,Jul,Bathroom,Fan,57.0,8.2,3.0,42.07,336530.0,7999.29,1402.2,medium,Summer,False
99,May,Drawing Room, Light  ,14.0,9.2,2.0.0,error,61.82,,,,Spring,False
727,July,bedroom,Computer,217.0,8.7,3.0.0,169.91,1359.29,8.0,,high,,False
659,Feb,LIVING ROOM, Fan  ,,7.7,100.0,40.66,325.25,8.0,,Med,Winter,False
218,May, Kitchen  , Fridge  ,130.0,19.7,1.0,76.83,614.64,8.0,2561.0,Medium,Spring,True
134,Dec,Drawing_Room,Light,39.0,8.7,3.0,30.54,244.3,8.0,1017.9,medium,Winter,False
526,Mar,drawing room,Light,31.0,7.0,3.0,19.53,156.24,8.0,651.0,Low,Spring,False
419,May,living room,LIGHT,16.0,7.9,1.0,3.79,30.34,8.01,126.4,Low,Spring,False
245,April,Bedroom, Light  ,20.0,5.0,2.0,,48.0,,200.0,,,False
882,Apr, Dining Room  ,LIGHT,,6.6,2.0,12.67,101.38,8.0,,low,Spring,False
150,May,Kitchen,Fan,53.0,9.3,1.0,14.79,118.3,8.0,492.9,low,Spring,False
51,Sep,Kitchen,Microwave,650.0,0.3,3.0,17.55,140.4,8.0,585.0,Low,Autumn,True
718,Dec,Bathroom,FAN,88.0,10.5,1.0,27.72,221.76,8.0,924.0,Medium,Winter,False
697,mar,Kitchen,Light,37.0,8.8,3.0,29.3,234.43,8.0,976.8,Medium,,False
635,Apr,Kitchen, Fan  ,77.0,8.6,3.0,59.6,,,1986.6,Medium,Spring,False
492,February,Dining Room,Fan,88.0,8.2,2.0.0,43.3,346.37,8.0,,Medium,,False
916,Apr,Kitchen,Light,19.0,5.2,1.0,2.96,23.71,8.01,98.8,Low,Spring,False
66,Sep,Drawing Room,Computer,330.0,4.7,2.0,93.06,744.48,8.0,3102.0,medium,Autumn,False
751,May,Dining Room,Fan,54.0,9.2,2.0,29.81,238.46,8.0,993.6,medium,Spring,False
473,Nov,Dining Room,Fan,76.0,11.3,2.0,51.53,412.22,8.0,1717.6,medium,Autumn,False
930,Oct,Bedroom,TV,137.0,5.6,2.0.0,46.03,368260.0,8000.43,,Med,Autumn,False
173,Aug,LIVING ROOM,Light,16.0,4.6,2.0,4.42,35.33,7.99,147.2,low,Summer,False
22,Aug,Bedroom,Fan,89.0,17.7,2.0,94.52,756.14,8.0,3150.6,Medium,Summer,False
429,Nov,Dining Room,LIGHT,20.0,9.6,2.0.0,11.52,92.16,8.0,,Low,Autumn,False
984,January,living room,LIGHT,22.0,3.9,2.0.0,5.15,41.18,8.0,,Low,,False
388,Oct,living room,Light,19.0,8.3,3.0,14.19,,,473.1,low,Autumn,False
790,nov, Bedroom  ,AC,1942.0,6.3,3.0,1101.11,8808.91,8.0,36703.8,High,,True
553,apr,Bedroom,Heater,1295.0,2.3,3.0.0,268.06,2144.52,8.0,,high,,False
918,FEB,Bathroom,Washing Machine,414.0,1.6,3.0,59.62,476.93,8.0,1987.2,Med,,True
206,February, Living Room  ,fan,87.0,7.6,3.0,59.51,476.06,8.0,1983.6,Med,,False
704,Feb,Bedroom,TV,180.0,2.2,1.0,11.88,95.04,8.0,396.0,low,Winter,False
804,JUN,Bathroom,Light,13.0,3.6,1.0,1.4,11.23,8.02,46.8,low,,False
35,jul, Living Room  , AC  ,1035.0,2.6,1.0,80.73,645.84,8.0,2691.0,medium,,True
621,June,Kitchen,FAN,54.0,14.1,1.0,22.84,182.74,8.0,761.4,Medium,,False
774,DEC,Dining Room,Fan,72.0,10.1,3.0,65.45,523.58,8.0,2181.6,medium,,False
411,November,Bedroom, Light  ,-32.0,7.5,3.0,21.6,172.8,8.0,-720.0,Medium,,False
329,Jun,LIVING ROOM, Light  ,12.0,10.0,3.0,10.8,,,360.0,low,Summer,False
246,Apr,Bedroom, Computer  ,396.0,6.4,1.0,76.03,,,2534.4,Med,Spring,False
540,Jun, Kitchen  ,Microwave,1004.0,0.4,3.0,36.14,289.15,8.0,1204.8,medium,Summer,True
294,Mar, Bedroom  ,TV,191.0,2.5,3.0,42.98,343.8,8.0,1432.5,Medium,Spring,False
628,September,bedroom,LIGHT,37.0,6.5,1.0,7.21,57.72,8.01,240.5,Low,,False
793,Feb,Dining Room,Fan,88.0,14.8,,117.22,937.73,8.0,,HIGH,Winter,False
573,Jul,,Fridge,130.0,20.7,,80.73,645.84,8.0,,medium,Summer,True
858,Jul,Living Room,AC,1897.0,6.9,2.0,785.36,6282.86,8.0,26178.6,high,Summer,True
154,mar,kitchen,Light,10.0,8.6,1.0,2.58,20.64,8.0,86.0,low,,False
88,Sep,Drawing Room,Computer,162.0,5.3,2.0,51.52,412.13,8.0,1717.2,medium,Autumn,False
 545 ,sep, Bedroom  ,Fan,53.0,10.0,3.0,47.7,381.6,8.0,1590.0,Med,,False
 453 ,Dec,Bedroom,Heater,1109.0,3.5,3.0,349.33,2794.68,8.0,11644.5,high,Winter,False
962,Nov,bathroom, Fan  ,-63.0,6.4,1.0,12.1,96.77,8.0,-403.2,Low,Autumn,False
994,Jan,BEDROOM,Computer,256.0,5.1,2.0,78.34,626.69,8.0,2611.2,Med,Winter,False
447,jun, Bedroom  ,computer,154.0,4.7,2.0,43.43,347.42,8.0,1447.6,Medium,,False
664,Sep,Living Room,TV,66.0,4.1,1.0,8.12,64.94,8.0,270.6,low,Autumn,False
370,Sep,dining room,Light,25.0,9.0,1.0,,54.0,,225.0,,Autumn,False
941,Apr,Drawing Room,Fan,52.0,10.1,1.0,15.76,126.05,8.0,525.2,Low,Spring,False
194,May,bedroom,LIGHT,36.0,,3.0,,,,,,Spring,False
946,Nov,, AC  ,1933.0,6.4,3.0,1113.41,8907.26,8.0,37113.6,High,Autumn,True
861,May,Bedroom,TV,100.0,3.1,2.0,18.6,148.8,8.0,620.0,low,Spring,False
756,July,BEDROOM,LIGHT,27.0,9.5,2.0,15.39,123.12,8.0,513.0,Low,,False
678,MAR,Bedroom,Heater,909.0,4.0,3.0,327.24,2617.92,8.0,10908.0,high,,False
494,May,BEDROOM, Fan  ,55.0,1750.0,3.0,86.62,693.0,8.0,288750.0,Med,Spring,False
122,October,bedroom,Fan,66.0,6.1,2.0,24.16,193.25,8.0,805.2,medium,,False
507,Jun,Bathroom,Heater,,3.6,1.0,141.48,1131.84,8.0,,high,Summer,False
587,Jul, Living Room  , Light  ,26.0,9.7,1.0,7.57,60.53,8.0,252.2,low,Summer,False
321,May,DINING ROOM,FAN,78.0,8.1,1.0,18.95,151.63,8.0,631.8,Low,Spring,False
197,Oct,مجهول,AC,1995.0,2.7,1.0,161.59,1292.76,8.0,5386.5,High,Autumn,True
712,JAN,Dining Room,light,12.0,-8.1,1.0,2.92,23.33,7.99,-97.2,low,,False
485,Apr,LIVING ROOM,AC,1442.0,8.9,1.0,385.01,3080.11,8.0,12833.8,high,Spring,True
202,Nov,Kitchen, Microwave  ,969.0,0.3,3.0,26.16,209.3,8.0,872.1,Medium,Autumn,True
90,SEP, Drawing Room  ,Light,12.0,3.0,1.0,1.08,8.64,8.0,36.0,Low,,False
678,Feb, Bathroom  ,Fan,52.0,6.9,2.0,21.53,172.22,8.0,717.6,Med,Winter,False
426,,dining room,Light,35.0,8.2,2.0,17.22,137.76,8.0,574.0,low,,False
422,May,Kitchen,Fan,51.0,7.1,2.0,21.73,173.81,8.0,724.2,Medium,Spring,False
86,Nov,Living Room,Fan,90.0,,2.0,61.56,492.48,8.0,,Med,Autumn,False
652,Jun,living room,Light,16.0,,,5.09,40.7,8.0,,low,Summer,False
796,March,Kitchen,Washing Machine,557.0,0.6,2.0,20.05,160.42,8.0,668.4,Med,,True
366,MAR, Bedroom  ,computer,164.0,8.0,2.0,78.72,629.76,8.0,2624.0,medium,,False
859,Mar,Bedroom,TV,133.0,5.8,3.0,69.43,555.41,8.0,2314.2,Med,Spring,False
 690 ,mar,,AC,1465.0,8.5,1.0,373.57,2988.6,8.0,12452.5,HIGH,,True
913,Mar,Bedroom,TV,82.0,2.6,2.0,12.79,102.34,8.0,426.4,low,Spring,False
232,dec,LIVING ROOM,TV,76.0,2.4,2.0,10.94,87.55,8.0,364.8,low,,False
856,Jan,DINING ROOM,,37.0,5.1,3.0,,135.86,,566.1,,Winter,
111,Jul,Kitchen, Washing Machine  ,464.0,1.2,1.0,16.7,133.63,8.0,556.8,low,Summer,True
923,July,Living Room,ac,1243.0,4.6,1.0,171.53,1372.27,8.0,5717.8,high,,True
384,sep,Living Room,light,17.0,5.7,1.0,2.91,23.26,7.99,96.9,low,,False
412,jan,Bedroom,light,31.0,7.9,3.0,22.04,176.33,8.0,734.7,Medium,,False
149,aug,Drawing Room,Fan,90.0,14.2,1.0.0,38.34,,,,Med,,False
576,Jan,Bedroom,COMPUTER,113.0,5.0,1.0,16.95,135.6,8.0,565.0,Low,Winter,False
439,JUN,Drawing_Room,light,14.0,9.9,2.0,8.32,66.53,8.0,277.2,Low,,False
700,May,bedroom, TV  ,138.0,5.2,2.0,43.06,344.45,8.0,1435.2,Med,Spring,False
156,August,n/a,light,13.0,3.9,2.0,3.04,24.34,8.01,101.4,Low,,False
920,May,Kitchen,microwave,1156.0,0.2,2.0,13.87,110.98,8.0,462.4,low,Spring,True
804,Sep, Drawing Room  ,AC,1082.0,7.8,3.0.0,759.56,6076.51,8.0,,High,Autumn,True
212,FEB,Living_Room,Computer,333.0,6.8,3.0,203.8,1630.37,8.0,6793.2,high,,False
963,Jan, Bedroom  , Fan  ,72.0,12.1,3.0.0,78.41,627.26,8.0,,Med,Winter,False
577,June,na,AC,1557.0,2.1,1.0,98.09,784.73,8.0,3269.7,Medium,,True
256,Sep,Dining Room,FAN,64.0,9.7,2.0,37.25,297.98,8.0,1241.6,Med,Autumn,False
689,jun,bathroom, Heater  ,1064.0,1.4,3.0,134.06,1072.51,8.0,4468.8,high,,False
116,Dec,Bedroom,Computer,188.0,8.0,1.0,0.04512,360.96,8000.0,1504.0,Low,Winter,False
643,Feb, Bedroom  ,LIGHT,23.0,7.2,2.0,9.94,79.49,8.0,331.2,low,Winter,False
17,Nov,Bedroom, Computer  ,350.0,7.2,2.0,151.2,1209.6,8.0,5040.0,HIGH,Autumn,False
180,Feb,Living Room, Light  ,11.0,5.6,3.0,5.54,44.35,8.01,184.8,low,Winter,False
539,Dec,Bedroom,Unknown,50.0,16.3,3.0,73.35,586.8,8.0,2445.0,Med,Winter,False
718,AUG, Bedroom  ,Fan,76.0,8.9,2.0,40.58,324.67,8.0,1352.8,medium,,False
153,Feb,Kitchen,Fridge,188.0,20.3,2.0,228.98,1831.87,8.0,7632.8,high,Winter,True
409,August,Bedroom,COMPUTER,-233.0,3.4,3.0,71.3,570.38,8.0,-2376.6,Medium,,False
808,Oct,Living Room, Light  ,32.0,7.8,2.0,14.98,119.81,8.0,499.2,Low,Autumn,False
265,MAY,Bathroom,Washing Machine,432.0,0.7,3.0.0,27.22,217.73,8.0,,medium,,True
663,Dec,Drawing Room,computer,249.0,4.2,2.0,62.75,501.98,8.0,2091.6,Med,Winter,False
328,Dec,Dining Room, Fan  ,62.0,12.5,2.0,46.5,372.0,8.0,1550.0,medium,Winter,False
123,Apr,Drawing Room,Fan,56.0,13.2,2.0,?,354.82,,1478.4,,Spring,False
36,Apr,Bedroom,tv,101.0,4.6,3.0,41.81,334.51,8.0,1393.8,Medium,Spring,False
471,Aug,Bathroom,Heater,1127.0,1.1,2.0,74.38,595.06,8.0,2479.4,medium,Summer,False
719,Aug,Kitchen,Fridge,280.0,18.3,100.0.0,307.44,2459.52,8.0,,High,Summer,True
563,September,bathroom,washing machine,625.0,0.6,1.0,11.25,90.0,8.0,375.0,low,,True
340,March,Living Room,Fan,60.0,9.6,2.0,34.56,276.48,8.0,1152.0,Med,,False
996,Apr,drawing room,TV,N/A,3.3,2.0,39.2,313.63,8.0,,Medium,Spring,False
757,Jun,BEDROOM,,212.0,9.9,2.0,125.93,1007.42,8.0,4197.6,high,Summer,
277,May,LIVING ROOM, Computer  ,257.0,5.7,1.0,43.95,351.58,8.0,1464.9,Medium,Spring,False
868,November,Drawing_Room,AC,1641.0,9.5,3.0,1403.06,11224.44,8.0,46768.5,high,,True
489,May,Bedroom,heater,997.0,3.7,3.0,332.0,2656.01,8.0,11066.7,high,Spring,False
736,Sep,Living Room,LIGHT,28.0,4.5,2.0,7.56,60.48,8.0,252.0,Low,Autumn,False
614,Dec,Kitchen,,162.0,19.0,1.0,92.34,738.72,8.0,3078.0,Med,Winter,
592,sep,drawing room,tv,103.0,4.4,1.0,13.6,108.77,8.0,453.2,low,,False
936,Sep,drawing room,Light,32.0,4.0,3.0,11.52,92.16,8.0,384.0,low,Autumn,False
843,Aug,drawing room,ac,1759.0,8.6,3.0.0,1361.47,10891.73,8.0,,HIGH,Summer,True
294,apr,LIVING ROOM,AC,1831.0,4.2,2.0,461.41,3691.3,8.0,15380.4,high,,True
65,Jan,DRAWING ROOM, Computer  ,-360.0,6.7,1.0,72.36,578.88,8.0,-2412.0,medium,Winter,False
407,Dec,Kitchen,Washing Machine,608.0,1.2,3.0,65.66,525.31,8.0,2188.8,Medium,Winter,True
351,Jan, Kitchen  ,microwave,1041.0,0.5,3.0,46.84,374.76,8.0,1561.5,Med,Winter,True
372,Jun,Bedroom,Light,27.0,4.0,1.0,3.24,25.92,8.0,108.0,low,Summer,False
525,Feb, Living Room  ,FAN,56.0,16.8,3.0.0,84.67,677.38,8.0,,medium,Winter,False
294,Mar,Bedroom,AC,1841.0,5.9,1.0.0,325.86,2606.86,8.0,,HIGH,Spring,True
583,March,DRAWING ROOM,AC,1270.0,4.6,2.0,350.52,2804.16,8.0,11684.0,High,,True
206,May,Dining Room,LIGHT,22.0,7.2,3.0,error,114.05,,475.2,,Spring,False
656,Apr,Drawing Room,TV,128.0,3.5,3.0,40.32,322.56,8.0,1344.0,medium,Spring,False
155,May,bathroom,Fan,81.0,13.0,3.0,94.77,758.16,8.0,3159.0,medium,Spring,False
739,May,Drawing Room,AC,1297.0,7.0,3.0,817.11,6536.88,8.0,27237.0,HIGH,Spring,True
485,Jan,Living Room,LIGHT,,unknown,1.0,6.83,54.67,8.0,,low,Winter,False
576,Mar,Bathroom,Fan,69.0,13.8,1.0,28.57,228.53,8.0,952.2,Medium,Spring,False
221,February,Bedroom,computer,,6.1,2.0,60.39,483.12,8.0,,medium,,False
600,December,Living Room, Computer  ,299.0,9.8,2.0,175.81,1406.5,8.0,5860.4,HIGH,,False
271,Nov,Kitchen,WASHING MACHINE,548.0,2.0,1.0,32.88,263.04,8.0,1096.0,Med,Autumn,True
96,Dec, Dining Room  ,Fan,57.0,8.6,2.0,29.41,235.3,8.0,980.4,medium,Winter,False
441,Jul,Living Room, Computer  ,125.0,9.5,1.0,35.62,285.0,8.0,1187.5,Med,Summer,False
655,June,Kitchen,-,618.0,,1.0,35.23,281.81,8.0,,Medium,,False
247,Sep,Dining Room,LIGHT,26.0,,2.0,14.51,116.06,8.0,,Low,Autumn,False
836,Dec,KITCHEN,Microwave,916.0,0.2,1.0,5.5,43.97,7.99,183.2,low,Winter,True
266,jul,LIVING ROOM,TV,171.0,4.6,3.0,70.79,566.35,8.0,2359.8,Medium,,False
288,Dec,BEDROOM,AC,1250.0,9.3,2.0,697.5,5580.0,8.0,23250.0,High,Winter,True
275,Jul,bedroom,AC,1329.0,2.2,2.0,175.43,1403.42,8.0,5847.6,HIGH,Summer,True
255,Dec,,AC,1115.0,4.8,1.0,160.56,1284.48,8.0,5352.0,High,Winter,True
881,Aug,Drawing_Room,LIGHT,37.0,5.1,2.0,11.32,,,377.4,low,Summer,False
857,jan,Bathroom,heater,818.0,2.9,3.0,213.5,1707.98,8.0,7116.6,High,,False
937,Feb,Bedroom,TV,75.0,3.8,1.0,8.55,68.4,8.0,285.0,low,Winter,False
948,March,Kitchen, Light  ,21.0,7.9,1.0,4.98,39.82,8.0,165.9,Low,,False
49,Dec,Bedroom,TV,106.0,2.5,3.0,23.85,190.8,8.0,795.0,Medium,Winter,False
 860 ,JUN,Kitchen,Fridge,200.0,21.6,2.0,259.2,2073.6,8.0,8640.0,High,,True
 422 ,na,Kitchen,LIGHT,13.0,7.8,2.0,6.08,48.67,8.0,202.8,low,,False
845,Mar,Dining_Room,fan,78.0,9.6,3.0,67.39,539.14,8.0,2246.4,Medium,Spring,False
206,Jun, Bedroom  ,na,85.0,6.6,3.0,0.05049,403.92,8000.0,1683.0,Low,Summer,False
44,Apr,Dining Room,LIGHT,,9.9,2.0,21.98,175.82,8.0,,Medium,Spring,False
943,Oct, Bathroom  ,washing machine,756.0,2.0,2.0,90.72,725.76,8.0,3024.0,Med,Autumn,True
176,Oct,Drawing Room,Light,30.0,4.2,1.0,3.78,30.24,8.0,126.0,Low,Autumn,False
417,Sep,Bathroom,FAN,84.0,6.6,2.0,33.26,266.11,8.0,1108.8,Med,Autumn,False
21,September,living room,computer,120.0,6.2,1.0,22.32,178.56,8.0,744.0,Med,,False
928,Nov, Bedroom  ,ac,1728.0,8.1,1.0,419.9,3359.23,8.0,13996.8,high,Autumn,True
722,Jul,Drawing Room, Fan  ,68.0,7.9,1.0,16.12,128.93,8.0,537.2,Low,Summer,False
18,May,LIVING ROOM,light,35.0,,1.0,6.62,52.92,7.99,,Low,Spring,False
90,Nov, Living Room  ,AC,1508.0,3.0,1.0,135.72,1085.76,8.0,4524.0,HIGH,Autumn,True
862,Aug, Drawing Room  ,fan,,11.7,1.0,27.03,216.22,8.0,,Med,Summer,False
459,May, Bathroom  ,Fan,68.0,12.7,3.0,77.72,621.79,8.0,2590.8,Medium,Spring,False
446,Mar, Kitchen  ,Microwave,874.0,0.3,3.0,23.6,188.78,8.0,786.6,medium,Spring,True
703,sep,Bedroom,,259.0,4.3,3.0,100.23,,,3341.1,high,,
495,Aug,drawing room,light,,7.9,3.0,27.02,216.14,8.0,,Medium,Summer,False
829,Jul,,AC,1723.0,9.7,2.0,1002.79,8022.29,8.0,33426.2,high,Summer,True
204,Jul,Drawing Room,Computer,270.0,3.0,1.0,24.3,194.4,8.0,810.0,Medium,Summer,False
344,Oct,BEDROOM,AC,1455.0,3.2,1.0,139.68,1117.44,8.0,4656.0,High,Autumn,True
526,Apr,Bedroom,fan,75.0,,150.0,80.33,642.6,8.0,,medium,Spring,False
515,Oct,Bathroom,washing machine,589.0,1.7,3.0,90.12,720.94,8.0,3003.9,Med,Autumn,True
812,December,Dining Room,light,2200.0,5.2,1.0,3.43,27.46,8.01,11440.0,low,,False
492,Sep,Dining_Room,Light,-38.0,5.9,1.0,6.73,53.81,8.0,-224.2,Low,Autumn,False
496,Mar,LIVING ROOM,Computer,330.0,7.4,3.0,219.78,1758.24,8.0,7326.0,high,Spring,False
539,November,Drawing Room, Light  ,10.0,3.9,3.0,3.51,28.08,8.0,117.0,Low,,False
284,Jul,Bedroom,COMPUTER,119.0,8.3,3.0,88.89,711.14,8.0,2963.1,medium,Summer,False
626,March,DRAWING ROOM, TV  ,68.0,3.7,2.0,15.1,120.77,8.0,503.2,Low,,False
744,Sep,Kitchen,na,62.0,7.9,3.0,44.08,352.66,8.0,1469.4,medium,Autumn,False
718,Mar,Bedroom,Computer,242.0,5.7,2.0,82.76,662.11,8.0,2758.8,Medium,Spring,False
988,Nov,Drawing Room,Light,26.0,9.7,2.0,15.13,121.06,8.0,504.4,low,Autumn,False
225,Nov,living room,Computer,296.0,3.1,2.0,55.06,440.45,8.0,1835.2,medium,Autumn,False
425,Nov,Living Room,tv,156.0,3.5,1.0.0,16.38,131.04,8.0,,Low,Autumn,False
654,Jul,Living Room,Computer,279.0,6.7,1.0,56.08,448.63,8.0,1869.3,Med,Summer,False
 778 ,April,Living Room,AC,1427.0,5.6,2.0,479.47,3835.78,8.0,15982.4,High,,True
671,May,Bedroom,ac,1520.0,2.0,2.0,182.4,1459.2,8.0,6080.0,High,Spring,True
498,Feb,Bedroom,Heater,1404.0,1.8,3.0,227.45,1819.58,8.0,7581.6,High,Winter,False
428,Mar,Kitchen,microwave,949.0,0.5,3.0,42.7,341.64,8.0,1423.5,Med,Spring,True
685,Sep,Drawing Room,Light,,9.1,1.0,5.46,43.68,8.0,,Low,Autumn,False
817,May,Bedroom,computer,154.0,8.8,1.0,40.66,325.25,8.0,1355.2,Medium,Spring,False
795,Mar,Living Room,TV,198.0,2.0,1.0,11.88,95.04,8.0,396.0,low,Spring,False
901,jul,,Fan,79.0,14.4,1.0,34.13,273.02,8.0,1137.6,Medium,,False
137,Apr,living room,ac,1983.0,2.5,3.0,446.18,3569.4,8.0,14872.5,high,Spring,True
184,July,Bedroom,Light,24.0,7.4,1.0,5.33,42.62,8.0,177.6,Low,,False
315,Aug,Living Room,TV,113.0,4.1,1.0,13.9,111.19,8.0,463.3,Low,Summer,False
724,Dec,,Light,34.0,5.2,3.0,,127.3,,530.4,,Winter,False
779,Sep,,AC,1070.0,6.3,3.0,606.69,4853.52,8.0,20223.0,High,Autumn,True
978,feb,Bedroom,heater,1234.0,3.6,1.0,,1066.18,,4442.4,,,False
893,Aug,Bedroom,Computer,391.0,3.5,3.0,123.17,985.32,8.0,4105.5,High,Summer,False
258,May,Bedroom,computer,179.0,3.1,2.0,33.29,266.35,8.0,1109.8,medium,Spring,False
159,February,LIVING ROOM,COMPUTER,354.0,5.7,1.0,60.53,484.27,8.0,2017.8,medium,,False
553,nov, Bedroom  ,TV,180.0,4.1,2.0,44.28,354.24,8.0,1476.0,Med,,False
731,September,Drawing Room,TV,148.0,2.4,1.0,10.66,85.25,8.0,355.2,Low,,False
361,Oct,Bedroom,ac,1878.0,4.0,3.0,676.08,5408.64,8.0,22536.0,high,Autumn,True
370,Dec,BATHROOM,Light,35.0,5.9,3.0,18.59,148.68,8.0,619.5,Low,Winter,False
608,Nov,BEDROOM, AC  ,1852.0,9.4,1.0,,4178.11,,17408.8,,Autumn,True
969,Sep,kitchen,Microwave,857.0,0.2,2.0,10.28,82.27,8.0,342.8,low,Autumn,True
788,may,Dining Room,Fan,70.0,15.4,2.0,64.68,517.44,8.0,2156.0,Med,,False
236,May,KITCHEN,Fan,76.0,15.6,2.0,71.14,569.09,8.0,2371.2,medium,Spring,False
244,May,Living Room,Fan,61.0,10.4,2.0,38.06,304.51,8.0,1268.8,medium,Spring,False
199,May, Drawing Room  ,Light,10.0,4.9,2.0,2.94,23.52,8.0,98.0,Low,Spring,False
479,May,Bathroom, Fan  ,62.0,9.1,2.0.0,33.85,270.82,8.0,,medium,Spring,False
51,March,Dining_Room,Light,20.0,530.0,1.0,3.18,25.44,8.0,10600.0,Low,,False
155,Oct,Bedroom,TV,154.0,2.8,2.0.0,25.87,206.98,8.0,,medium,Autumn,False
892,may,Kitchen,Washing Machine,498.0,2.0,2.0,59.76,478.08,8.0,1992.0,Med,,True
173,July,kitchen,light,24.0,8.2,1.0,5.9,47.23,8.01,196.8,low,,False
818,Jun,DINING ROOM, Light  ,25.0,6.9,1.0,5.17,41.4,8.01,172.5,Low,Summer,False
211,December,Living Room,TV,166.0,3.4,2.0,33.86,270.91,8.0,1128.8,Med,,False
936,jun,,FAN,-59.0,15.2,,53.81,,,,Medium,,False
176,October,Kitchen, Washing Machine  ,637.0,1.9,2.0.0,72.62,580.94,8.0,,Med,,True
986,May,living room,ac,1694.0,4.1,1.0,208.36,1666.9,8.0,6945.4,HIGH,Spring,True
249,Apr,Bathroom,FAN,67.0,17.7,1.0.0,35.58,284.62,8.0,,Medium,Spring,False
399,Jul,living room,TV,14900.0,5.6,3.0,75.1,600.77,8.0,250320.0,Medium,Summer,False
566,Jan,Dining Room,Fan,62.0,8.6,2.0,31.99,255.94,8.0,1066.4,medium,Winter,False
329,Jun,,Fridge,100.0,21.5,1.0,64.5,516.0,8.0,2150.0,medium,Summer,True
267,June,Bedroom,Computer,113.0,7.1,1.0,24.07,192.55,8.0,802.3,medium,,False
294,Jun, Living Room  ,Light,26.0,6.6,1.0,5.15,41.18,8.0,171.6,low,Summer,False
782,Dec,LIVING ROOM,Fan,,7.5,3.0.0,33.75,270000.0,8000.0,,Medium,Winter,False
903,May,Bedroom, Heater  ,1071.0,3.3,3.0,318.09,2544.7,8.0,10602.9,HIGH,Spring,False
732,Aug,Bathroom,Heater,1146.0,1.9,1.0,65.32,522.58,8.0,2177.4,Medium,Summer,False
735,Jan,Bedroom,AC,1217.0,6.6,3.0,722.9,5783.18,8.0,24096.6,high,Winter,True
 123 ,Aug,Drawing Room,,193.0,6.5,2.0,75.27,602.16,8.0,2509.0,Med,Summer,
842,Jan,Drawing_Room, Computer  ,109.0,8.8,2.0,57.55,460.42,8.0,1918.4,Medium,Winter,False
934,unknown,Bedroom,Fan,70.0,13.6,3.0,85.68,685.44,8.0,2856.0,Med,,False
229,May,Living Room, TV  ,77.0,4.0,1.0,9.24,73.92,8.0,308.0,low,Spring,False
377,Nov,DINING ROOM,Light,29.0,5.5,3.0.0,14.36,114.84,8.0,,low,Autumn,False
608,September,Dining_Room,Light,36.0,3.9,2.0.0,8.42,67.39,8.0,,Low,,False
 181 ,MAR,Kitchen, Microwave  ,1060.0,0.5,2.0,31.8,254.4,8.0,1060.0,Med,,True
273,April,Living Room,COMPUTER,255.0,5.8,1.0,44.37,354.96,8.0,1479.0,Med,,False
496,Apr,kitchen,MICROWAVE,970.0,0.4,50.0,11.64,93.12,8.0,19400.0,low,Spring,True
980,Jun,Living Room,Computer,291.0,5.2,3.0,136.19,1089.5,8.0,4539.6,High,Summer,False
89,May,kitchen, Fridge  ,177.0,-21.3,1.0,113.1,904.82,8.0,-3770.1,high,Spring,True
548,Feb,bathroom,Fan,81.0,9.5,2.0,46.17,369.36,8.0,1539.0,medium,Winter,False
284,Jun,living room,TV,176.0,2.9,1.0,15.31,122.5,8.0,510.4,Low,Summer,False
726,MAY,Kitchen, Fridge  ,188.0,20.2,3.0,341.78,2734.27,8.0,11392.8,high,,True
478,Oct,Kitchen,Fan,53.0,11.2,1.0,17.81,142.46,8.0,593.6,Low,Autumn,False
 924 ,oct,,Light,10.0,6.6,3.0.0,5.94,47.52,8.0,,Low,,False
405,September,DRAWING ROOM, Light  ,29.0,4.0,2.0.0,6.96,55.68,8.0,,Low,,False
151,Apr,Kitchen,Microwave,667.0,0.4,1.0,8.0,64.03,8.0,266.8,low,Spring,True
857,May,Drawing Room,Computer,166.0,5.5,3.0,82.17,657.36,8.0,2739.0,Med,Spring,False
500,Apr,drawing room, TV  ,60.0,4.0,2.0,14.4,115.2,8.0,480.0,low,Spring,False
679,Dec,Dining Room,Light,-23.0,3.3,1.0,2.28,18.22,7.99,-75.9,Low,Winter,False
395,November,Kitchen,fan,64.0,16.2,1.0,31.1,248.83,8.0,1036.8,Medium,,False
44,OCT,Living Room,fan,79.0,13.7,3.0,error,779.26,,3246.9,,,False
630,aug,DRAWING ROOM,AC,1537.0,4.4,3.0,608.65,4869.22,8.0,20288.4,high,,True
543,Jan,Bathroom,Heater,1086.0,2.8,1.0,91.22,729.79,8.0,3040.8,medium,Winter,False
284,May, Living Room  ,AC,1251.0,5.9,1.0,221.43,1771.42,8.0,7380.9,high,Spring,True
289,Jun,DRAWING ROOM,Computer,261.0,-,1.0,68.12,544.97,8.0,,Medium,Summer,False
730,Feb, Bedroom  ,Computer,104.0,7.2,3.0,67.39,539.14,8.0,2246.4,Medium,Winter,False
145,Aug,Bedroom,AC,1874.0,8.8,1.0,494.74,3957.89,8.0,16491.2,HIGH,Summer,True
867,Jul,Kitchen,microwave,685.0,0.2,3.0,12.33,98.64,8.0,411.0,Low,Summer,True
63,Dec, Living Room  ,Light,25.0,8.2,2.0,12.3,98.4,8.0,410.0,low,Winter,False
420,Apr,KITCHEN,MICROWAVE,,0.2,1.0,4.64,37.1,8.0,,Low,Spring,True
82,October, Bathroom  ,Heater,822.0,1.0,1.0,24.66,197.28,8.0,822.0,Medium,,False
179,Apr,Bedroom,,398.0,3.6,1.0,42.98,343.87,8.0,1432.8,Med,Spring,
804,Jan,Kitchen,FRIDGE,140.0,18.0,3.0,226.8,1814.4,8.0,7560.0,HIGH,Winter,True
411,May,Living Room,AC,1696.0,9.4,2.0,956.54,7652.35,8.0,31884.8,High,Spring,True
450,Jun,DINING ROOM,Light,36.0,6.9,3.0,22.36,178.85,8.0,745.2,medium,Summer,False
67,Sep,Bedroom,ac,1998.0,3.6,3.0,647.35,5178.82,8.0,21578.4,HIGH,Autumn,True
371,Sep,LIVING ROOM, AC  ,1598.0,8.6,1.0,412.28,3298.27,8.0,13742.8,HIGH,Autumn,True
612,November,Kitchen,FRIDGE,160.0,20.0,3.0,288.0,2304.0,8.0,9600.0,high,,True
807,September,living room, AC  ,unknown,6.9,1.0,296.42,2371.39,8.0,,High,,True
311,Oct,KITCHEN, Fan  ,84.0,16.2,2.0.0,81.65,653.18,8.0,,Medium,Autumn,False
191,jan,DINING ROOM,Light,21.0,5.2,2.0.0,6.55,52.42,8.0,,low,,False
242,Oct,Bedroom,TV,77.0,2.0,2.0,9.24,73.92,8.0,308.0,Low,Autumn,False
186,Oct,Bathroom,FAN,86.0,14.6,3.0,113.0,904.03,8.0,3766.8,HIGH,Autumn,False
289,aug,Dining Room,Fan,80.0,15.3,,110.16,881.28,8.0,,high,,False
821,Mar,KITCHEN,FAN,69.0,11.9,1.0,24.63,197.06,8.0,821.1,Med,Spring,False
632,Nov,Dining_Room,FAN,88.0,12.9,2.0,68.11,544.9,8.0,2270.4,Medium,Autumn,False
485,April,Kitchen,Fridge,200.0,21.6,2.0,259.2,2073.6,8.0,8640.0,High,,True
463,?,DRAWING ROOM,Computer,355.0,6.4,3.0,204.48,1635.84,8.0,6816.0,high,,False
531,Mar,DINING ROOM,FAN,,17.8,2.0.0,88.64,709.15,8.0,,medium,Spring,False
362,Jul,BATHROOM, Light  ,40.0,8.9,3.0,32.04,256.32,8.0,1068.0,Med,Summer,False
862,February,Drawing Room, Fan  ,69.0,15.3,1.0.0,31.67,253.37,8.0,,Med,,False
507,June,Bedroom,Heater,901.0,2.1,2.0,113.53,908.21,8.0,3784.2,High,,False
382,Jul,Bedroom,TV,163.0,5.0,3.0.0,73.35,586.8,8.0,,Medium,Summer,False
641,Nov, Drawing Room  , Light  ,16.0,8.5,1.0,4.08,32.64,8.0,136.0,low,Autumn,False
605,Jan,Bedroom,TV,101.0,2.7,3.0,24.54,196.34,8.0,818.1,Medium,Winter,False
430,March,Drawing Room,Light,38.0,3.1,3.0,10.6,84.82,8.0,353.4,Low,,False
273,Aug,Bedroom,FAN,50.0,11.6,1.0.0,17.4,139.2,8.0,,Low,Summer,False
233,Feb,KITCHEN,washing machine,603.0,1.5,1.0,27.14,217.08,8.0,904.5,Medium,Winter,True
983,Nov,DINING ROOM,Light,33.0,9.7,3.0,28.81,230.47,8.0,960.3,medium,Autumn,False
392,June,,Computer,225.0,330.0,3.0,66.83,534.6,8.0,222750.0,Medium,,False
67,May,Kitchen,fridge,102.0,20.8,3.0,190.94,1527.55,8.0,6364.8,HIGH,Spring,True
806,Aug, Drawing Room  ,Computer,101.0,7.3,3.0,66.36,530.86,8.0,2211.9,medium,Summer,False
949,Jul,BEDROOM, Light  ,40.0,8.7,2.0,20.88,167.04,8.0,696.0,Medium,Summer,False
594,July, Dining Room  ,Fan,67.0,15.3,3.0,92.26,738.07,8.0,3075.3,medium,,False
317,,dining room,Light,35.0,4.1,2.0,8.61,68.88,8.0,287.0,Low,,False
238,NOV,N/A,Unknown,575.0,1.6,1.0,27.6,220.8,8.0,920.0,Med,,False
570,May,Dining Room,,15.0,9.6,1.0.0,,34.56,,,,Spring,
713,Jul,Drawing Room,ac,,?,2.0,257.87,2062.94,8.0,,High,Summer,True
11,Nov,,FAN,64.0,10.9,2.0,41.86,334.85,8.0,1395.2,medium,Autumn,False
105,September,KITCHEN,Fridge,298.0,22.0,1.0,196.68,1573.44,8.0,6556.0,High,,True
185,Apr,bathroom,Fan,62.0,10.7,3.0,59.71,477.65,8.0,1990.2,Medium,Spring,False
214,Nov,Dining Room,light,error,7.9,2.0,17.06,136.51,8.0,,Low,Autumn,False
582,July,Bathroom, Heater  ,-,unknown,1.0,141.02,1128.19,8.0,,High,,False
94,Jan,Bedroom,heater,1044.0,2.2,3.0,206.71,1653.7,8.0,6890.4,HIGH,Winter,False
554,Nov, Living Room  ,light,27.0,unknown,3.0,11.91,95.26,8.0,,low,Autumn,False
271,Jan,Drawing Room,TV,93.0,4.4,1.0,12.28,98.21,8.0,409.2,Low,Winter,False
535,Dec, Drawing Room  ,TV,104.0,3.5,2.0,21.84,174.72,8.0,728.0,Med,Winter,False
267,May,Bedroom, Computer  ,252.0,8.9,3.0,201.85,1614.82,8.0,6728.4,high,Spring,False
913,September,living room,TV,176.0,,1.0,21.12,168.96,8.0,,Medium,,False
267,sep, Living Room  ,TV,150.0,4.0,3.0,54.0,432.0,8.0,1800.0,Medium,,False
761,May,Dining_Room,FAN,79.0,15.3,1.0,36.26,290.09,8.0,1208.7,Medium,Spring,False
486,Jul,-,ac,1332.0,2.1,1.0,83.92,671.33,8.0,2797.2,Med,Summer,True
794,May,Bedroom,مش عارف,1222.0,3.3,1.0,120.98,967.82,8.0,4032.6,HIGH,Spring,False
155,Mar,DRAWING ROOM,TV,87.0,3.9,2.0,20.36,162.86,8.0,678.6,medium,Spring,False
222,Oct,bedroom,Light,16.0,6.0,2.0,5.76,46.08,8.0,192.0,Low,Autumn,False
35,May,Bedroom, Heater  ,998.0,1.6,2.0,95.81,766.46,8.0,3193.6,medium,Spring,False
953,Feb, Drawing Room  ,AC,1203.0,8.1,1.0,292.33,2338.63,8.0,9744.3,High,Winter,True
33,May,Kitchen,light,26.0,4.5,2.0,7.02,56.16,8.0,234.0,low,Spring,False
654,February, Drawing Room  ,TV,128.0,5.4,3.0,62.21,497.66,8.0,2073.6,Med,,False
771,Mar,Kitchen,,471.0,1.6,3.0,67.82,542.59,8.0,2260.8,Medium,Spring,
59,October,Bedroom,Heater,1325.0,3.9,1.0,155.03,1240.2,8.0,5167.5,high,,False
919,Aug, Living Room  ,Computer,359.0,4.8,3.0,155.09,1240.7,8.0,5169.6,high,Summer,False
851,October,LIVING ROOM,AC,1674.0,6.9,,1039.55,,,,high,,True
183,Jan,Dining Room, Light  ,19.0,8.3,2.0,9.46,75.7,8.0,315.4,Low,Winter,False
830,Apr, Bathroom  ,Fan,79.0,17.3,1.0,41.0,328.01,8.0,1366.7,Med,Spring,False
56,Jun,Bathroom,HEATER,990.0,270.0,1.0.0,80.19,641.52,8.0,,Med,Summer,False
718,Feb,مجهول,Light,33.0,3.2,3.0,9.5,76.03,8.0,316.8,low,Winter,False
967,Aug,Kitchen,Fridge,117.0,21.5,3.0,226.4,1811.16,8.0,7546.5,HIGH,Summer,True
270,May, Kitchen  , Fridge  ,-244.0,19.5,2.0,285.48,2283.84,8.0,-9516.0,high,Spring,True
662,Aug,DRAWING ROOM,Fan,,6.2,1.0,12.28,98.21,8.0,,low,Summer,False
503,,,Fridge,220.0,19.9,2.0,262.68,2101.44,8.0,8756.0,High,,True
892,December,Drawing Room,LIGHT,22.0,8.8,3.0,17.42,139.39,8.0,580.8,low,,False
993,Jun,living room,Light,37.0,9.2,2.0,,163.39,,680.8,,Summer,False
716,May,Bedroom,computer,223.0,7.7,2.0,103.03,824.21,8.0,3434.2,high,Spring,False
339,Sep,Bedroom,Heater,1328.0,3.5,1.0,139.44,1115.52,8.0,4648.0,high,Autumn,False
 223 ,Mar,,HEATER,-1378.0,1.8,1.0,74.41,595.3,8.0,-2480.4,Medium,Spring,False
731,Sep,KITCHEN,Microwave,639.0,0.1,3.0,5.75,46.01,8.0,191.7,Low,Autumn,True
704,Nov,Bathroom,Light,10.0,5.8,,5.22,41.76,8.0,,Low,Autumn,False
 519 ,dec,Bedroom,TV,13000.0,3.5,1.0,13.65,109.2,8.0,45500.0,low,,False
94,August,Drawing Room,Fan,53.0,17.6,3.0,83.95,671.62,8.0,2798.4,Med,,False
716,Apr,Kitchen,Microwave,,0.3,3.0,31.18,,,,medium,Spring,True
867,Jan,Kitchen,Microwave,916.0,0.4,1.0,10.99,87.94,8.0,366.4,low,Winter,True
212,FEB,Living_Room,Computer,333.0,6.8,3.0,203.8,1630.37,8.0,6793.2,HIGH,,False
893,aug, Bedroom  , Computer  ,131.0,,1.0,17.29,138.34,8.0,,low,,False
618,NOV,Living_Room,Light,3100.0,4.0,1.0,3.72,29.76,8.0,12400.0,Low,,False
201,Dec,Dining Room,Fan,84.0,12.9,1.0,32.51,260.06,8.0,1083.6,Med,Winter,False
722,Aug,Kitchen,,78.0,13.6,,31.82,254.59,8.0,,Med,Summer,
273,Oct,Living Room,Fan,69.0,9.0,2.0.0,37.26,298.08,8.0,,Medium,Autumn,False
752,August,DINING ROOM,Light,26.0,6.7,1.0,5.23,41.81,7.99,174.2,low,,False
252,Sep, Drawing Room  ,TV,63.0,4.8,1.0,9.07,72.58,8.0,302.4,Low,Autumn,False
827,Sep,Kitchen,Microwave,787.0,0.2,1.0,4.72,37.78,8.0,157.4,low,Autumn,True
92,MAR, Living Room  ,AC,1170.0,3.5,1.0,122.85,,,4095.0,High,,True
757,MAY,مش عارف,Heater,1266.0,?,1.0,117.74,941.9,8.0,,high,,False
194,dec,Kitchen,washing machine,51600.0,1.6,3.0,74.3,,,247680.0,Medium,,True
690,Sep,Bathroom,heater,892.0,2.9,2.0,155.21,1241.66,8.0,5173.6,High,Autumn,False
766,Oct, Bedroom  ,computer,383.0,2.0,2.0,45.96,367.68,8.0,1532.0,medium,Autumn,False
224,Jan,,heater,842.0,1.2,1.0,30.31,242.5,8.0,1010.4,Med,Winter,False
721,May,DRAWING ROOM,Computer,348.0,9.4,2.0,196.27,,,6542.4,High,Spring,False
166,Nov,Bathroom,Heater,1022.0,3.6,3.0,331.13,2649.02,8.0,11037.6,HIGH,Autumn,False
458,Jul,Kitchen,fridge,121.0,18.2,3.0,198.2,1585.58,8.0,6606.6,HIGH,Summer,True
323,July,Bedroom,Heater,1364.0,2.8,1.0.0,?,916.61,,,,,False
619,Apr,dining room,fan,75.0,15.8,2.0,71.1,568.8,8.0,2370.0,Medium,Spring,False
861,July,Bedroom,light,24.0,,2.0,7.92,63.36,8.0,,low,,False
276,Sep,KITCHEN,Fan,90.0,,2.0,59.94,479.52,8.0,,Med,Autumn,False
49,Dec,Kitchen,Microwave,698.0,0.2,3.0,12.56,100.51,8.0,418.8,Low,Winter,True
707,Feb, Bathroom  ,Washing Machine,422.0,1.2,2.0,30.38,243.07,8.0,1012.8,medium,Winter,True
177,Jun,Bedroom,Computer,337.0,8.7,3.0,263.87,2110.97,8.0,8795.7,HIGH,Summer,False
251,Mar,bedroom,COMPUTER,387.0,6.2,3.0,215.95,1727.57,8.0,7198.2,high,Spring,False
839,Mar,bedroom,Computer,215.0,3.5,3.0,67.72,541.8,8.0,2257.5,medium,Spring,False
58,OCT,Drawing Room,Fan,52.0,17.7,3.0,82.84,662.69,8.0,2761.2,medium,,False
253,jun,Kitchen,Microwave,1050.0,0.4,3.0.0,37.8,302.4,8.0,,medium,,True
460,Aug,Drawing_Room, TV  ,85.0,4.4,2.0,22.44,179.52,8.0,748.0,Med,Summer,False
114,Feb,Bathroom,washing machine,527.0,1.6,1.0,25.3,202.37,8.0,843.2,Med,Winter,True
340,, Drawing Room  ,TV,114.0,-2.8,1.0,9.58,76.61,8.0,-319.2,Low,,False
801,sep,DRAWING ROOM,TV,142.0,3.5,2.0,29.82,238.56,8.0,994.0,Med,,False
517,,Drawing Room,TV,168.0,3.9,2.0,39.31,314.5,8.0,1310.4,Medium,,False
371,Nov, Kitchen  , Fan  ,63.0,8.9,2.0,33.64,269.14,8.0,1121.4,medium,Autumn,False
611,October,Bathroom,WASHING MACHINE,430.0,1.5,3.0,,464.4,,1935.0,,,True
128,Aug,DRAWING ROOM,AC,1167.0,3.0,3.0,315.09,2520720.0,8000.0,10503.0,high,Summer,True
959,Sep, Dining Room  ,Fan,50.0,12.6,1.0,18.9,151.2,8.0,630.0,Low,Autumn,False
994,Sep,Bedroom,Computer,290.0,8.1,3.0,211.41,1691.28,8.0,7047.0,High,Autumn,False
923,Jun,Dining Room,Fan,72.0,9.3,1.0,20.09,160.7,8.0,669.6,Med,Summer,False
676,Feb,Kitchen,Light,13.0,8.6,3.0,10.06,80.5,8.0,335.4,low,Winter,False
821,Dec,Drawing Room,مش عارف,364.0,6.5,2.0,141.96,1135.68,8.0,4732.0,High,Winter,False
993,Jun,Kitchen,Fridge,290.0,23.1,1.0,200.97,1607.76,8.0,6699.0,High,Summer,True
494,jan,Bathroom,HEATER,81100.0,1.1,2.0.0,53.53,428.21,8.0,,Med,,False
264,Jul, Living Room  , TV  ,99.0,3.4,,10.1,80.78,8.0,,low,Summer,False
211,Dec,kitchen,FRIDGE,220.0,18.6,3.0,368.28,2946.24,8.0,12276.0,High,Winter,True
272,Jan,Dining Room,Light,35.0,,1.0.0,3.57,28.56,8.0,,Low,Winter,False
102,APR,Living Room,AC,1851.0,9.7,3.0,1615.92,12927.38,8.0,53864.1,high,,True
974,May,Living Room,ac,1753.0,9.4,1.0,494.35,3954.77,8.0,16478.2,high,Spring,True
362,Feb,Dining Room,fan,51.0,16.6,3.0.0,76.19,609.55,8.0,,Med,Winter,False
114,JAN,Drawing Room,Light,18.0,7.9,1.0.0,4.27,34.13,7.99,,low,,False
81,Oct,bedroom,,902.0,5.3,,286.84,2294.69,8.0,,High,Autumn,
202,Oct,Bedroom,fan,67.0,9.6,3.0,57.89,463.1,8.0,1929.6,Medium,Autumn,False
613,Aug,Kitchen,Washing Machine,442.0,1.6,2.0,42.43,339.46,8.0,1414.4,Med,Summer,True
51,Dec,drawing room,AC,1107.0,7.7,2.0.0,,4091.47,,,,Winter,True
826,Jul,Bedroom,AC,1598.0,5.7,2.0,546.52,4372.13,8.0,18217.2,high,Summer,True
637,Aug,Bathroom,fan,53.0,N/A,2.0.0,28.94,231.5,8.0,,Medium,Summer,False
960,Feb,,Fan,86.0,17.6,2.0,90.82,726.53,8.0,3027.2,Med,Winter,False
821,Mar,BATHROOM,LIGHT,17.0,4.7,3.0,7.19,57.53,8.0,239.7,low,Spring,False
241,July,Dining Room,Fan,80.0,8.1,3.0,58.32,466.56,8.0,1944.0,Medium,,False
458,Jan,Living Room, Fan  ,82.0,17.0,1.0,41.82,334.56,8.0,1394.0,Med,Winter,False
320,Sep,dining room, Fan  ,76.0,6.7,2.0,30.55,244.42,8.0,1018.4,Medium,Autumn,False
235,n/a,dining room,Light,27.0,5.8,3.0,14.09,112.75,8.0,469.8,Low,,False
607,not sure,Drawing_Room,TV,97.0,3.9,3.0,34.05,272.38,8.0,1134.9,medium,,False
163,August,,Microwave,1143.0,0.5,1.0,17.14,137.16,8.0,571.5,low,,True
907,Oct,Dining Room,Fan,76.0,error,2.0,36.02,288.19,8.0,,Med,Autumn,False
624,Dec,Drawing Room,LIGHT,15.0,4.6,2.0,4.14,33.12,8.0,138.0,low,Winter,False
44,Nov,KITCHEN,Microwave,745.0,0.4,3.0,26.82,214.56,8.0,894.0,Med,Autumn,True
944,June,Drawing Room,ac,1377.0,9.8,3.0.0,1214.51,9716.11,8.0,,High,,True
266,aug,Dining_Room,Fan,59.0,error,3.0,79.65,637.2,8.0,,Med,,False
569,Jan,Drawing Room,Light,34.0,4.1,1.0,4.18,33.46,8.0,139.4,Low,Winter,False
926,,Living Room,Fan,53.0,6.8,1.0,10.81,86.5,8.0,360.4,Low,,False
566,April,,COMPUTER,108.0,8.8,1.0,28.51,228.1,8.0,950.4,medium,,False
582,Feb,kitchen,Fridge,108.0,23.0,3.0,223.56,1788.48,8.0,7452.0,High,Winter,True
670,Jun, Kitchen  ,washing machine,480.0,1.1,2.0,31.68,253.44,8.0,1056.0,medium,Summer,True
173,Nov, Living Room  ,AC,,5.1,3.0,694.01,5552.06,8.0,,High,Autumn,True
167,Jul,Drawing Room,AC,1291.0,4.1,1.0,158.79,1270.34,8.0,5293.1,High,Summer,True
992,Jul,Drawing_Room,fan,70.0,12.1,1.0,25.41,203.28,8.0,847.0,Medium,Summer,False
568,October,Kitchen,washing machine,648.0,1.8,2.0.0,69.98,559.87,8.0,,Medium,,True
548,jan,Dining Room,Light,13.0,8.0,2.0,6.24,49.92,8.0,208.0,Low,,False
562,Feb,Living Room,Fan,65.0,11.9,1.0.0,23.2,185.64,8.0,,Medium,Winter,False
295,January,Drawing Room,TV,127.0,-3.8,,43.43,347.47,8.0,,Medium,,False
902,Sep,Bedroom,TV,60.0,4.6,1.0,8.28,66.24,8.0,276.0,low,Autumn,False
514,Apr,Drawing Room, TV  ,147.0,3.0,2.0,,211.68,,882.0,,Spring,False
611,March,living room,Fan,63.0,14.3,1.0,27.03,216.22,8.0,900.9,medium,,False
231,Mar,Bathroom,WASHING MACHINE,635.0,1.5,2.0,57.15,457.2,8.0,1905.0,medium,Spring,True
231,May,drawing room,fan,62.0,13.1,3.0,73.1,584.78,8.0,2436.6,medium,Spring,False
59,April,Bedroom, Fan  ,57.0,12.4,2.0,42.41,339.26,8.0,1413.6,Medium,,False
213,Nov,LIVING ROOM,Computer,217.0,7.4,3.0,144.52,1156.18,8.0,4817.4,HIGH,Autumn,False
894,August, Living Room  ,TV,131.0,5.4,1.0,,169.78,,707.4,,,False
821,Jul,drawing room,Light,10.0,4.3,1.0,1.29,10.32,8.0,43.0,Low,Summer,False
940,aug,Bedroom,Light,33.0,3.8,1.0,3.76,30.1,8.01,125.4,Low,,False
758,August,,Fan,68.0,12.6,2.0,51.41,411.26,8.0,1713.6,medium,,False
372,Oct, Bedroom  ,HEATER,1384.0,1.6,3.0,199.3,1594.37,8.0,6643.2,HIGH,Autumn,False
578,Dec, Living Room  , Fan  ,60.0,10.6,3.0,57.24,457.92,8.0,1908.0,medium,Winter,False
821,Nov,, Computer  ,296.0,5.8,3.0,154.51,1236.1,8.0,5150.4,High,Autumn,False
222,Jul,,AC,1144.0,4.3,2.0,295.15,2361.22,8.0,9838.4,High,Summer,True
932,aug,drawing room,FAN,51.0,15.1,2.0,46.21,369.65,8.0,1540.2,Medium,,False
519,May,Bathroom,Heater,1402.0,1.3,2.0.0,109.36,874.85,8.0,,high,Spring,False
985,Oct,Drawing Room, TV  ,197.0,5.9,3.0,104.61,836.86,8.0,3486.9,HIGH,Autumn,False
988,Jul,drawing room,AC,-1516.0,6.1,1.0,277.43,2219.42,8.0,-9247.6,High,Summer,True
810,Jun,bedroom,ac,1835.0,4.1,2.0.0,451.41,3611.28,8.0,,high,Summer,True
11,May,,tv,87.0,4.9,2.0,25.58,204.62,8.0,852.6,medium,Spring,False
346,October,Living Room,Light,34.0,,1.0,3.37,26.93,7.99,,Low,,False
869,,kitchen,Light,35.0,8.0,1.0,,67.2,,280.0,,,False
451,OCT, Bedroom  ,Fan,73.0,10.4,2.0.0,,364.42,,,,,False
630,May,Kitchen,Fridge,147.0,18.0,3.0,238.14,1905.12,8.0,7938.0,high,Spring,True
487,November,,Computer,396.0,7.6,2.0,180.58,1444.61,8.0,6019.2,High,,False
373,,living room,Fan,,969.9999999999999,1.0,23.28,186.24,8.0,,Med,,False
266,Dec, Living Room  ,TV,89.0,4.5,3.0,36.05,288.36,8.0,1201.5,Med,Winter,False
258,MAY, Bedroom  ,Light,15.0,6.6,1.0,2.97,23.76,8.0,99.0,low,,False
979,jul,kitchen,LIGHT,10.0,9.4,3.0,8.46,67.68,8.0,282.0,low,,False
59,Aug,, Washing Machine  ,767.0,0.9,1.0,20.71,165.67,8.0,690.3,medium,Summer,True
332,Jun,Bedroom,Fan,54.0,10.7,1.0,17.33,138.67,8.0,577.8,low,Summer,False
662,August,Living Room,AC,1467.0,9.8,3.0,1293.89,10351.15,8.0,43129.8,HIGH,,True
120,Mar, Bedroom  ,AC,1390.0,4.2,1.0,175.14,1401.12,8.0,5838.0,High,Spring,True
662,Jul,DRAWING ROOM,Fan,53.0,14.7,3.0,70.12,560.95,8.0,2337.3,Med,Summer,False
37,November, Living Room  ,ac,1963.0,7.9,3.0,1395.69,11165.54,8.0,46523.1,high,,True
285,Mar,living room,مش عارف,11.0,7.4,3.0.0,7.33,58.61,8.0,,Low,Spring,False
869,Aug,Drawing Room,LIGHT,34.0,4.8,2.0,9.79,78.34,8.0,326.4,low,Summer,False
390,Jan,Bathroom,,79.0,17.5,1.0,41.48,331.8,8.0,1382.5,Medium,Winter,
485,Apr,Bathroom,Heater,1253.0,2.5,3.0.0,281.93,2255.4,8.0,,High,Spring,False
749,July,Dining Room,Light,19.0,7.7,2.0,8.78,70.22,8.0,292.6,low,,False
859,Feb,Drawing_Room,light,12.0,4.1,2.0,2.95,23.62,8.01,98.4,Low,Winter,False
743,Oct,DINING ROOM,,87.0,16.6,2.0,86.65,693.22,8.0,2888.4,Medium,Autumn,
315,Mar,Living Room,AC,1648.0,2.6,2.0,257.09,2056.7,8.0,8569.6,high,Spring,True
745,September,Kitchen, Fan  ,86.0,10.1,2.0.0,52.12,416.93,8.0,,medium,,False
404,Jan,Kitchen,light,37.0,8.8,2.0,19.54,156.29,8.0,651.2,low,Winter,False
18,Mar,Bedroom,Computer,264.0,7.9,2.0,125.14,1001.09,8.0,4171.2,high,Spring,False
428,JUN,KITCHEN,Fridge,136.0,22.1,1.0,90.17,721.34,8.0,3005.6,Medium,,True
803,Dec,Drawing Room,ac,1714.0,3.5,1.0,179.97,1439.76,8.0,5999.0,high,Winter,True
260,Mar, Living Room  ,,14.0,8.4,2.0,7.06,56.45,8.0,235.2,Low,Spring,
538,Mar,BEDROOM,,113.0,8.2,2.0,55.6,444.77,8.0,1853.2,medium,Spring,
265,May,Living_Room,Light,34.0,3.9,1.0.0,3.98,31.82,7.99,,Low,Spring,False
761,Sep, Bedroom  ,Light,38.0,8.9,1.0,10.15,81.17,8.0,338.2,low,Autumn,False
983,Sep, Drawing Room  ,Computer,292.0,8.5,1.0.0,74.46,595.68,8.0,,Medium,Autumn,False
302,May,Bedroom,light,,4.5,2.0,2.7,21.6,8.0,,low,Spring,False
882,Apr, Dining Room  ,LIGHT,,6.6,2.0,12.67,101.38,8.0,,low,Spring,False
643,May, Bedroom  ,computer,346.0,2.6,2.0,53.98,431.81,8.0,1799.2,medium,Spring,False
329,May,Living Room,COMPUTER,282.0,7.5,2.0,126.9,1015.2,8.0,4230.0,HIGH,Spring,False
 822 ,Jul,BATHROOM,Light,10.0,6.4,3.0,5.76,46.08,8.0,192.0,Low,Summer,False
728,DEC,,Computer,385.0,6.5,1.0,75.08,600.6,8.0,2502.5,medium,,False
176,jul,Bathroom, Fan  ,59.0,11.5,1.0,20.36,162.84,8.0,678.5,Med,,False
245,Feb,KITCHEN,Washing Machine,668.0,1.8,1.0.0,36.07,288.58,8.0,,Med,Winter,True
541,Dec,Living_Room,,24.0,9.6,2.0,13.82,110.59,8.0,460.8,Low,Winter,
739,August,Drawing Room, Fan  ,86.0,6.6,3.0,51.08,408.67,8.0,1702.8,Med,,False
669,Feb,bedroom,Fan,57.0,,3.0,66.69,533.52,8.0,,Med,Winter,False
245,Jan,Bedroom,COMPUTER,340.0,9.3,1.0,94.86,758.88,8.0,3162.0,Medium,Winter,False
363,JAN,?, Fan  ,77.0,16.5,3.0,114.34,914.76,8.0,3811.5,High,,False
936,September,Bedroom,Heater,989.0,3.8,2.0,225.49,1803.94,8.0,7516.4,high,,False
992,February,Living Room,ac,1967.0,4.8,2.0.0,566.5,4531.97,8.0,,High,,True
615,Aug,dining room,FAN,50.0,10.0,3.0,45.0,360.0,8.0,1500.0,medium,Summer,False
962,Apr,bedroom,fan,64.0,6.5,2.0.0,24.96,199.68,8.0,,Medium,Spring,False
791,Aug,DINING ROOM,Fan,75.0,6.9,1.0,15.53,124.2,8.0,517.5,Low,Summer,False
622,Apr,Bathroom,light,28.0,6.2,1.0,5.21,41.66,8.0,173.6,Low,Spring,False
420,Sep,LIVING ROOM,Light,11.0,8.3,,8.22,65.74,8.0,,Low,Autumn,False
414,Jan,DINING ROOM,Light,32.0,5.4,3.0,15.55,124.42,8.0,518.4,Low,Winter,False
677,Jan,Kitchen,Fridge,143.0,18.8,3.0,241.96,1935.65,8.0,8065.2,HIGH,Winter,True
835,January,Living Room,AC,1023.0,2.1,1.0,64.45,515.59,8.0,2148.3,Med,,True
53,Jun,LIVING ROOM,Computer,248.0,8.3,1.0,61.75,494.02,8.0,2058.4,Med,Summer,False
873,Apr,BEDROOM,Heater,1411.0,1.1,3.0,139.69,1117.51,8.0,4656.3,HIGH,Spring,False
557,May,Kitchen,microwave,803.0,0.4,1.0,9.64,77.09,8.0,321.2,Low,Spring,True
98,Feb,Drawing_Room,AC,1365.0,7.3,1.0,298.94,2391.48,8.0,9964.5,HIGH,Winter,True
950,Nov,Kitchen,Fridge,226.0,19.2,1.0,130.18,,,4339.2,high,Autumn,True
453,Jul,Bedroom,Light,29.0,-6.3,3.0,16.44,131.54,8.0,-548.1,Low,Summer,False
581,may,Living Room,,70.0,6.1,2.0,25.62,204.96,8.0,854.0,Med,,
204,Feb, Dining Room  , Fan  ,-67.0,14.0,2.0,56.28,450.24,8.0,-1876.0,Med,Winter,False
338,May,,TV,139.0,5.0,2.0,41.7,333.6,8.0,1390.0,Med,Spring,False
85,May,Living Room, TV  ,117.0,2.4,1.0,8.42,67.39,8.0,280.8,Low,Spring,False
553,Jun,Living Room,computer,140.0,6.1,2.0,51.24,409.92,8.0,1708.0,Medium,Summer,False
94,Aug, Bedroom  ,AC,1102.0,9.5,1.0,314.07,,,10469.0,High,Summer,True
603,May,Kitchen,light,1300.0,3.9,3.0.0,N/A,36.5,,,,Spring,False
994,May,kitchen,Fridge,196.0,21.6,2.0,-,2032.13,,8467.2,,Spring,True
391,February,Living_Room, Light  ,15.0,8.7,2.0,7.83,62.64,8.0,261.0,low,,False
948,aug,Kitchen, Microwave  ,,0.2,2.0,9.0,72.0,8.0,,low,,True
280,Apr,Kitchen,Fridge,161.0,23.9,3.0,346.31,2770.49,8.0,11543.7,high,Spring,True
661,May,Dining Room,Fan,68.0,16.8,3.0,102.82,822.53,8.0,3427.2,High,Spring,False
877,apr,Living Room,AC,1833.0,2.6,3.0,428.92,3431.38,8.0,14297.4,high,,True
638,nov, Living Room  ,fan,57.0,14.1,1.0,24.11,192.89,8.0,803.7,Medium,,False
698,May,Living Room, Computer  ,109.0,5.0,3.0,49.05,392.4,8.0,1635.0,Med,Spring,False
564,-,Drawing_Room,Fan,81.0,11.2,1.0,27.22,217.73,8.0,907.2,Medium,,False
344,Apr,Drawing Room,LIGHT,3000.0,6.9,2.0,12.42,99.36,8.0,41400.0,Low,Spring,False
369,MAR,bedroom,tv,70.0,3.0,3.0,18.9,151.2,8.0,630.0,Low,,False
229,aug,Living_Room, TV  ,124.0,2.0,3.0,22.32,178.56,8.0,744.0,medium,,False
253,Apr,living room,Computer,133.0,3.3,3.0,39.5,316.01,8.0,1316.7,medium,Spring,False
186,July,Bathroom, Washing Machine  ,764.0,1.1,1.0,25.21,201.7,8.0,840.4,Medium,,True
727,,Bedroom,TV,73.0,3.0,1.0,6.57,52.56,8.0,219.0,Low,,False
896,Sep,Drawing Room,COMPUTER,338.0,5.4,2.0,,876.1,,3650.4,,Autumn,False
722,Aug, Bedroom  , Heater  ,1016.0,1.9,3.0,173.74,1389.89,8.0,5791.2,high,Summer,False
547,Mar,Drawing Room, Fan  ,90.0,12.9,3.0,error,835.92,,3483.0,,Spring,False
310,Jun,KITCHEN, Fan  ,N/A,15.8,2.0,84.37,674.98,8.0,,Med,Summer,False
727,July,Kitchen,Microwave,967.0,0.5,1.0,14.51,116.04,8.0,483.5,low,,True
34,Jun, Drawing Room  , Fan  ,89.0,12.4,1.0,33.11,264.86,8.0,1103.6,Medium,Summer,False
72,May,dining room,Light,33.0,7.8,3.0,23.17,185.33,8.0,772.2,Medium,Spring,False
357,Jan,drawing room, TV  ,185.0,3.7,3.0,61.6,492.84,8.0,2053.5,Medium,Winter,False
409,July,Living_Room,Computer,336.0,8.8,2.0,177.41,1419.26,8.0,5913.6,HIGH,,False
583,Sep,Kitchen,Fan,81.0,7.6,1.0,18.47,147.74,8.0,615.6,low,Autumn,False
216,jul,Drawing Room,tv,162.0,5.4,2.0.0,52.49,419.9,8.0,,Med,,False
856,Apr,Kitchen,MICROWAVE,809.0,0.4,2.0,19.42,155.33,8.0,647.2,Low,Spring,True
268,Dec,Drawing_Room,fan,83.0,14.5,2.0,72.21,577.68,8.0,2407.0,Medium,Winter,False
354,mar,Living_Room,TV,171.0,5.9,2.0,60.53,484.27,8.0,2017.8,medium,,False
145,Sep,Dining_Room,Fan,65.0,6.1,3.0,35.69,285.48,8.0,1189.5,medium,Autumn,False
188,jul,Bedroom, Fan  ,66.0,13.3,1.0,26.33,,,877.8,Medium,,False
696,Mar,,Fan,51.0,7.5,2.0,22.95,183.6,8.0,765.0,Med,Spring,False
361,Jul, Bedroom  ,tv,79.0,,3.0,28.44,227.52,8.0,,medium,Summer,False
676,May,Kitchen,fridge,150.0,23.2,1.0,104.4,835.2,8.0,3480.0,HIGH,Spring,True
429,FEB, Dining Room  , Fan  ,63.0,8.2,2.0,31.0,247.97,8.0,1033.2,Medium,,False
385,may,Living_Room,COMPUTER,224.0,7.8,2.0,104.83,838.66,8.0,3494.4,HIGH,,False
623,July,DINING ROOM,Light,28.0,9.1,1.0,,61.15,,254.8,,,False
 798 ,Sep,Drawing Room,Fan,57.0,17.2,1.0,29.41,235.3,8.0,980.4,medium,Autumn,False
 200 ,may, Living Room  ,computer,151.0,3.1,2.0,28.09,224.69,8.0,936.2,Med,,False
942,March,Kitchen,Fridge,180.0,20.1,2.0,217.08,1736.64,8.0,7236.0,High,,True
489,March,Bathroom,Fan,-72.0,10.7,3.0.0,69.34,554.69,8.0,,Med,,False
857,July,LIVING ROOM,COMPUTER,179.0,9.6,3.0,154.66,1237.25,8.0,5155.2,HIGH,,False
971,Jul,Living Room,light,22.0,6.3,1.0,4.16,,,138.6,Low,Summer,False
33,Jun,Kitchen,Fridge,233.0,18.9,2.0,264.22,2113.78,8.0,8807.4,High,Summer,True
140,Dec,Dining Room,LIGHT,13.0,7.1,2.0,5.54,44.3,8.0,184.6,Low,Winter,False
605,Jul,Bedroom,AC,1537.0,4.1,3.0,567.15,4537.22,8.0,18905.1,High,Summer,True
429,Mar,Drawing Room, Light  ,-27.0,4.8,3.0,11.66,93.31,8.0,-388.8,low,Spring,False
270,Mar,dining room,LIGHT,,5.8,3.0,14.09,112.75,8.0,,Low,Spring,False
203,Nov,Drawing Room,TV,183.0,4.4,1.0.0,24.16,193.25,8.0,,medium,Autumn,False
576,Aug,LIVING ROOM,Computer,,6.5,3.0,176.09,1408.68,8.0,,High,Summer,False
 215 ,Sep,DINING ROOM,fan,80.0,16.7,3.0,120.24,961.92,8.0,4008.0,HIGH,Autumn,False
 874 ,Jan,Drawing Room,TV,118.0,5.4,3.0.0,57.35,458.78,8.0,,medium,Winter,False
 916 ,Feb,Kitchen,fan,57.0,14.4,3.0,73.87,590.98,8.0,2462.4,medium,Winter,False
259,jul,not sure,Fan,84.0,16.5,1.0,41.58,332.64,8.0,1386.0,Med,,False
688,Jun,Dining Room,Light,13.0,3.1,1.0,1.21,9.67,7.99,40.3,Low,Summer,False
591,sep,Dining Room,Fan,81.0,13.7,1.0,33.29,266.33,8.0,1109.7,Medium,,False
336,nov,Kitchen,Fan,53.0,11.6,2.0,36.89,295.1,8.0,1229.6,Med,,False
437,March,Unknown, AC  ,1526.0,2.1,2.0,192.28,1538.21,8.0,6409.2,HIGH,,True
738,Jun,BEDROOM,TV,159.0,2.9,2.0,0.02767,221.33,7998.92,922.2,Low,Summer,False
978,February,LIVING ROOM,TV,158.0,2.0,3.0,28.44,227.52,8.0,948.0,medium,,False
540,March,Kitchen,,89.0,11.7,1.0,31.24,249.91,8.0,1041.3,Medium,,
204,Oct,Bathroom,WASHING MACHINE,479.0,1.7,1.0,24.43,195.43,8.0,814.3,Medium,Autumn,True
618,Apr,Dining Room,Fan,53.0,11.0,3.0,52.47,419.76,8.0,1749.0,medium,Spring,False
222,nov,Bedroom,Fan,65.0,7.9,1.0,15.4,123.24,8.0,513.5,low,,False
140,Dec,Dining Room,LIGHT,13.0,7.1,2.0,5.54,44.3,8.0,184.6,Low,Winter,False
934,Jan,BEDROOM,ac,1093.0,680.0,1.0,222.97,1783.78,8.0,743240.0,high,Winter,True
222,may,Living Room,AC,1662.0,8.5,2.0,847.62,6780.96,8.0,28254.0,high,,True
218,Nov,dining room,Light,35.0,4.5,1.0,4.72,37.8,8.01,157.5,low,Autumn,False
54,jul,unknown,Computer,286.0,6.9,100.0,118.4,947.23,8.0,197340.0,HIGH,,False
883,Dec,living room,ac,1970.0,5.1,3.0.0,904.23,7233.84,8.0,,High,Winter,True
533,Feb,Drawing_Room,computer,279.0,5.9,2.0,98.77,790.13,8.0,3292.2,Med,Winter,False
79,may,BATHROOM, Fan  ,51.0,16.3,2.0,49.88,399.02,8.0,1662.6,medium,,False
641,August,BATHROOM,fan,90.0,8.7,1.0,23.49,187.92,8.0,783.0,Medium,,False
714,, Kitchen  ,Washing Machine,,0.6,3.0,25.92,207.36,8.0,,Medium,,True
606,Feb, Drawing Room  ,Fan,77.0,9.7,2.0,44.81,358.51,8.0,1493.8,Medium,Winter,False
858,January,Bedroom,Fan,51.0,9.6,3.0,44.06,352.51,8.0,1468.8,medium,,False
944,December,Living Room,tv,115.0,5.0,1.0,17.25,138.0,8.0,575.0,Low,,False
51,JAN,bathroom,Fan,84.0,15.6,1.0.0,39.31,314.5,8.0,,Med,,False
881,NOV,Drawing Room,computer,173.0,9.5,,98.61,788.88,8.0,,medium,,False
793,May,DRAWING ROOM,?,13.0,6.6,2.0,5.15,41.18,8.0,171.6,low,Spring,False
374,Apr,bathroom,Light,35.0,6.4,1.0,6.72,53.76,8.0,224.0,low,Spring,False
72,Feb, Living Room  ,Fan,56.0,14.7,2.0,49.39,395.14,8.0,1646.4,Medium,Winter,False
24,oct, Kitchen  , Light  ,35.0,7.8,2.0,16.38,131.04,8.0,546.0,low,,False
586,apr,Dining Room,FAN,61.0,10.3,2.0,37.7,301.58,8.0,1256.6,Medium,,False
846,Aug,DRAWING ROOM,TV,71.0,3.7,3.0,23.64,189.14,8.0,788.1,medium,Summer,False
442,May, Dining Room  , Light  ,,9.5,1.0,9.4,75.24,8.0,,Low,Spring,False
597,Jun,drawing room, AC  ,923.0,9.9,2.0,548.26,4386.1,8.0,18275.4,HIGH,Summer,True
253,Nov,Bedroom,fan,68.0,16.1,3.0,98.53,788.26,8.0,3284.4,Medium,Autumn,False
307,apr,Drawing Room,computer,178.0,2.4,2.0,25.63,,,854.4,Med,,False
89,June,kitchen,Fan,73.0,12.0,3.0,78.84,630.72,8.0,2628.0,Med,,False
699,MAR,Drawing Room,Computer,350.0,,2.0,180.6,1444.8,8.0,,high,,False
30,October,KITCHEN,Fan,70.0,16.2,1.0,34.02,,,1134.0,Med,,False
246,Dec, Bedroom  ,COMPUTER,177.0,8.0,1.0,,339.84,,1416.0,,Winter,False
129,May,Living Room,LIGHT,29.0,,3.0,13.57,108.58,8.0,,Low,Spring,False
27,Mar,LIVING ROOM,Light,12.0,3.4,3.0,3.67,29.38,8.01,122.4,Low,Spring,False
74,Jul,Living_Room,AC,1270.0,9.0,2.0,685.8,5486.4,8.0,22860.0,HIGH,Summer,True
448,Feb,Living Room,Computer,393.0,2.6,3.0,91.96,735.7,8.0,3065.4,medium,Winter,False
586,Dec,Dining Room,Light,11.0,5.4,3.0.0,5.35,42.77,7.99,,low,Winter,False
472,Jul,Living Room,,1844.0,3.3,3.0,547.67,4381.34,8.0,18255.6,High,Summer,
853,Nov,dining room,Light,29.0,4.2,3.0,-,87.7,,365.4,,Autumn,False
615,Dec,Kitchen,Washing Machine,413.0,,2.0,47.08,376.66,8.0,,Medium,Winter,True
86,Feb,Bedroom,Light,26.0,7.8,1.0.0,6.08,48.67,8.0,,Low,Winter,False
737,May,Living Room, AC  ,1836.0,2.3,2.0,253.37,2026.94,8.0,8445.6,HIGH,Spring,True
329,Mar,Bedroom,Fan,87.0,?,3.0,129.19,1033.56,8.0,,high,Spring,False
736,Apr,Living Room,Fan,82.0,6.1,1.0,15.01,120.05,8.0,500.2,Low,Spring,False
807,Feb,DRAWING ROOM,AC,1655.0,7.5,2.0,744.75,5958.0,8.0,24825.0,HIGH,Winter,True
561,Dec, Drawing Room  ,Light,25.0,9.0,1.0,6.75,54.0,8.0,225.0,low,Winter,False
149,APR,Drawing_Room, Computer  ,131.0,8.3,2.0,65.24,521.9,8.0,2174.6,medium,,False
111,Dec,Drawing Room,Computer,208.0,5.3,3.0,,793.73,,3307.2,,Winter,False
796,may,LIVING ROOM,Computer,210.0,9.1,1.0,57.33,458.64,8.0,1911.0,Medium,,False
545,Jan,bedroom,AC,1745.0,4.1,2.0,429.27,3434.16,8.0,14309.0,HIGH,Winter,True
830,December,,,1228.0,1.7,3.0,187.88,1503.07,8.0,6262.8,high,,
80,May,DINING ROOM, Fan  ,77.0,13.0,3.0,90.09,720.72,8.0,3003.0,medium,Spring,False
350,Dec, Kitchen  ,Microwave,1039.0,0.4,3.0,37.4,299.23,8.0,1246.8,Med,Winter,True
862,may,Living Room,,25.0,3.7,1.0.0,2.77,22.2,8.01,,low,,
657,Jul,,LIGHT,12.0,7.9,2.0,unknown,45.5,,189.6,,Summer,False
51,Jun,LIVING ROOM,TV,93.0,4.4,2.0,24.55,196.42,8.0,818.4,Med,Summer,False
688,Jun,Drawing Room,AC,1524.0,2.2,,100.58,804.67,8.0,,HIGH,Summer,True
913,Oct,bedroom,AC,1949.0,5.0,3.0,877.05,7016.4,8.0,29235.0,high,Autumn,True
451,Oct,Bedroom,AC,1035.0,3.6,3.0,335.34,2682.72,8.0,11178.0,HIGH,Autumn,True
206,Feb,KITCHEN,Fan,60.0,6.2,3.0,33.48,267.84,8.0,1116.0,medium,Winter,False
911,may,Bathroom,Light,18.0,7.7,1.0,4.16,33.26,8.0,138.6,Low,,False
714,Unknown,Bedroom,HEATER,1144.0,3.0,2.0,205.92,1647.36,8.0,6864.0,High,,False
172,Feb,Dining Room,Light,14.0,5.9,3.0,7.43,59.47,8.0,247.8,Low,Winter,False
643,May,Drawing Room,AC,1865.0,5.6,2.0,626.64,5013.12,8.0,20888.0,High,Spring,True
894,Sep,Living Room,,285.0,2.5,2.0,42.75,342.0,8.0,1425.0,Med,Autumn,
544,Dec,LIVING ROOM,Fan,61.0,13.7,1.0,25.07,200.57,8.0,835.7,Medium,Winter,False
399,Sep,DRAWING ROOM,TV,124.0,2.1,2.0,15.62,124.99,8.0,520.8,low,Autumn,False
812,Aug, Kitchen  ,Microwave,664.0,0.1,1.0,1.99,15940.0,8010.05,66.4,Low,Summer,True
893,nov,Living Room,FAN,57.0,8.8,1.0,15.05,120.38,8.0,501.6,low,,False
337,February,Living Room,Light,14.0,4.9,1.0,2.06,16.46,7.99,68.6,low,,False
276,December,DINING ROOM,Fan,71.0,8.9,3.0.0,56.87,454.97,8.0,,Medium,,False
400,Aug,Dining Room, Fan  ,61.0,17.1,1.0,31.29,250.34,8.0,1043.1,Medium,Summer,False
815,Sep,Living Room,tv,166.0,4.9,1.0,24.4,195.22,8.0,813.4,Medium,Autumn,False
350,Feb,Bedroom,ac,929.0,9.5,2.0,529.53,4236.24,8.0,17651.0,HIGH,Winter,True
124,apr,BATHROOM,Heater,868.0,1.5,3.0,117.18,937.44,8.0,3906.0,High,,False
548,Jan,Dining Room,Light,10.0,3.9,3.0,3.51,28.08,8.0,117.0,low,Winter,False
770,March,Drawing Room, AC  ,1809.0,4.5,2.0,488.43,3907.44,8.0,16281.0,HIGH,,True
215,Sep, Drawing Room  ,Fan,82.0,13.7,2.0,67.4,539.23,8.0,2246.8,Med,Autumn,False
76,Jun,Bedroom,heater,1216.0,3.3,3.0,361.15,2889.22,8.0,12038.4,HIGH,Summer,False
449,Nov,Living_Room,TV,125.0,2.2,2.0,16.5,132.0,8.0,550.0,low,Autumn,False
932,Jun,Drawing Room, AC  ,1552.0,3.1,2.0,288.67,2309.38,8.0,9622.4,High,Summer,True
150,Nov,DINING ROOM,Fan,68.0,6.5,2.0,26.52,212.16,8.0,884.0,medium,Autumn,False
441,Nov,LIVING ROOM,AC,1713.0,9.5,2.0,976.41,7811.28,8.0,32547.0,HIGH,Autumn,True
857,Aug,kitchen, Fridge  ,118.0,22.6,2.0,160.01,1280.06,8.0,5333.6,High,Summer,True
313,January,Kitchen,Light,21.0,6.3,1.0,3.97,31.75,8.0,132.3,Low,,False
725,May,Living Room,TV,200.0,5.5,2.0.0,66.0,528.0,8.0,,Medium,Spring,False
940,Jun,living room,LIGHT,23.0,9.3,1.0,6.42,51.34,8.0,213.9,Low,Summer,False
922,feb,Bedroom, Computer  ,345.0,2.1,2.0,43.47,347.76,8.0,1449.0,medium,,False
216,Feb,Living Room,Light,33.0,3.5,2.0,6.93,55.44,8.0,231.0,low,Winter,False
427,Jul,unknown,AC,1709.0,7.5,3.0,1153.58,9228.6,8.0,38452.5,HIGH,Summer,True
41,Feb,bedroom,AC,-1976.0,7.7,2.0,912.91,7303.3,8.0,-30430.4,High,Winter,True
508,March,Dining Room,Light,34.0,3.9,2.0.0,7.96,63.65,8.0,,Low,,False
796,Mar,Bedroom, Fan  ,57.0,9.9,2.0,33.86,270.86,8.0,1128.6,medium,Spring,False
194,Jul,Kitchen,Light,-33.0,5.3,2.0,10.49,83.95,8.0,-349.8,low,Summer,False
828,July,Drawing Room,Light,39.0,6.0,2.0,14.04,112.32,8.0,468.0,low,,False
559,Sep,Drawing Room,fan,89.0,13.9,3.0.0,111.34,890.71,8.0,,high,Autumn,False
254,Jul,DRAWING ROOM,COMPUTER,,5.9,2.0,46.02,368.16,8.0,,medium,Summer,False
426,nov,Kitchen,Washing Machine,438.0,1.5,1.0,19.71,157.68,8.0,657.0,low,,True
669,Aug, Living Room  , TV  ,158.0,4.9,1.0,23.23,185.81,8.0,774.2,Med,Summer,False
93,July,Kitchen,FAN,82.0,14.3,3.0.0,105.53,844.27,8.0,,HIGH,,False
931,FEB,dining room,Fan,51.0,15.5,2.0,47.43,379.44,8.0,1581.0,Medium,,False
762,Oct,Bathroom,Light,11.0,8.8,2.0,5.81,46.46,8.0,193.6,low,Autumn,False
419,February,Bedroom,Heater,1461.0,3.1,2.0,271.75,2173.97,8.0,9058.2,high,,False
659,Jun,Bathroom,washing machine,470.0,1.0,1.0,14.1,112.8,8.0,470.0,low,Summer,True
359,Aug,Bedroom,,1145.0,3.3,2.0,226.71,1813.68,8.0,7557.0,High,Summer,
183,June,BEDROOM, Computer  ,171.0,8.9,1.0,45.66,365.26,8.0,1521.9,medium,,False
734,May,kitchen,Fan,70.0,16.5,3.0,103.95,831.6,8.0,3465.0,High,Spring,False
180,apr, Drawing Room  ,TV,-160.0,3.5,1.0,16.8,134.4,8.0,-560.0,low,,False
568,jan,Dining Room,Fan,70.0,13.1,3.0,82.53,660.24,8.0,2751.0,Med,,False
119,April,Living Room, Computer  ,204.0,error,2.0,78.34,626.69,8.0,,Med,,False
250,Feb,na,Light,31.0,8.7,3.0,0.02427,194.18,8000.82,809.1,low,Winter,False
11,June,,Fan,61.0,7.0,,38.43,307.44,8.0,,Medium,,False
564,June,Drawing Room,AC,1040.0,7.2,1.0.0,224.64,1797.12,8.0,,high,,True
217,Jan,BATHROOM,Fan,73.0,16.5,1.0,36.13,289.08,8.0,1204.5,Medium,Winter,False
8,Jun,living room,Computer,101.0,6.4,2.0,38.78,310.27,8.0,1292.8,Medium,Summer,False
156,May,DINING ROOM,,72.0,,3.0,57.67,461.38,8.0,,Medium,Spring,
557,APR,Living_Room,fan,75.0,8.1,2.0,36.45,291.6,8.0,1215.0,Med,,False
362,may,bedroom, Light  ,24.0,9.6,3.0,20.74,165.89,8.0,691.2,Medium,,False
885,December,Living Room,light,-19.0,6.3,3.0,0.01077,86.18,8001.86,-359.1,Low,,False
701,Apr, Bedroom  ,TV,176.0,3.8,1.0,20.06,160.51,8.0,668.8,Med,Spring,False
368,Feb,Drawing Room,,97.0,3.1,3.0,27.06,216.5,8.0,902.1,Med,Winter,
111,sep,Living Room,ac,922.0,4.8,3.0,398.3,3186.43,8.0,13276.8,High,,True
689,Dec, Bedroom  ,TV,78.0,5.4,3.0,37.91,,,1263.6,medium,Winter,False
881,January,Living Room,Fan,57.0,11.3,1.0,19.32,154.58,8.0,644.1,low,,False
592,May, Kitchen  ,Fridge,187.0,23.1,3.0.0,388.77,3110.18,8.0,,High,Spring,True
56,September,Dining_Room,light,40.0,9.4,2.0,22.56,180.48,8.0,752.0,Med,,False
644,Nov, Kitchen  ,,,13.6,3.0,100.37,802.94,8.0,,high,Autumn,
126,Jul,Drawing Room, Computer  ,unknown,6.4,3.0,130.75,1046.02,8.0,,High,Summer,False
126,Aug, Drawing Room  ,TV,120.0,3.8,2.0,27.36,218.88,8.0,912.0,Medium,Summer,False
221,Dec,Drawing Room,Light,33.0,3.9,2.0.0,,61.78,,,,Winter,False
114,Aug,Bedroom,Light,20.0,8.8,1.0,5.28,42.24,8.0,176.0,low,Summer,False
570,March, Living Room  ,TV,,3.7,2.0,30.19,,,,Medium,,False
120,Jun,Drawing Room, TV  ,150.0,2.1,3.0,28.35,226.8,8.0,945.0,Med,Summer,False
449,Feb,Kitchen, Light  ,20.0,5.6,3.0.0,10.08,80.64,8.0,,Low,Winter,False
755,oct,living room,TV,107.0,3.4,2.0,21.83,174.62,8.0,727.6,Medium,,False
902,Mar,Bedroom,AC,1189.0,4.2,1.0,149.81,1198.51,8.0,4993.8,high,Spring,True
946,Mar,Kitchen, Fridge  ,141.0,21.6,2.0,182.74,1461.89,8.0,6091.2,HIGH,Spring,True
840,Sep,bathroom,Fan,77.0,13.7,1.0,31.65,253.18,8.0,1054.9,medium,Autumn,False
267,September, Living Room  ,FAN,68.0,8.1,1.0,16.52,132.19,8.0,550.8,low,,False
386,JUL,Kitchen,Washing Machine,439.0,0.6,2.0,15.8,126.43,8.0,526.8,low,,True
815,November,bathroom,LIGHT,37.0,9.0,1.0,9.99,79.92,8.0,333.0,Low,,False
692,December,Kitchen, Fan  ,54.0,16.9,1.0.0,27.38,219.02,8.0,,medium,,False
635,May,Kitchen,light,32.0,7.7,2.0,14.78,118.27,8.0,492.8,low,Spring,False
264,apr,Kitchen,Light,37.0,6.8,2.0,15.1,120.77,8.0,503.2,Low,,False
303,Jun,مجهول,AC,1323.0,2.7,1.0.0,107.16,857.3,8.0,,high,Summer,True
922,Feb,Bathroom,WASHING MACHINE,498.0,190.0,1.0,,227.09,,94620.0,,Winter,True
195,Nov,Kitchen,WASHING MACHINE,581.0,,3.0,52.29,418.32,8.0,,medium,Autumn,True
222,March,DRAWING ROOM,AC,,2.1,1.0.0,119.51,956.09,8.0,,high,,True
490,Aug,مش عارف,Fan,75.0,6.6,1.0,14.85,118.8,8.0,495.0,low,Summer,False
486,Apr,Living_Room,TV,71.0,4.3,3.0,27.48,219.82,8.0,915.9,Medium,Spring,False
183,Jul,Dining Room,Light,12.0,6.4,1.0,2.3,18.43,8.01,76.8,low,Summer,False
917,Mar,DRAWING ROOM, Light  ,20.0,8.1,2.0,9.72,77.76,8.0,324.0,low,Spring,False
134,Feb,Bathroom,Light,,7.1,3.0,12.78,102.24,8.0,,low,Winter,False
638,jan,Bathroom,Fan,90.0,13.8,3.0,111.78,894.24,8.0,3726.0,HIGH,,False
498,Mar,Kitchen,washing machine,737.0,1.1,1.0,24.32,194.57,8.0,810.7,Med,Spring,True
264,MAR,Living Room,light,-38.0,4.6,2.0.0,10.49,83.9,8.0,,Low,,False
38,Sep,dining room,Fan,78.0,13.5,2.0.0,63.18,505.44,8.0,,Med,Autumn,False
711,November,Dining Room,Fan,68.0,6.6,3.0,40.39,323.14,8.0,1346.4,Med,,False
951,Aug,Dining Room,LIGHT,22.0,4.4,3.0,8.71,69.7,8.0,290.4,low,Summer,False
198,December,Bedroom,TV,138.0,2.9,3.0,36.02,288.14,8.0,1200.6,Med,,False
946,Mar,BEDROOM,TV,,3.1,2.0,28.64,229.15,8.0,,Med,Spring,False
946,jun,Drawing Room,Fan,67.0,11.0,,22.11,176.88,8.0,,Med,,False
29,Nov,BEDROOM,tv,82.0,2.2,1.0,5.41,43.3,8.0,180.4,low,Autumn,False
787,dec,Drawing_Room, TV  ,113.0,4.0,1.0,13.56,108.48,8.0,452.0,Low,,False
41,Sep,Bedroom,AC,1882.0,4.7,2.0,530.72,4245.79,8.0,17690.8,HIGH,Autumn,True
963,Sep,BEDROOM,Computer,232.0,9.7,2.0,135.02,1080.19,8.0,4500.8,High,Autumn,False
550,Aug,Living_Room, Light  ,35.0,8.9,1.0,,74.76,,311.5,,Summer,False
449,MAY,Kitchen,Microwave,1142.0,0.2,1.0,6.85,54.82,8.0,228.4,low,,True
509,Jun,dining room,FAN,N/A,14.9,2.0,56.32,450.58,8.0,,Med,Summer,False
105,Feb,Kitchen,fan,5600.0,11.3,1.0.0,18.98,151.87,8.0,,low,Winter,False
262,Nov,Drawing Room,computer,299.0,9.2,3.0,247.57,1980.58,8.0,8252.4,High,Autumn,False
488,Apr,Bedroom,Light,30.0,8.6,3.0,23.22,185.76,8.0,774.0,medium,Spring,False
960,Apr, Bathroom  ,FAN,55.0,17.7,3.0,87.61,700.92,8.0,2920.5,Med,Spring,False
780,,Bedroom,heater,1172.0,2.9,2.0,203.93,1631.42,8.0,6797.6,high,,False
271,JUN,drawing room,Light,16.0,,3.0,9.07,72.58,8.0,,Low,,False
674,Jul,Drawing_Room,AC,1700.0,2.4,3.0,367.2,,,12240.0,HIGH,Summer,True
635,Mar,BATHROOM,Fan,80.0,14.2,3.0,102.24,,,3408.0,HIGH,Spring,False
9,Sep,Unknown,Fan,83.0,17.1,1.0,42.58,340.63,8.0,1419.3,medium,Autumn,False
906,aug,bathroom,light,29.0,8.5,2.0,14.79,118.32,8.0,493.0,low,,False
913,Sep,Drawing Room,Light,31.0,7.4,1.0.0,6.88,55.06,8.0,,Low,Autumn,False
943,Oct, Bathroom  ,washing machine,756.0,2.0,2.0,90.72,725.76,8.0,3024.0,Medium,Autumn,True
734,Jun,Drawing Room,LIGHT,34.0,8.8,3.0,26.93,215.42,8.0,897.6,medium,Summer,False
978,June,BEDROOM, Heater  ,1334.0,3.6,3.0,432.22,3457.73,8.0,14407.2,High,,False
630,Aug, Bedroom  ,heater,1075.0,1.6,1.0,51.6,412.8,8.0,1720.0,medium,Summer,False
921,February,LIVING ROOM,TV,131.0,4.6,2.0,36.16,289.25,8.0,1205.2,Medium,,False
286,Feb,Living Room,Light,34.0,4.1,1.0,4.18,33.46,8.0,139.4,Low,Winter,False
828,Feb,Dining Room,Fan,70.0,10.1,2.0,42.42,339.36,8.0,1414.0,medium,Winter,False
323,Nov,مجهول,Fan,54.0,6.1,1.0,9.88,79.06,8.0,329.4,Low,Autumn,False
807,February,,TV,93.0,5.2,3.0,43.52,348.19,8.0,1450.8,medium,,False
394,Jun,Bedroom,computer,198.0,8.1,1.0.0,48.11,384.91,8.0,,Medium,Summer,False
817,April,Bedroom,Heater,1204.0,2.7,2.0,195.05,1560.38,8.0,6501.6,High,,False
 857 ,May,na,Fan,59.0,15.8,3.0.0,83.9,671.18,8.0,,Med,Spring,False
955,Apr,Bedroom, Fan  ,72.0,8.5,3.0,55.08,440.64,8.0,1836.0,Med,Spring,False
699,Nov,Kitchen,Light,37.0,5.7,3.0,18.98,151.85,8.0,632.7,low,Autumn,False
613,May,Dining Room, Light  ,10.0,5.2,3.0,4.68,37.44,8.0,156.0,Low,Spring,False
229,aug,Living_Room, TV  ,124.0,2.0,3.0,22.32,178.56,8.0,744.0,medium,,False
212,Jun,Living Room,COMPUTER,193.0,3.9,3.0,67.74,541.94,8.0,2258.1,Medium,Summer,False
860,Dec,DRAWING ROOM,Fan,70.0,10.9,1.0,22.89,183.12,8.0,763.0,Med,Winter,False
253,Apr,Bathroom,Washing Machine,772.0,,3.0,41.69,333.5,8.0,,Med,Spring,True
856,May,,computer,300.0,8.0,1.0,72.0,576.0,8.0,2400.0,medium,Spring,False
51,March,Kitchen,Washing Machine,724.0,0.5,,32.58,260.64,8.0,,medium,,True
501,September,Drawing Room,Light,23.0,6.2,3.0,12.83,102.67,8.0,427.8,Low,,False
210,May,drawing room,computer,315.0,N/A,2.0,120.96,967.68,8.0,,High,Spring,False
280,August,Kitchen,light,27.0,8.8,2.0,14.26,114.05,8.0,475.2,Low,,False
719,Dec,kitchen,Washing Machine,660.0,1.6,1.0,31.68,253.44,8.0,1056.0,Medium,Winter,True
951,May,Dining Room,Fan,,12.0,1.0,32.4,259.2,8.0,,Medium,Spring,False
662,November,Living Room,TV,113.0,2.0,2.0,N/A,108.48,,452.0,,,False
746,January,Drawing Room,AC,,6.0,,637.2,5097.6,8.0,,High,,True
217,September,مجهول,tv,138.0,5.4,3.0,67.07,536.54,8.0,2235.6,Med,,False
996,Mar,living room, Computer  ,334.0,7.3,2.0,146.29,1170.34,8.0,4876.4,HIGH,Spring,False
720,Mar,Kitchen,Washing Machine,693.0,1.3,2.0,54.05,432.43,8.0,1801.8,Medium,Spring,True
519,Jan,Kitchen,LIGHT,18.0,3.0,1.0,1.62,12.96,8.0,54.0,Low,Winter,False
648,Mar,Living Room,TV,186.0,2.2,150.0,36.83,294.62,8.0,61380.0,Med,Spring,False
635,Jul,Living Room, Fan  ,52.0,6.6,1.0,10.3,82.37,8.0,343.2,low,Summer,False
457,May,-,fan,77.0,10.4,1.0,24.02,192.19,8.0,800.8,Med,Spring,False
399,Oct,,Light,19.0,4.3,2.0,4.9,39.22,8.0,163.4,Low,Autumn,False
796,February, Drawing Room  ,LIGHT,14.0,9.9,3.0.0,12.47,99.79,8.0,,Low,,False
119,August,kitchen,Microwave,974.0,0.4,3.0,35.06,280.51,8.0,1168.8,medium,,True
804,Oct,Dining_Room,Fan,67.0,7.5,3.0,45.23,361.8,8.0,1507.5,Med,Autumn,False
418,Nov,Living Room, TV  ,94.0,5.5,3.0.0,,372.24,,,,Autumn,False
119,Nov,KITCHEN,,159.0,18.4,2.0,175.54,1404.29,8.0,5851.2,high,Autumn,
873,Mar,Bathroom,Heater,1089.0,2.4,2.0,156.82,1254.53,8.0,5227.2,HIGH,Spring,False
677,Sep,Living Room, AC  ,1061.0,8.4,1.0,267.37,2138.98,8.0,8912.4,HIGH,Autumn,True
590,April,Drawing Room,computer,119.0,3.7,1.0,13.21,105.67,8.0,440.3,Low,,False
575,MAY,dining room,Light,34.0,5.1,3.0,15.61,124.85,8.0,520.2,Low,,False
526,October, Living Room  ,Light,19.0,9.2,2.0,10.49,83.9,8.0,349.6,Low,,False
675,Jan,Living Room,TV,98.0,3.6,1.0,10.58,84.67,8.0,352.8,low,Winter,False
801,Aug,DRAWING ROOM, Computer  ,215.0,4.4,2.0,56.76,454.08,8.0,1892.0,medium,Summer,False
64,Jan,Kitchen,Fridge,114.0,21.2,2.0,145.01,1160.06,8.0,4833.6,HIGH,Winter,True
34,Apr,kitchen,Fan,66.0,13.2,2.0,52.27,418.18,8.0,1742.4,Med,Spring,False
772,Nov,Bathroom,Light,40.0,9.8,2.0,23.52,188.16,8.0,784.0,Medium,Autumn,False
721,February,Living Room,TV,80.0,2.9,3.0,20.88,167.04,8.0,696.0,Med,,False
451,Sep,DRAWING ROOM, Computer  ,324.0,8.5,3.0,247.86,1982.88,8.0,8262.0,high,Autumn,False
460,n/a,Living Room,AC,1561.0,5.3,3.0,744.6,5956.78,8.0,24819.9,HIGH,,True
431,Jan,Dining Room,Light,29.0,3.4,2.0,5.92,47.33,7.99,197.2,Low,Winter,False
855,December, Bedroom  , Heater  ,1476.0,1.0,2.0,88.56,708.48,8.0,2952.0,Med,,False
743,Dec,drawing room,AC,1050.0,7.6,1.0,239.4,1915.2,8.0,7980.0,High,Winter,True
715,Sep,Dining Room, Light  ,39.0,5.9,2.0,13.81,110.45,8.0,460.2,Low,Autumn,False
799,March,DINING ROOM,Fan,-87.0,7.1,,18.53,148.25,8.0,,Low,,False
946,Oct,LIVING ROOM,tv,135.0,3.9,2.0.0,31.59,252.72,8.0,,Medium,Autumn,False
309,March, Dining Room  ,Fan,59.0,8.2,3.0,43.54,348.34,8.0,1451.4,Medium,,False
841,February,Drawing Room,Light,17.0,3.3,3.0,5.05,40.39,8.0,168.3,low,,False
151,Jan,Kitchen,MICROWAVE,964.0,0.5,2.0,28.92,231.36,8.0,964.0,Medium,Winter,True
335,Jul,Dining Room,light,2700.0,7.0,1.0,5.67,45.36,8.0,18900.0,low,Summer,False
591,Jun,Living Room,TV,196.0,3.2,2.0,37.63,301.06,8.0,1254.4,Med,Summer,False
619,May,Bedroom,Light,23.0,6.9,3.0.0,14.28,114.26,8.0,,Low,Spring,False
181,, Bedroom  ,TV,111.0,2.0,3.0,19.98,,,666.0,Low,,False
277,Aug,BEDROOM, TV  ,72.0,4.4,3.0,28.51,228.1,8.0,950.4,Med,Summer,False
697,Jan,Dining Room,Fan,83.0,17.7,2.0,88.15,705.17,8.0,2938.2,medium,Winter,False
953,Jun,Bedroom,AC,1934.0,9.4,2.0,1090.78,8726.21,8.0,36359.2,high,Summer,True
314,Aug,KITCHEN,fridge,227.0,22.2,1.0,?,1209.46,,5039.4,,Summer,True
116,NOV,Drawing Room,Computer,354.0,3.7,2.0,78.59,628.7,8.0,2619.6,Med,,False
76,Oct,Bedroom,Heater,1038.0,3.4,2.0,211.75,,,7058.4,HIGH,Autumn,False
173,-,Bathroom,Fan,58.0,7.7,1.0,13.4,107.18,8.0,446.6,low,,False
461,Mar,Kitchen,fan,86.0,18.0,2.0,92.88,743.04,8.0,3096.0,medium,Spring,False
554,May,Living Room,Light,19.0,5.9,1.0,3.36,26.9,8.01,112.1,low,Spring,False
116,Feb,Drawing Room,LIGHT,21.0,4.3,2.0,5.42,43.34,8.0,180.6,low,Winter,False
39,Mar,Bedroom,Heater,1088.0,N/A,2.0,169.73,1357.82,8.0,,High,Spring,False
360,May,,MICROWAVE,623.0,0.2,2.0,7.48,59.81,8.0,249.2,low,Spring,True
710,Dec,bedroom,fan,59.0,12.0,2.0,42.48,339.84,8.0,1416.0,Medium,Winter,False
520,Mar,bedroom, TV  ,184.0,2.9,1.0,16.01,128.06,8.0,533.6,low,Spring,False
411,Oct,DRAWING ROOM,AC,1824.0,9.7,1.0,530.78,4246.27,8.0,17692.8,HIGH,Autumn,True
634,Apr,LIVING ROOM,Fan,54.0,15.3,2.0.0,,396.58,,,,Spring,False
561,Mar,Drawing Room,tv,102.0,2.3,1.0.0,7.04,56.3,8.0,,low,Spring,False
823,FEB, Dining Room  ,Light,36.0,8.9,1.0,9.61,76.9,8.0,320.4,Low,,False
574,April,Bedroom,light,27.0,5.9,3.0,14.34,114.7,8.0,477.9,Low,,False
857,MAY,kitchen,Fridge,273.0,20.1,3.0,493.86,3950.86,8.0,16461.9,HIGH,,True
889,May,BATHROOM,light,25.0,9.1,3.0,20.48,163.8,8.0,682.5,Med,Spring,False
358,January,Drawing Room, Computer  ,316.0,4.1,3.0,116.6,932.83,8.0,3886.8,HIGH,,False
930,Sep,BEDROOM, Fan  ,78.0,15.9,2.0,74.41,595.3,8.0,2480.4,Medium,Autumn,False
636,Jan,Bedroom, Computer  ,155.0,2.5,1.0,11.62,93.0,8.0,387.5,low,Winter,False
689,Feb,Bathroom, Washing Machine  ,515.0,0.8,1.0,12.36,98.88,8.0,412.0,Low,Winter,True
237,Oct,Dining Room,light,,6.0,2.0.0,3.96,31.68,8.0,,Low,Autumn,False
669,Feb,LIVING ROOM,LIGHT,32.0,9.4,2.0,18.05,144.38,8.0,601.6,low,Winter,False
168,May,Drawing_Room,AC,1235.0,2.2,3.0,244.53,1956.24,8.0,8151.0,High,Spring,True
32,JUN,DINING ROOM,Light,10.0,4.8,1.0,1.44,11.52,8.0,48.0,Low,,False
204,,drawing room,COMPUTER,109.0,3.7,1.0,12.1,,,403.3,Low,,False
212,MAY,Bedroom,LIGHT,14.0,7.7,2.0,6.47,51.74,8.0,215.6,Low,,False
469,Oct, Kitchen  ,Light,21.0,6.0,2.0,7.56,60.48,8.0,252.0,low,Autumn,False
529,JUN,bedroom, Fan  ,86.0,17.4,2.0,89.78,718.27,8.0,2992.8,Med,,False
22,NOV,Living Room,AC,1194.0,2.7,2.0.0,193.43,1547.42,8.0,,High,,True
534,December,kitchen,Washing Machine,472.0,1.2,,50.98,407.81,8.0,,Med,,True
504,Jan,living room,AC,901.0,7.8,2.0,421.67,3373.34,8.0,14055.6,HIGH,Winter,True
305,Aug,Dining Room, Light  ,17.0,6.8,1.0,3.47,27.74,7.99,115.6,Low,Summer,False
315,apr,Living Room,fan,79.0,13.4,2.0,63.52,508.13,8.0,2117.2,medium,,False
292,Oct,Kitchen, Microwave  ,656.0,0.5,1.0,9.84,78.72,8.0,328.0,Low,Autumn,True
422,Sep,Bathroom,Washing Machine,764.0,1.9,2.0,87.1,696.77,8.0,2903.2,Med,Autumn,True
978,Apr,Drawing Room,AC,1615.0,7.0,1.0,339.15,2713.2,8.0,11305.0,HIGH,Spring,True
143,Nov, Drawing Room  ,Fan,65.0,6.2,3.0,36.27,290.16,8.0,1209.0,Medium,Autumn,False
454,Mar,,microwave,768.0,0.5,3.0,34.56,276.48,8.0,1152.0,medium,Spring,True
332,Jan, Bathroom  ,Heater,1423.0,3.1,2.0,,2117.42,,8822.6,,Winter,False
838,Mar,Living Room,Computer,188.0,-4.7,1.0,26.51,212.06,8.0,-883.6,Med,Spring,False
 989 ,May,,LIGHT,39.0,6.1,,14.27,,,,low,Spring,False
526,May, Living Room  ,Light,31.0,,1.0,8.09,64.73,8.0,,low,Spring,False
612,Jan,,Microwave,727.0,0.2,2.0,8.72,69.79,8.0,290.8,Low,Winter,True
712,Mar,Dining_Room,LIGHT,25.0,7.7,3.0.0,17.32,138.6,8.0,,low,Spring,False
254,Feb,Drawing Room, Fan  ,69.0,8.1,2.0,33.53,268.27,8.0,1117.8,medium,Winter,False
593,nov,Kitchen,Fan,65.0,16.4,2.0,63.96,511.68,8.0,2132.0,Med,,False
643,feb,bathroom,Light,20.0,3.8,1.0,2.28,18.24,8.0,76.0,Low,,False
714,Jul,Kitchen,Light,20.0,9.4,,11.28,90.24,8.0,,Low,Summer,False
892,Feb,Dining Room,light,11.0,6.1,3.0,6.04,48.31,8.0,201.3,low,Winter,False
743,Dec,Bedroom,AC,1030.0,6.4,1.0,197.76,1582.08,8.0,6592.0,HIGH,Winter,True
744,apr,Living Room,Computer,400.0,6.6,2.0,158.4,1267.2,8.0,5280.0,High,,False
266,June,DRAWING ROOM,computer,188.0,2.2,2.0,24.82,,,827.2,medium,,False
81,October,Bedroom,Heater,952.0,2.9,3.0,248.47,1987.78,8.0,8282.4,High,,False
362,Oct,Kitchen,FAN,64.0,6.5,3.0,37.44,299.52,8.0,1248.0,medium,Autumn,False
830,Nov, Kitchen  ,FRIDGE,124.0,22.3,1.0.0,82.96,663.65,8.0,,Medium,Autumn,True
808,Dec,bathroom,Fan,79.0,15.1,3.0.0,107.36,858.89,8.0,,HIGH,Winter,False
121,Mar,LIVING ROOM,LIGHT,36.0,6.7,3.0,21.71,173.66,8.0,723.6,medium,Spring,False
453,February,Living Room,Fan,68.0,11.5,2.0.0,46.92,375.36,8.0,,Medium,,False
141,Jan,Bathroom,Washing_Machine,595.0,-1.4,3.0.0,74.97,599.76,8.0,,medium,Winter,True
843,,kitchen,Light,32.0,6.4,1.0,6.14,49.15,8.0,204.8,Low,,False
48,May,Bedroom,COMPUTER,107.0,3.2,2.0,20.54,164.35,8.0,684.8,medium,Spring,False
119,January,LIVING ROOM, Computer  ,216.0,4.9,2.0,63.5,508.03,8.0,2116.8,medium,,False
903,Jun,Bedroom,AC,1584.0,6.8,3.0,969.41,7755.26,8.0,32313.6,HIGH,Summer,True
939,Dec,drawing room,AC,1768.0,?,3.0,1002.46,8019.65,8.0,,high,Winter,True
904,Aug,Dining_Room,FAN,89.0,7.2,2.0,,307.58,,1281.6,,Summer,False
312,Jun, Dining Room  ,Light,23.0,9.5,1.0,6.55,52.44,8.01,218.5,Low,Summer,False
634,Jan,Living Room,ac,1162.0,3.0,1.0,104.58,836.64,8.0,3486.0,High,Winter,True
516,Oct,drawing room,TV,60.0,2.2,1.0,3.96,31.68,8.0,132.0,Low,Autumn,False
409,October,Kitchen,Light,35.0,5.5,1.0,5.78,,,192.5,low,,False
239,Nov,Bedroom,AC,1755.0,5.0,2.0,526.5,4212.0,8.0,17550.0,HIGH,Autumn,True
742,May,living room,computer,399.0,5.2,2.0,124.49,995.9,8.0,4149.6,HIGH,Spring,False
497,Jul,Drawing Room,ac,903.0,4.9,2.0,265.48,2123.86,8.0,8849.4,High,Summer,True
424,Jul,Bedroom,ac,1902.0,5.4,3.0,924.37,7394.98,8.0,30812.4,HIGH,Summer,True
623,June,drawing room, AC  ,1549.0,9.1,2.0,845.75,6766.03,8.0,28191.8,HIGH,,True
461,Dec,Bedroom,TV,192.0,2.5,3.0,43.2,345.6,8.0,1440.0,Medium,Winter,False
240,February,Kitchen,Light,39.0,5.3,1.0,6.2,49.61,8.0,206.7,low,,False
858,,Kitchen, Light  ,31.0,6.6,1.0,6.14,49.1,8.0,204.6,low,,False
400,Jan,Bedroom,TV,134.0,4.3,2.0,34.57,276.58,8.0,1152.4,Med,Winter,False
470,jan,Dining_Room,Fan,69.0,16.7,3.0,103.71,829.66,8.0,3456.9,HIGH,,False
570,Oct,Living_Room,Fan,89.0,9.4,2.0,50.2,401.57,8.0,1673.2,Med,Autumn,False
920,April, Kitchen  ,Light,15.0,9.6,3.0,12.96,103.68,8.0,432.0,low,,False
892,Nov,Living Room,Light,36.0,6.9,,,119.23,,,,Autumn,False
613,Oct,Dining Room, Light  ,16.0,3.1,3.0,4.46,35.71,8.01,148.8,Low,Autumn,False
699,Oct,drawing room,Computer,179.0,470.0,2.0,50.48,403.82,8.0,168260.0,Med,Autumn,False
780,Jan,Bedroom,Heater,1320.0,2.0,3.0,237.6,1900.8,8.0,7920.0,High,Winter,False
792,November,bathroom, Washing Machine  ,421.0,1.6,3.0,60.62,484.99,8.0,2020.8,Med,,True
431,June,kitchen,Microwave,664.0,0.3,2.0,11.95,95.62,8.0,398.4,low,,True
619,apr, Living Room  ,LIGHT,10.0,8.8,1.0,2.64,21120.0,8000.0,88.0,Low,,False
255,March,bedroom,AC,1010.0,2.3,3.0,209.07,1672.56,8.0,6969.0,HIGH,,True
405,,drawing room,Fan,74.0,6.0,2.0,26.64,213.12,8.0,888.0,medium,,False
391,na,LIVING ROOM,TV,129.0,5.8,3.0,,538.7,,2244.6,,,False
233,Jan,BEDROOM,Light,-34.0,3.6,3.0,11.02,88.13,8.0,-367.2,low,Winter,False
500,feb,Dining Room, Light  ,36.0,6.3,3.0,20.41,163.3,8.0,680.4,Med,,False
365,May,Kitchen,Light,39.0,7.1,1.0,8.31,66.46,8.0,276.9,Low,Spring,False
420,Aug,Living_Room,Computer,266.0,3.3,2.0,52.67,421.34,8.0,1755.6,medium,Summer,False
161,Nov,Bedroom,Computer,198.0,6.7,,39.8,318.38,8.0,,medium,Autumn,False
278,sep,drawing room,ac,1232.0,7.8,2.0,576.58,4612.61,8.0,19219.2,High,,True
630,Nov,BEDROOM,LIGHT,25.0,,1.0,5.55,44.4,8.0,,low,Autumn,False
519,Mar, Living Room  ,Computer,207.0,5.5,3.0,102.47,819.72,8.0,3415.5,high,Spring,False
799,Aug,Bedroom,FAN,60.0,11.0,2.0.0,39.6,316.8,8.0,,Medium,Summer,False
626,Mar, Living Room  ,computer,337.0,4.4,1.0,44.48,,,1482.8,medium,Spring,False
654,Sep,Bedroom,Computer,397.0,7.8,1.0,92.9,743.18,8.0,3096.6,Medium,Autumn,False
181,FEB,Dining Room,light,21.0,360.0,3.0,6.8,54.43,8.0,22680.0,Low,,False
198,jul,Living Room,Computer,113.0,9.1,1.0,30.85,246.79,8.0,1028.3,Medium,,False
453,Apr,Drawing Room,TV,162.0,5.0,1.0.0,24.3,194.4,8.0,,medium,Spring,False
207,Jul,Living Room,light,36.0,5.5,3.0,17.82,142.56,8.0,594.0,Low,Summer,False
841,May, Living Room  ,,36.0,?,3.0.0,,241.06,,,,Spring,
479,Dec,Dining_Room,Fan,68.0,,2.0,66.1,528.77,8.0,,Medium,Winter,False
954,September,Bedroom,Light,27.0,3.6,3.0,8.75,69.98,8.0,291.6,low,,False
835,Dec,Living Room,Computer,256.0,3.4,1.0,26.11,208.9,8.0,870.4,Medium,Winter,False
441,Apr,مش عارف, Fan  ,84.0,12.6,2.0,63.5,508.03,8.0,2116.8,Med,Spring,False
544,July,Living Room,Fan,83.0,13.4,3.0,100.1,800.78,8.0,3336.6,High,,False
 963 ,December,DRAWING ROOM,Fan,64.0,15.5,3.0,89.28,714.24,8.0,2976.0,medium,,False
628,,?,Fan,76.0,14.0,3.0,95.76,766.08,8.0,3192.0,medium,,False
318,Aug,Living Room,Light,15.0,6.5,1.0,2.92,23.4,8.01,97.5,low,Summer,False
745,Mar,Living Room,TV,171.0,2.1,2.0,21.55,172.37,8.0,718.2,Med,Spring,False
21,March,LIVING ROOM,Computer,349.0,4.0,1.0,41.88,335.04,8.0,1396.0,medium,,False
50,May, Kitchen  ,Fridge,190.0,23.7,2.0,270.18,,,9006.0,high,Spring,True
915,February,Kitchen,Fridge,147.0,20.3,3.0,268.57,2148.55,8.0,8952.3,High,,True
19,Mar,bedroom,fan,57.0,10.1,2.0,34.54,276.34,8.0,1151.4,Med,Spring,False
948,Jan,dining room, Fan  ,7200.0,14.2,3.0,92.02,736130.0,7999.67,306720.0,medium,Winter,False
624,Jan,LIVING ROOM,TV,71.0,2.3,2.0,9.8,78.38,8.0,326.6,low,Winter,False
612,Feb,,Computer,379.0,3.6,1.0.0,40.93,327.46,8.0,,Med,Winter,False
636,Sep, Drawing Room  ,FAN,52.0,17.0,1.0,26.52,212.16,8.0,884.0,medium,Autumn,False
 86 ,dec,Bedroom,TV,-189.0,2.1,3.0,35.72,285.77,8.0,-1190.7,medium,,False
682,Feb,bedroom, Heater  ,1407.0,1.8,1.0,75.98,607.82,8.0,2532.6,Medium,Winter,False
794,Mar,Bedroom,TV,176.0,5.5,2.0,58.08,464.64,8.0,1936.0,Med,Spring,False
793,oct,Dining Room,Light,30.0,8.4,2.0,15.12,120.96,8.0,504.0,Low,,False
326,OCT,مجهول,Fridge,275.0,19.9,2.0,328.35,2626.8,8.0,10945.0,HIGH,,True
377,November,Bedroom, Heater  ,1397.0,2.7,2.0,226.31,1810.51,8.0,7543.8,HIGH,,False
631,May,not sure,Light,16.0,7.7,2.0,7.39,59.14,8.0,246.4,low,Spring,False
112,apr,Kitchen,Washing Machine,558.0,1.9,3.0,95.42,763.34,8.0,3180.6,Medium,,True
578,Sep,Drawing Room,ac,126700.0,7.8,3.0,889.43,7115.47,8.0,2964780.0,HIGH,Autumn,True
220,Jun,Living Room,Light,34.0,8.5,2.0,error,138.72,,578.0,,Summer,False
818,jul,Bedroom, AC  ,1752.0,3.5,2.0,367.92,2943.36,8.0,12264.0,High,,True
254,Nov,Dining Room,,62.0,9.7,2.0,36.08,288.67,8.0,1202.8,Medium,Autumn,
252,Aug,,TV,183.0,3.0,1.0,16.47,131.76,8.0,549.0,low,Summer,False
659,December,Drawing Room,Fan,59.0,7.6,2.0,26.9,215.23,8.0,896.8,medium,,False
203,Oct,Drawing Room,light,19.0,9.4,1.0,5.36,42.86,8.0,178.6,Low,Autumn,False
721,Mar,Bathroom, Light  ,33.0,,1.0,4.16,33.26,8.0,,Low,Spring,False
883,May,DRAWING ROOM, TV  ,189.0,5.8,1.0,32.89,263.09,8.0,1096.2,medium,Spring,False
842,Aug,LIVING ROOM,Fan,63.0,8.3,2.0,31.37,250.99,8.0,1045.8,Med,Summer,False
377,Apr,bathroom, Heater  ,1492.0,1.1,2.0,98.47,787.78,8.0,3282.4,Medium,Spring,False
202,May,kitchen,Fan,50.0,6.0,3.0,27.0,216.0,8.0,900.0,Med,Spring,False
900,Sep,Living_Room,TV,190.0,,2.0,63.84,510.72,8.0,,medium,Autumn,False
833,May,living room, AC  ,985.0,5.6,1.0,165.48,1323.84,8.0,5516.0,high,Spring,True
 400 ,Jul,BEDROOM,heater,1330.0,3.6,3.0.0,430.92,3447360.0,8000.0,,HIGH,Summer,False
912,Jun,Living_Room,Fan,73.0,12.7,3.0,83.44,667.51,8.0,2781.3,medium,Summer,False
845,Dec,Living Room,TV,76.0,2.4,2.0,10.94,87.55,8.0,364.8,low,Winter,False
566,Feb, Living Room  ,TV,176.0,3.8,1.0,20.06,160.51,8.0,668.8,Medium,Winter,False
642,Mar,KITCHEN,fan,5000.0,15.5,1.0.0,23.25,186.0,8.0,,medium,Spring,False
690,Jun,,مجهول,16.0,8.1,2.0,7.78,62.21,8.0,259.2,low,Summer,False
133,Sep, Kitchen  ,LIGHT,21.0,8.0,1.0,5.04,40.32,8.0,168.0,Low,Autumn,False
886,August,drawing room, Computer  ,223.0,-6.1,1.0,40.81,326.47,8.0,-1360.3,medium,,False
951,Jul, Bedroom  ,Heater,811.0,3.2,2.0,155.71,1245.7,8.0,5190.4,High,Summer,False
466,November,Bedroom,Fan,60.0,14.9,2.0,53.64,429.12,8.0,1788.0,medium,,False
556,Jul,kitchen,washing machine,778.0,1.6,3.0,112.03,896.26,8.0,3734.4,High,Summer,True
531,May,Drawing Room, Fan  ,-,6.5,2.0,21.45,171.6,8.0,,Med,Spring,False
862,Mar,living room,FAN,79.0,12.9,1.0,30.57,244.58,8.0,1019.1,Medium,Spring,False
980,January,dining room,LIGHT,16.0,8.5,3.0,12.24,97.92,8.0,408.0,Low,,False
817,Sep,Bedroom,AC,1915.0,,2.0.0,551.52,4412.16,8.0,,high,Autumn,True
384,September,Living Room,tv,155.0,3.5,2.0,32.55,260.4,8.0,1085.0,Medium,,False
225,Oct,Drawing Room,Fan,73.0,8.5,,37.23,297.84,8.0,,Med,Autumn,False
63,FEB,,AC,1842.0,8.2,2.0,?,7250.11,,30208.8,,,True
231,December,drawing room,,23.0,3.1,2.0,4.28,34.22,8.0,142.6,Low,,
137,Mar,Living Room,AC,1378.0,8.8,2.0,727.58,5820.67,8.0,24252.8,HIGH,Spring,True
669,Feb,BEDROOM,COMPUTER,253.0,7.7,2.0,116.89,935.09,8.0,3896.2,high,Winter,False
810,APR,Bedroom, Light  ,25.0,5.4,2.0,8.1,64.8,8.0,270.0,low,,False
86,Jul,Living Room,Fan,82.0,8.4,1.0,0.02066,165.31,8001.45,688.8,Low,Summer,False
745,Nov,Kitchen,WASHING MACHINE,800.0,1.3,,31.2,249.6,8.0,,Med,Autumn,True
937,May,Drawing Room,TV,137.0,2.6,2.0,21.37,170.98,8.0,712.4,Medium,Spring,False
335,Jan,?,fridge,285.0,18.1,3.0,464.26,3714.12,8.0,15475.5,HIGH,Winter,True
586,Aug,Kitchen,Washing Machine,error,1.0,1.0.0,19.44,155.52,8.0,,low,Summer,True
203,jan,bathroom,washing machine,450.0,1.0,3.0,40.5,324.0,8.0,1350.0,medium,,True
984,Feb,Living Room,AC,-1309.0,2.9,1.0,113.88,911.06,8.0,-3796.1,High,Winter,True
904,,na,FAN,89.0,10.6,3.0,84.91,679.25,8.0,2830.2,medium,,False
186,Aug, Dining Room  ,fan,57.0,17.8,2.0,60.88,487.01,8.0,2029.2,Med,Summer,False
843,Apr,Drawing Room, Computer  ,359.0,5.8,2.0,124.93,999.46,8.0,4164.4,HIGH,Spring,False
628,Oct, Dining Room  ,Fan,60.0,,1.0,11.7,93.6,8.0,,low,Autumn,False
568,May,,microwave,1081.0,0.2,3.0.0,19.46,155.66,8.0,,Low,Spring,True
807,February,Bedroom,TV,86.0,5.8,2.0,29.93,239.42,8.0,997.6,Med,,False
712,May,Dining Room,Light,25.0,3.0,2.0,,36.0,,150.0,,Spring,False
524,Apr,Bathroom,Fan,65.0,15.7,2.0.0,61.23,489.84,8.0,,Medium,Spring,False
293,June,Dining Room,LIGHT,11.0,6.5,1.0,2.15,17.16,7.98,71.5,Low,,False
936,dec,drawing room, Light  ,10.0,9.1,1.0.0,2.73,21.84,8.0,,Low,,False
584,May,Living Room,fan,83.0,12.1,2.0,60.26,482.06,8.0,2008.6,medium,Spring,False
635,Jun,Bedroom,light,28.0,8.2,2.0,13.78,110.21,8.0,459.2,low,Summer,False
368,Feb,DINING ROOM,Light,10.0,3.9,2.0,2.34,18.72,8.0,78.0,low,Winter,False
 983 ,Jul,Drawing Room, TV  ,152.0,3.4,1.0,15.5,124.03,8.0,516.8,Low,Summer,False
311,APR,Drawing Room,TV,154.0,4.9,3.0,67.91,543.31,8.0,2263.8,medium,,False
781,December,Living Room,FAN,88.0,17.7,,140.18,1121.47,8.0,,high,,False
676,feb,LIVING ROOM,ac,1376.0,3.0,1.0,123.84,990.72,8.0,4128.0,High,,True
601,September,Dining Room, Light  ,11.0,?,1.0,1.62,12.94,7.99,,low,,False
 857 ,Feb,Kitchen,Microwave,755.0,0.3,1.0.0,6.79,54.36,8.01,,Low,Winter,True
996,September, Drawing Room  ,Computer,379.0,3.8,3.0,129.62,1036.94,8.0,4320.6,High,,False
642,Sep,Bathroom,,39.0,8.9,3.0,31.24,249910.0,7999.68,1041.3,Med,Autumn,
375,AUG,DRAWING ROOM, AC  ,1446.0,3.0,1.0,unknown,1041.12,,4338.0,,,True
366,JUL,kitchen,Fridge,135.0,18.4,1.0,74.52,596.16,8.0,2484.0,medium,,True
417,Feb,Dining_Room,LIGHT,24.0,5.3,1.0,3.82,30.53,7.99,127.2,low,Winter,False
332,Jul,DRAWING ROOM,Computer,218.0,7.6,2.0,99.41,795.26,8.0,3313.6,Medium,Summer,False
253,Jul, Bedroom  ,Computer,308.0,2.3,2.0,42.5,340.03,8.0,1416.8,Medium,Summer,False
537,Aug, Living Room  ,Computer,138.0,4.2,2.0,34.78,278.21,8.0,1159.2,medium,Summer,False
626,Jan,Kitchen,Fan,73.0,16.5,1.0,36.13,289.08,8.0,1204.5,Medium,Winter,False
393,Mar,Kitchen,light,34.0,6.3,2.0,12.85,,,428.4,low,Spring,False
836,Aug,Bathroom,,457.0,1.9,3.0,78.15,625.18,8.0,2604.9,Med,Summer,
232,jun,Living Room,TV,,3.7,3.0,40.96,327.67,8.0,,medium,,False
557,May, Kitchen  ,Light,34.0,4.6,1.0,4.69,37.54,8.0,156.4,low,Spring,False
252,Sep,Kitchen,Fridge,200.0,23.5,2.0,282.0,2256.0,8.0,9400.0,HIGH,Autumn,True
208,Apr,kitchen,Light,10.0,9.2,150.0,8.28,66.24,8.0,13800.0,Low,Spring,False
329,MAR,LIVING ROOM,ac,1909.0,7.6,3.0.0,1305.76,10446.05,8.0,,HIGH,,True
488,Mar,bathroom,Light,30.0,6.8,1.0,6.12,48.96,8.0,204.0,Low,Spring,False
162,Nov,Living_Room,Fan,52.0,13.0,1.0,20.28,162.24,8.0,676.0,medium,Autumn,False
297,December,drawing room,LIGHT,23.0,7.9,1.0,5.45,43.61,8.0,181.7,Low,,False
449,January,Bedroom,Heater,1183.0,1.2,1.0,42.59,,,1419.6,medium,,False
62,Jul,Dining Room, Light  ,-38.0,3.3,1.0,3.76,30.1,8.01,-125.4,Low,Summer,False
967,Nov,bedroom,Light,N/A,5.7,1.0,6.5,51.98,8.0,,low,Autumn,False
821,Mar,DINING ROOM,FAN,87.0,9.5,1.0,24.8,198.36,8.0,826.5,Medium,Spring,False
611,July,Bedroom, TV  ,147.0,2.2,2.0,19.4,155.23,8.0,646.8,low,,False
120,Jun, Bedroom  ,FAN,9000.0,12.9,3.0,104.49,835.92,8.0,348300.0,HIGH,Summer,False
822,Jan, Dining Room  ,Fan,72.0,15.3,3.0,99.14,793.15,8.0,3304.8,medium,Winter,False
13,apr,,light,19.0,6.8,1.0,3.88,31.01,7.99,129.2,low,,False
72,Apr,Dining_Room,light,32.0,5.3,1.0,5.09,40.7,8.0,169.6,low,Spring,False
149,January,N/A,Heater,1185.0,3.7,3.0,394.61,3156.84,8.0,13153.5,high,,False
812,Nov,DRAWING ROOM,TV,100.0,2.8,3.0,25.2,201.6,8.0,840.0,Med,Autumn,False
294,Apr,Kitchen,Microwave,640.0,0.1,1.0,1.92,15.36,8.0,64.0,Low,Spring,True
982,January,Kitchen, Microwave  ,811.0,0.2,3.0,14.6,116.78,8.0,486.6,low,,True
553,Apr,LIVING ROOM,fan,65.0,17.5,2.0,68.25,546.0,8.0,2275.0,Med,Spring,False
543,June,kitchen,Washing Machine,435.0,1.1,3.0,43.07,344.52,8.0,1435.5,Med,,True
695,Dec, Kitchen  ,Fan,79.0,17.9,3.0.0,127.27,1018.15,8.0,,high,Winter,False
678,JAN, Dining Room  , Fan  ,72.0,12.3,1.0,26.57,212.54,8.0,885.6,Med,,False
199,Aug,Drawing Room,,25.0,8.3,2.0,12.45,99.6,8.0,415.0,low,Summer,
27,Feb, Living Room  ,Computer,152.0,9.3,2.0,84.82,678.53,8.0,2827.2,Med,Winter,False
496,February, Drawing Room  ,Light,36.0,6.7,1.0.0,7.24,57.89,8.0,,Low,,False
958,Mar,Drawing Room, TV  ,11000.0,2.8,3.0,27.72,221.76,8.0,92400.0,Med,Spring,False
931,Jul,Drawing Room,tv,155.0,4.2,1.0,19.53,156.24,8.0,651.0,low,Summer,False
984,Sep,living room,LIGHT,32.0,3.3,1.0,3.17,25.34,7.99,105.6,low,Autumn,False
564,Jul,DINING ROOM,fan,73.0,13.7,3.0.0,90.01,720.07,8.0,,medium,Summer,False
121,MAR,Bathroom, Fan  ,81.0,14.1,1.0,34.26,,,1142.1,Med,,False
776,MAR,Kitchen, Light  ,25.0,6.1,3.0,13.72,109.8,8.0,457.5,low,,False
28,jan,Kitchen,Fan,71.0,11.4,1.0,24.28,194.26,8.0,809.4,Med,,False
272,MAR,Kitchen,Fan,50.0,8.4,1.0,12.6,100.8,8.0,420.0,Low,,False
311,Feb,BEDROOM,LIGHT,16.0,5.3,1.0,2.54,20.35,8.01,84.8,Low,Winter,False
197,Apr, Drawing Room  ,tv,75.0,4.3,2.0,19.35,154.8,8.0,645.0,Low,Spring,False
785,Aug,Bathroom,LIGHT,10.0,N/A,2.0.0,2.28,18.24,8.0,,low,Summer,False
22,Jun,Drawing Room, Fan  ,74.0,16.1,2.0,71.48,571.87,8.0,2382.8,medium,Summer,False
306,SEP,Dining Room,Light,21.0,6.2,3.0,11.72,93.74,8.0,390.6,low,,False
487,jan,Kitchen,مجهول,73.0,17.0,3.0,111.69,893.52,8.0,3723.0,HIGH,,False
946,Jan,LIVING ROOM,computer,248.0,9.1,1.0,67.7,541.63,8.0,2256.8,Med,Winter,False
863,Feb,DRAWING ROOM,Computer,130.0,6.1,3.0,71.37,,,2379.0,Med,Winter,False
885,July,Living Room,AC,1610.0,3.5,2.0,338.1,2704.8,8.0,11270.0,High,,True
725,Feb,Living Room,LIGHT,17.0,,3.0,11.17,89.35,8.0,,low,Winter,False
548,Jul,Bathroom,WASHING MACHINE,662.0,0.8,3.0,47.66,381.31,8.0,1588.8,medium,Summer,True
455,July,bathroom,Fan,86.0,9.1,1.0.0,23.48,187.82,8.0,,Med,,False
862,Nov,drawing room,tv,172.0,4.0,2.0,41.28,330.24,8.0,1376.0,medium,Autumn,False
547,Nov,Bedroom,FAN,53.0,6.2,1.0,9.86,78.86,8.0,328.6,Low,Autumn,False
787,Oct,Bedroom,AC,1733.0,9.9,1.0,514.7,4117.61,8.0,17156.7,high,Autumn,True
881,Feb,Bathroom,Fan,71.0,7.8,3.0,49.84,398.74,8.0,1661.4,Med,Winter,False
363,Jul,Living Room,Fan,89.0,12.8,1.0,34.18,273.41,8.0,1139.2,Medium,Summer,False
265,Jun,Dining_Room,light,25.0,4.7,3.0,10.57,84.6,8.0,352.5,low,Summer,False
993,Apr,Bedroom, Computer  ,262.0,7.4,1.0,58.16,465.31,8.0,1938.8,medium,Spring,False
481,June,Kitchen,microwave,703.0,0.3,2.0,12.65,101.23,8.0,421.8,low,,True
950,Nov,kitchen,Washing Machine,671.0,0.8,2.0,32.21,257.66,8.0,1073.6,Medium,Autumn,True
325,Jan,BEDROOM,TV,131.0,3.7,3.0,43.62,348.98,8.0,1454.1,medium,Winter,False
315,mar,Bathroom,Washing Machine,511.0,1.3,3.0,59.79,478.3,8.0,1992.9,Med,,True
976,April,Dining Room,FAN,89.0,7.5,3.0,60.08,480.6,8.0,2002.5,medium,,False
345,aug, Bedroom  ,Fan,56.0,10.2,2.0,34.27,274.18,8.0,1142.4,Medium,,False
564,Aug,Bedroom,COMPUTER,208.0,4.7,1.0,29.33,234.62,8.0,977.6,medium,Summer,False
165,Nov,DRAWING ROOM,AC,1349.0,7.1,2.0.0,574.67,4597.39,8.0,,HIGH,Autumn,True
869,October,Living Room,ac,1138.0,,3.0,563.31,4506.48,8.0,,high,,True
575,n/a,Drawing_Room,TV,72.0,4.2,2.0,18.14,145.15,8.0,604.8,low,,False
667,Apr,Dining Room,,62.0,17.9,1.0,33.29,266.35,8.0,1109.8,Med,Spring,
677,Jun,Kitchen, Fan  ,65.0,15.6,2.0,60.84,486.72,8.0,2028.0,Med,Summer,False
88,Feb,Living Room,COMPUTER,123.0,9.6,3.0,106.27,850.18,8.0,3542.4,High,Winter,False
984,Jun,Living Room,TV,112.0,2.3,3.0,23.18,185.47,8.0,772.8,medium,Summer,False
391,Feb,Bathroom, Washing Machine  ,-745.0,1.6,1.0,35.76,286.08,8.0,-1192.0,Med,Winter,True
931,Sep,Living Room,ac,1796.0,5.3,3.0,856.69,6853.54,8.0,28556.4,High,Autumn,True
722,Jul, Kitchen  ,Light,27.0,6.6,3.0,16.04,128.3,8.0,534.6,Low,Summer,False
611,Sep,BEDROOM,AC,162800.0,5.0,,244.2,1953.6,8.0,,HIGH,Autumn,True
288,jul,Bedroom,Computer,387.0,6.2,2.0,143.96,1151.71,8.0,4798.8,HIGH,,False
381,November,Dining Room,Light,22.0,5.1,,0.006730000000000001,53.86,8002.97,,low,,False
898,Jul, Living Room  ,AC,1301.0,6.2,2.0,483.97,3871780.0,8000.04,16132.4,High,Summer,True
382,Sep,Kitchen, Washing Machine  ,618.0,1.4,3.0,77.87,622.94,8.0,2595.6,medium,Autumn,True
 95 ,jul, Drawing Room  ,Computer,322.0,,1.0,49.27,394.13,8.0,,Medium,,False
195,aug,Living Room,TV,139.0,N/A,2.0,48.37,386.98,8.0,,medium,,False
119,oct,Kitchen,Light,38.0,4.9,3.0,16.76,134.06,8.0,558.6,low,,False
690,Oct,LIVING ROOM,AC,1991.0,3.1,2.0,370.33,2962.61,8.0,12344.2,HIGH,Autumn,True
256,Jan,kitchen,FRIDGE,288.0,20.8,3.0,539.14,4313.09,8.0,17971.2,high,Winter,True
538,Jun,Bedroom,AC,1070.0,3.8,3.0,365.94,2927.52,8.0,12198.0,high,Summer,True
632,Nov,Dining_Room,FAN,88.0,12.9,2.0,68.11,544.9,8.0,2270.4,medium,Autumn,False
173,Aug,DINING ROOM,,39.0,7.2,3.0,25.27,202.18,8.0,842.4,Med,Summer,
74,Mar,Living Room,TV,147.0,430.0,2.0,37.93,303.41,8.0,126420.0,medium,Spring,False
348,May,LIVING ROOM,tv,-119.0,3.1,3.0,,265.61,,-1106.7,,Spring,False
941,November, Drawing Room  ,AC,136500.0,7.1,3.0,872.24,6977.88,8.0,2907450.0,High,,True
747,may,Unknown,washing machine,623.0,1.5,2.0,56.07,448.56,8.0,1869.0,Med,,True
677,Jun,Living_Room,AC,1292.0,3.1,2.0,240.31,1922.5,8.0,8010.4,High,Summer,True
927,Nov,BATHROOM,light,,4.4,2.0,7.92,63.36,8.0,,low,Autumn,False
706,Aug,Bathroom,Heater,846.0,3.5,1.0,88.83,710.64,8.0,2961.0,Medium,Summer,False
504,Mar,Living Room, TV  ,82.0,5.8,2.0,28.54,228.29,8.0,951.2,Med,Spring,False
314,Mar,living room,AC,1102.0,7.9,1.0.0,261.17,2089.39,8.0,,high,Spring,True
977,Jul,Dining Room,Light,11.0,5.5,1.0,1.81,14.52,8.02,60.5,Low,Summer,False
251,Apr,Drawing Room,AC,1774.0,6.8,1.0,361.9,2895.17,8.0,12063.2,High,Spring,True
656,Dec,Kitchen,light,30.0,8.3,2.0,14.94,119.52,8.0,498.0,low,Winter,False
365,Sep,Kitchen,WASHING MACHINE,539.0,1.8,2.0,0.05821,465.7,8000.34,1940.4,Low,Autumn,True
375,Aug,Dining Room,Fan,56.0,14.6,2.0,49.06,392.45,8.0,1635.2,Medium,Summer,False
297,Oct,Bedroom,FAN,64.0,15.8,1.0,30.34,242.69,8.0,1011.2,Med,Autumn,False
34,Mar,drawing room, AC  ,1258.0,3.9,1.0,147.19,1177.49,8.0,4906.2,HIGH,Spring,True
980,Jun,Bedroom,AC,1692.0,6.5,2.0,659.88,5279.04,8.0,21996.0,HIGH,Summer,True
937,Sep,Kitchen,Fridge,185.0,23.1,2.0,N/A,2051.28,,8547.0,,Autumn,True
76,January,BEDROOM,Computer,214.0,3.1,3.0,59.71,477.65,8.0,1990.2,Medium,,False
518,Apr, Drawing Room  ,COMPUTER,342.0,2.8,2.0,57.46,459.65,8.0,1915.2,Med,Spring,False
368,Sep,Drawing Room,Computer,266.0,9.2,2.0,146.83,1174.66,8.0,4894.4,high,Autumn,False
673,Aug,kitchen,LIGHT,10.0,5.1,1.0,1.53,12.24,8.0,51.0,Low,Summer,False
752,October, Kitchen  ,Fan,51.0,6.1,3.0,28.0,223.99,8.0,933.3,medium,,False
224,Mar,LIVING ROOM, Computer  ,115.0,2.8,2.0,19.32,154.56,8.0,644.0,Low,Spring,False
261,August,Kitchen,washing machine,798.0,1.0,2.0,47.88,383.04,8.0,1596.0,Medium,,True
255,September, Bedroom  ,TV,82.0,5.3,1.0,13.04,104.3,8.0,434.6,low,,False
495,jun, Drawing Room  ,Light,30.0,8.8,2.0,15.84,126.72,8.0,528.0,Low,,False
771,Oct,living room,TV,-152.0,4.7,3.0,64.3,514.37,8.0,-2143.2,medium,Autumn,False
481,Jul,Kitchen,Fan,54.0,8.8,3.0,42.77,342.14,8.0,1425.6,Medium,Summer,False
774,DEC,Dining Room,Fan,72.0,10.1,3.0,65.45,523.58,8.0,2181.6,medium,,False
987,may,Bedroom, AC  ,1387.0,9.0,1.0,374.49,2995.92,8.0,12483.0,high,,True
236,Nov,Kitchen,Microwave,751.0,0.3,3.0.0,20.28,162.22,8.0,,medium,Autumn,True
625,,,washing machine,679.0,1.3,2.0,52.96,423.7,8.0,1765.4,Medium,,True
556,December,living room,TV,152.0,2.3,2.0.0,20.98,167.81,8.0,,medium,,False
266,Dec, Living Room  ,AC,1445.0,3.6,3.0,468.18,3745.44,8.0,15606.0,HIGH,Winter,True
487,May,bedroom,Computer,391.0,3.1,1.0,36.36,290.9,8.0,1212.1,medium,Spring,False
925,December, Living Room  , AC  ,1107.0,5.0,2.0,332.1,2656.8,8.0,11070.0,high,,True
486,May,Kitchen,Fridge,292.0,18.7,1.0,163.81,1310.5,8.0,5460.4,high,Spring,True
91,N/A,Bathroom,FAN,74.0,8.3,2.0,36.85,294.82,8.0,1228.4,Medium,,False
215,July,Drawing Room,TV,196.0,2.2,1.0,12.94,103.49,8.0,431.2,low,,False
48,December,Dining Room,Fan,84.0,10.8,2.0,54.43,435.46,8.0,1814.4,medium,,False
690,Apr,Bedroom,Heater,-1221.0,3.3,2.0,241.76,1934.06,8.0,-8058.6,HIGH,Spring,False
43,October,Drawing Room,ac,,8.5,3.0,1451.97,11615.76,8.0,,HIGH,,True
773,Nov, Kitchen  ,fridge,155.0,23.2,3.0.0,323.64,2589.12,8.0,,high,Autumn,True
727,aug,Kitchen, Fridge  ,26800.0,22.6,2.0,363.41,2907.26,8.0,1211360.0,HIGH,,True
991,May,DINING ROOM, Fan  ,58.0,15.2,2.0.0,52.9,423.17,8.0,,medium,Spring,False
328,Jul,Bedroom,Light,16.0,9.1,1.0,0.00437,34.94,7995.42,145.6,Low,Summer,False
451,Apr,Bedroom,TV,186.0,300.0,3.0.0,50.22,401.76,8.0,,Med,Spring,False
537,Oct,living room,Light,21.0,4.8,1.0,3.02,24.19,8.01,100.8,Low,Autumn,False
946,December,Bathroom,,22.0,4.3,100.0,5.68,45.41,7.99,9460.0,Low,,
712,Nov,bedroom,AC,976.0,8.3,1.0,0.24302,1944.19,8000.12,8100.8,Low,Autumn,True
615,August, Kitchen  ,Light,37.0,6.2,1.0,6.88,55.06,8.0,229.4,low,,False
615,mar,Drawing_Room,TV,177.0,3.8,2.0.0,40.36,322.85,8.0,,Med,,False
458,Sep,BATHROOM,fan,79.0,17.3,3.0,123.0,984.02,8.0,4100.1,High,Autumn,False
302,November,, Light  ,20.0,6.7,2.0,8.04,64.32,8.0,268.0,Low,,False
775,Apr,Drawing_Room,AC,1711.0,,3.0,323.38,2587.03,8.0,,high,Spring,True
854,Jun, Drawing Room  ,N/A,19.0,10.0,2.0,11.4,91.2,8.0,380.0,low,Summer,False
365,Apr, Living Room  ,,1508.0,9.1,3.0,1235.05,9880.42,8.0,41168.4,High,Spring,
827,feb,Bedroom,AC,1645.0,2.8,3.0,414.54,3316.32,8.0,13818.0,HIGH,,True
141,Feb, Dining Room  , Fan  ,60.0,12.9,3.0,69.66,557.28,8.0,2322.0,Medium,Winter,False
750,feb,Bedroom,Light,39.0,8.8,2.0,20.59,164.74,8.0,686.4,medium,,False
579,Feb,Drawing Room, Light  ,27.0,5.7,3.0.0,13.85,110.81,8.0,,low,Winter,False
659,Feb,Drawing Room,AC,1718.0,4.5,3.0,695.79,5566.32,8.0,23193.0,high,Winter,True
460,Apr, Living Room  ,Unknown,10.0,9.8,1.0.0,2.94,23.52,8.0,,low,Spring,False
474,Jan,Kitchen,Washing Machine,687.0,1.2,2.0,49.46,395.71,8.0,1648.8,Medium,Winter,True
715,Apr,BEDROOM,Fan,55.0,10.8,1.0,17.82,142.56,8.0,594.0,low,Spring,False
166,Mar,Kitchen,Fan,80.0,9.1,3.0,65.52,524.16,8.0,2184.0,Med,Spring,False
210,Jul, Bedroom  ,tv,168.0,240.0,1.0,12.1,96.77,8.0,40320.0,low,Summer,False
823,Sep,Bedroom,Fan,81.0,11.7,2.0.0,56.86,454.9,8.0,,Medium,Autumn,False
790,mar,Living Room,Fan,79.0,17.7,3.0,125.85,,,4194.9,high,,False
 472 ,Feb,Bedroom,Heater,801.0,3.9,2.0,187.43,1499.47,8.0,6247.8,HIGH,Winter,False
808,Jan,,AC,1713.0,8.6,1.0.0,441.95,3535.63,8.0,,High,Winter,True
210,Oct,Bathroom,Heater,1268.0,3.9,2.0,296.71,2373.7,8.0,9890.4,HIGH,Autumn,False
721,Mar,Kitchen,FAN,83.0,7.2,1.0,17.93,143.42,8.0,597.6,Low,Spring,False
246,Oct, Bedroom  , AC  ,1967.0,8.5,3.0,1504.76,12038.04,8.0,50158.5,high,Autumn,True
760,JUL, Bathroom  ,Light,11.0,9.6,1.0,3.17,25.34,7.99,105.6,low,,False
917,April, Bathroom  ,Light,36.0,4.2,2.0,9.07,72.58,8.0,302.4,low,,False
210,April,Bedroom,light,18.0,6.4,3.0,10.37,82.94,8.0,345.6,low,,False
525,Nov,Kitchen,Fridge,153.0,19.1,2.0,175.34,1402.7,8.0,5844.6,high,Autumn,True
90,Jun,BATHROOM,light,22.0,3.4,2.0,4.49,35.9,8.0,149.6,low,Summer,False
902,Nov,Bedroom,AC,1380.0,6.4,3.0.0,794.88,6359.04,8.0,,HIGH,Autumn,True
717,,Bathroom,light,10.0,5.4,2.0,3.24,25.92,8.0,108.0,Low,,False
275,Sep,BEDROOM,Fan,59.0,8.2,1.0,14.51,,,483.8,low,Autumn,False
363,Mar,Living Room, Light  ,30.0,4.0,1.0,3.6,28.8,8.0,120.0,Low,Spring,False
400,Jul,Dining Room,LIGHT,25.0,5.1,1.0,3.82,30.6,8.01,127.5,low,Summer,False
755,, Living Room  ,TV,157.0,2.7,1.0,12.72,101.74,8.0,423.9,Low,,False
931,Nov,DRAWING ROOM,AC,1558.0,9.3,3.0,1304.05,10432.37,8.0,43468.2,HIGH,Autumn,True
242,Dec,Bedroom, Heater  ,1367.0,1.8,1.0,73.82,590.54,8.0,2460.6,medium,Winter,False
733,Apr,Kitchen, Microwave  ,782.0,0.2,2.0,9.38,75.07,8.0,312.8,low,Spring,True
444,March,Dining Room,light,28.0,8.0,3.0,20.16,161.28,8.0,672.0,medium,,False
525,July,dining room,Fan,55.0,17.0,3.0,84.15,673.2,8.0,2805.0,Medium,,False
677,Mar,Living_Room,TV,145.0,4.5,1.0,19.57,156.6,8.0,652.5,low,Spring,False
224,Aug,dining room,Light,24.0,8.9,1.0,6.41,51.26,8.0,213.6,low,Summer,False
861,Apr,not sure,TV,80.0,3.6,2.0,17.28,138.24,8.0,576.0,low,Spring,False
22,Jan,Dining_Room,Light,,6.7,3.0,10.25,82.01,8.0,,low,Winter,False
507,July,Kitchen,Light,17.0,8.9,3.0,13.62,108.94,8.0,453.9,low,,False
814,dec,Bathroom,Fan,78.0,6.1,3.0,42.82,342.58,8.0,1427.4,medium,,False
541,apr,dining room,FAN,84.0,17.9,1.0,45.11,360.86,8.0,1503.6,Medium,,False
632,Jul,BEDROOM,AC,1545.0,7.6,,704.52,5636.16,8.0,,high,Summer,True
241,November,Drawing Room,AC,N/A,9.0,3.0,795.42,6363.36,8.0,,High,,True
591,NOV,Kitchen,Fan,71.0,9.9,100.0,42.17,337.39,8.0,70290.0,medium,,False
966,Oct,BEDROOM,Heater,862.0,2.2,2.0,113.78,910.27,8.0,3792.8,High,Autumn,False
79,Sep,Living Room,AC,1747.0,930.0000000000001,1.0,487.41,3899.3,8.0,1624710.0,High,Autumn,True
396,Aug,Living Room,Fan,90.0,14.1,3.0,unknown,913.68,,3807.0,,Summer,False
35,May,Living Room,Fan,83.0,9.9,3.0,73.95,591.62,8.0,2465.1,Medium,Spring,False
672,October,Kitchen,Fridge,162.0,23.8,100.0,231.34,1850.69,8.0,385560.0,High,,True
297,Sep,Living Room,Light,-38.0,9.1,2.0,20.75,165.98,8.0,-691.6,Med,Autumn,False
748,Sep,Drawing Room, AC  ,1397.0,9.9,3.0,1244.73,9957.82,8.0,41490.9,High,Autumn,True
960,Aug,bathroom,Heater,-1325.0,1.0,1.0,39.75,318.0,8.0,-1325.0,Medium,Summer,False
934,Aug, Living Room  ,light,28.0,6.7,1.0,5.63,45.02,8.0,187.6,low,Summer,False
131,Apr,dining room,Fan,73.0,7.5,2.0,32.85,262.8,8.0,1095.0,medium,Spring,False
676,,Living Room,LIGHT,23.0,4.2,1.0,2.9,23.18,7.99,96.6,Low,,False
632,Nov, Living Room  ,Computer,,6.5,2.0,66.3,530.4,8.0,,Med,Autumn,False
774,September, Kitchen  ,unknown,121.0,-21.6,1.0,78.41,627.26,8.0,-2613.6,Medium,,False
248,August,bathroom,heater,1214.0,1.1,1.0,40.06,320.5,8.0,1335.4,Med,,False
730,,Drawing Room,,185.0,4.6,1.0,25.53,204.24,8.0,851.0,medium,,
414,March,Bedroom,Light,20.0,3.8,1.0,2.28,18.24,8.0,76.0,low,,False
958,December,Living Room,Fan,80.0,9.2,2.0,44.16,353.28,8.0,1472.0,Med,,False
987,Aug,bedroom, AC  ,1248.0,5.3,3.0,595.3,4762.37,8.0,19843.2,high,Summer,True
240,Jul,KITCHEN,Washing Machine,728.0,1.9,2.0,82.99,663.94,8.0,2766.4,medium,Summer,True
794,May,Bathroom,Fan,63.0,9.0,1.0,17.01,136.08,8.0,567.0,low,Spring,False
100,Oct,dining room,FAN,61.0,9.1,1.0,16.65,133.22,8.0,555.1,low,Autumn,False
675,Jan,BATHROOM,light,40.0,8.4,2.0,20.16,161.28,8.0,672.0,Med,Winter,False
969,Nov,Living Room,tv,179.0,3.9,1.0.0,20.94,167.54,8.0,,Med,Autumn,False
138,Nov,Drawing Room,tv,67.0,3.0,2.0,12.06,96.48,8.0,402.0,low,Autumn,False
75,Nov,Living_Room, Computer  ,280.0,10.0,3.0,252.0,2016.0,8.0,8400.0,high,Autumn,False
662,February,Living Room, Computer  ,336.0,8.1,1.0,81.65,653.18,8.0,2721.6,Med,,False
 621 ,Nov,Kitchen,washing machine,777.0,1.9,2.0,88.58,708.62,8.0,2952.6,Medium,Autumn,True
181,March,Dining_Room,fan,89.0,17.1,2.0,91.31,730.51,8.0,3043.8,Med,,False
710,May,Kitchen,Light,20.0,9.5,1.0,5.7,45.6,8.0,190.0,Low,Spring,False
921,Nov, Drawing Room  ,computer,370.0,5.1,2.0,113.22,905.76,8.0,3774.0,high,Autumn,False
392,Aug,Living Room,Computer,262.0,6.4,3.0,150.91,1207.3,8.0,5030.4,High,Summer,False
522,Apr,bedroom,light,31.0,9.1,2.0.0,16.93,135.41,8.0,,Low,Spring,False
25,May,Dining Room,Light,34.0,6.7,2.0,13.67,109.34,8.0,455.6,low,Spring,False
368,Mar,LIVING ROOM,Light,35.0,9.2,1.0,9.66,77.28,8.0,322.0,low,Spring,False
82,Feb,bathroom,light,28.0,8.5,1.0,7.14,57.12,8.0,238.0,low,Winter,False
616,MAY,مجهول,Light,37.0,8.5,2.0,18.87,150.96,8.0,629.0,Low,,False
42,June,Bathroom, Fan  ,83.0,17.2,1.0,42.83,342.62,8.0,1427.6,Medium,,False
372,September,Bedroom,Light,21.0,4.4,1.0,2.77,22.18,8.01,92.4,Low,,False
103,Nov, Dining Room  ,LIGHT,13.0,4.0,3.0,4.68,37.44,8.0,156.0,Low,Autumn,False
697,Dec,Kitchen, Washing Machine  ,587.0,1.7,1.0.0,29.94,239.5,8.0,,medium,Winter,True
109,jan,bathroom,Fan,error,14.3,3.0,,576.58,,,,,False
346,Jan, Bedroom  ,,183.0,4.5,2.0,49.41,395.28,8.0,1647.0,medium,Winter,
879,DEC,bathroom,Washing Machine,781.0,0.6,1.0.0,14.06,112.46,8.0,,Low,,True
225,Sep,KITCHEN,fan,83.0,16.7,2.0,83.17,665.33,8.0,2772.2,Med,Autumn,False
577,Jul,KITCHEN,Light,14.0,10.0,3.0,12.6,100.8,8.0,420.0,low,Summer,False
195,Apr,BATHROOM,fan,60.0,unknown,3.0,82.62,660.96,8.0,,Med,Spring,False
408,FEB,Bedroom,Heater,1199.0,2.6,2.0,187.04,1496.35,8.0,6234.8,HIGH,,False
37,Oct,Bedroom,heater,1217.0,,1.0,80.32,642.58,8.0,,Medium,Autumn,False
170,Jul,DINING ROOM,,67.0,13.8,2.0.0,55.48,443.81,8.0,,Med,Summer,
545,Jun,-,ac,1558.0,5.6,1.0,261.74,2093.95,8.0,8724.8,High,Summer,True
228,Nov, Bedroom  ,Heater,1489.0,,3.0,428.83,3430.66,8.0,,HIGH,Autumn,False
506,Sep,Bedroom,ac,1355.0,4.4,2.0,357.72,2861.76,8.0,11924.0,HIGH,Autumn,True
372,Jul,Bathroom, Fan  ,75.0,16.8,1.0,37.8,302.4,8.0,1260.0,medium,Summer,False
162,May,Living Room,computer,373.0,8.3,1.0,92.88,743.02,8.0,3095.9,medium,Spring,False
987,Aug,Bathroom,Fan,5800.0,13.4,,23.32,186.53,8.0,,Medium,Summer,False
527,October,BEDROOM, AC  ,975.0,4.8,3.0,421.2,3369.6,8.0,14040.0,high,,True
931,AUG,Drawing Room,Fan,,15.5,1.0,25.57,204.6,8.0,,medium,,False
606,Dec,dining room,light,36.0,,3.0,25.92,207.36,8.0,,Med,Winter,False
519,MAY,Living Room,ac,1147.0,3.4,2.0,233.99,1871.9,8.0,7799.6,High,,True
900,Nov,DINING ROOM,Fan,57.0,14.3,2.0,48.91,391.25,8.0,1630.2,Med,Autumn,False
811,Mar,,Light,30.0,869.9999999999999,3.0,23.49,187.92,8.0,78300.0,Medium,Spring,False
16,Jun,Dining Room,Light,16.0,8.3,1.0,3.98,31.87,8.01,132.8,Low,Summer,False
524,Feb,Kitchen,Washing Machine,700.0,1.3,1.0,27.3,218.4,8.0,910.0,medium,Winter,True
 202 ,Apr,Dining Room,Fan,51.0,13.1,1.0,20.04,160.34,8.0,668.1,medium,Spring,False
297,apr,DRAWING ROOM,not sure,98.0,4.0,2.0.0,23.52,188.16,8.0,,Medium,,False
874,Dec,drawing room,Computer,152.0,3.1,3.0,42.41,339.26,8.0,1413.6,Medium,Winter,False
997,Mar, Kitchen  ,Fridge,299.0,20.6,1.0,184.78,1478.26,8.0,6159.4,High,Spring,True
60,Jan,BEDROOM, Fan  ,52.0,13.4,2.0.0,41.81,334.46,8.0,,Med,Winter,False
276,October,Kitchen,WASHING MACHINE,453.0,1.2,1.0,16.31,130.46,8.0,543.6,Low,,True
540,DEC, Bedroom  ,Light,27.0,4.2,3.0,10.21,81.65,8.0,340.2,low,,False
453,April,Kitchen, Fan  ,77.0,10.5,3.0,72.77,582.12,8.0,2425.5,Medium,,False
541,Oct,living room, Light  ,10.0,7.5,2.0,4.5,36.0,8.0,150.0,Low,Autumn,False
841,June,Bathroom,Light,16.0,5.8,2.0,5.57,44.54,8.0,185.6,low,,False
609,Aug,kitchen,fridge,175.0,23.7,2.0,248.85,1990.8,8.0,8295.0,High,Summer,True
246,May,LIVING ROOM,AC,1152.0,6.1,2.0,421.63,3373.06,8.0,14054.4,HIGH,Spring,True
597,JAN,Drawing Room,AC,1480.0,,3.0,1332.0,10656.0,8.0,,high,,True
841,Aug, Drawing Room  ,Computer,220.0,6.0,1.0.0,39.6,316.8,8.0,,medium,Summer,False
872,AUG,Living Room, Fan  ,70.0,1600.0,2.0,67.2,537.6,8.0,224000.0,Medium,,False
826,, Kitchen  ,Microwave,728.0,0.5,3.0,32.76,262.08,8.0,1092.0,Medium,,True
378,Aug,Drawing Room,,60.0,4.8,3.0,?,207.36,,864.0,,Summer,
507,May,Bedroom,Computer,186.0,8.9,1.0,49.66,397.3,8.0,1655.4,Medium,Spring,False
840,Jun,DINING ROOM,,81.0,17.6,3.0,128.3,1026.43,8.0,4276.8,high,Summer,
290,Aug, Dining Room  ,Fan,72.0,11.5,2.0,49.68,397.44,8.0,1656.0,medium,Summer,False
 400 ,Oct,Dining Room,Fan,71.0,10.4,2.0,44.3,354.43,8.0,1476.8,Medium,Autumn,False
827,aug,Living Room, Fan  ,83.0,10.8,2.0,53.78,430.27,8.0,1792.8,Medium,,False
603,sep,Bathroom,Fan,65.0,-,2.0.0,52.65,421.2,8.0,,Med,,False
448,Aug,Living_Room,FAN,58.0,16.1,3.0,84.04,672.34,8.0,2801.4,Med,Summer,False
907,May,dining room,Light,30.0,9.3,1.0,8.37,66.96,8.0,279.0,low,Spring,False
66,Aug,Drawing Room, Light  ,18.0,3.2,2.0,,27.65,,115.2,,Summer,False
726,December,Kitchen,washing machine,625.0,1.7,1.0,31.88,255.0,8.0,1062.5,Medium,,True
682,JUL,Bedroom,AC,1439.0,3.0,1.0,129.51,1036.08,8.0,4317.0,HIGH,,True
34,May,Bedroom,Computer,233.0,8.8,1.0,61.51,492.1,8.0,2050.4,medium,Spring,False
558,January,Bedroom,fan,85.0,7.7,2.0,39.27,314.16,8.0,1309.0,Medium,,False
902,Feb,BEDROOM,Light,38.0,3.3,2.0,7.52,60.19,8.0,250.8,low,Winter,False
664,April,Bedroom,Fan,89.0,10.0,1.0,26.7,213.6,8.0,890.0,Med,,False
366,Dec,Bedroom,AC,1467.0,3.6,3.0,475.31,3802.46,8.0,15843.6,High,Winter,True
126,Dec,Living_Room,Fan,76.0,14.6,2.0,66.58,532.61,8.0,2219.2,Med,Winter,False
180,Nov,Living_Room,TV,157.0,3.4,3.0,48.04,384.34,8.0,1601.4,Med,Autumn,False
134,apr,Kitchen,Light,39.0,9.9,2.0,23.17,185.33,8.0,772.2,Med,,False
990,Aug,Bathroom, Fan  ,65.0,16.9,2.0,65.91,527.28,8.0,2197.0,Medium,Summer,False
662,November,Drawing Room,tv,146.0,2.0,2.0,17.52,140.16,8.0,584.0,low,,False
243,Jul,bedroom, TV  ,75.0,5.6,2.0,25.2,201.6,8.0,840.0,medium,Summer,False
895,Feb,Kitchen, Washing Machine  ,576.0,1.5,3.0,77.76,622.08,8.0,2592.0,medium,Winter,True
44,aug, Bathroom  ,LIGHT,40.0,7.7,1.0,9.24,73.92,8.0,308.0,low,,False
944,Dec, Drawing Room  ,Computer,281.0,6.4,2.0,107.9,863.23,8.0,3596.8,high,Winter,False
875,March,LIVING ROOM,AC,944.0,9.3,2.0,526.75,4214.02,8.0,17558.4,High,,True
819,Sep,Bedroom,not sure,52.0,15.7,2.0,48.98,391.87,8.0,1632.8,Medium,Autumn,False
405,Nov, Dining Room  ,Light,16.0,7.3,1.0,3.5,28.03,8.01,116.8,Low,Autumn,False
310,December,DINING ROOM,-,84.0,9.7,3.0,73.33,586.66,8.0,2444.4,Med,,False
431,Aug,Bathroom, Washing Machine  ,64200.0,0.9,3.0,52.0,416.02,8.0,173340.0,medium,Summer,True
906,Feb,Bedroom,Heater,1476.0,3.0,150.0,398.52,3188.16,8.0,664200.0,high,Winter,False
475,oct,Kitchen,microwave,649.0,0.3,2.0,11.68,93.46,8.0,389.4,Low,,True
806,Jun,DRAWING ROOM,Computer,246.0,5.2,3.0,115.13,921.02,8.0,3837.6,high,Summer,False
 93 ,Feb, Kitchen  ,مجهول,38.0,8.9,1.0,10.15,81.17,8.0,338.2,low,Winter,False
872,Jul,Dining Room,,50.0,10.5,2.0,31.5,252.0,8.0,1050.0,medium,Summer,
27,Jul, Living Room  ,Fan,67.0,15.0,3.0,,723.6,,3015.0,,Summer,False
549,Mar,-, Computer  ,247.0,5.4,1.0,40.01,320.11,8.0,1333.8,Med,Spring,False
630,Feb,Living Room,COMPUTER,287.0,7.4,3.0.0,,1529.14,,,,Winter,False
268,May, Kitchen  ,Light,31.0,5.5,,10.23,81.84,8.0,,low,Spring,False
 268 ,Mar,Drawing_Room,Light,19.0,3.8,2.0,,34.66,,144.4,,Spring,False
281,Dec,bedroom, TV  ,172.0,5.5,3.0,85.14,681.12,8.0,2838.0,Med,Winter,False
522,Jul,Living Room,Light,35.0,3.3,,6.93,55.44,8.0,,low,Summer,False
918,Mar,Dining Room, Light  ,38.0,4.3,3.0,14.71,117.65,8.0,490.2,low,Spring,False
411,September,Dining Room,FAN,68.0,8.3,1.0,16.93,135.46,8.0,564.4,Low,,False
101,August,Kitchen,,58.0,6.9,3.0,36.02,288.14,8.0,1200.6,Med,,
464,Aug, Bedroom  , Computer  ,11100.0,6.0,3.0,59.94,479.52,8.0,199800.0,Med,Summer,False
648,Nov,Bedroom,tv,147.0,2.1,1.0,9.26,74.09,8.0,308.7,Low,Autumn,False
95,Nov,Drawing Room,Fan,77.0,,2.0,79.46,635.71,8.0,,Med,Autumn,False
408,May,bedroom,Light,27.0,9.8,2.0,unknown,127.01,,529.2,,Spring,False
485,August,Drawing Room,TV,123.0,5.4,1.0,19.93,159.41,8.0,664.2,low,,False
568,Feb,BEDROOM,Computer,268.0,6.0,1.0,,385.92,,1608.0,,Winter,False
663,Jun,Bedroom,مش عارف,839.0,1.9,150.0,143.47,1147.75,8.0,239115.0,high,Summer,False
643,August,DRAWING ROOM,light,26.0,6.4,3.0,14.98,119.81,8.0,499.2,Low,,False
503,Mar,living room,Computer,264.0,,1.0,,335.81,,,,Spring,False
180,nov,drawing room,Computer,305.0,2.9,,26.54,212.28,8.0,,medium,,False
796,Nov,Drawing Room,FAN,52.0,9.1,1.0,14.2,113.57,8.0,473.2,Low,Autumn,False
858,Sep,Bedroom,computer,227.0,7.0,2.0,95.34,762.72,8.0,3178.0,medium,Autumn,False
834,mar,Dining Room,LIGHT,37.0,6.1,1.0,6.77,54.17,8.0,225.7,low,,False
550,Aug,Bedroom,Heater,1488.0,1.8,3.0,,1928.45,,8035.2,,Summer,False
725,Jul,Drawing Room,light,13.0,6.6,2.0,5.15,41.18,8.0,171.6,Low,Summer,False
494,Feb,BEDROOM,Computer,194.0,3.2,1.0,18.62,148.99,8.0,620.8,low,Winter,False
283,oct,Unknown,Light,40.0,6.3,1.0,7.56,60.48,8.0,252.0,low,,False
332,Nov,Bedroom,AC,1677.0,7.0,1.0,352.17,2817.36,8.0,11739.0,high,Autumn,True
768,Oct,Dining Room,LIGHT,N/A,9.9,2.0,20.79,166.32,8.0,,Medium,Autumn,False
68,May, Bedroom  ,ac,1586.0,N/A,1.0,375.88,3007.06,8.0,,High,Spring,True
924,SEP, Bedroom  ,fan,54.0,8.4,3.0,40.82,326.59,8.0,1360.8,medium,,False
629,Mar,drawing room,LIGHT,32.0,640.0,3.0,18.43,147.46,8.0,61440.0,Low,Spring,False
884,jul,Kitchen, Fan  ,59.0,,2.0,32.92,263.38,8.0,,medium,,False
611,Nov, Dining Room  ,Light,22.0,9.8,2.0,12.94,103.49,8.0,431.2,low,Autumn,False
915,Mar, Dining Room  , Light  ,37.0,6.3,3.0,20.98,167.83,8.0,699.3,medium,Spring,False
865,Nov,Living Room,AC,1193.0,2.6,3.0.0,279.16,2233.3,8.0,,HIGH,Autumn,True
 650 ,Jan,Drawing Room, Computer  ,286.0,4.4,2.0,75.5,604.03,8.0,2516.8,medium,Winter,False
360,Sep,Drawing Room, Fan  ,,8.1,1.0,21.38,171.07,8.0,,Medium,Autumn,False
986,Sep,Kitchen,washing machine,420.0,,3.0.0,64.26,514.08,8.0,,medium,Autumn,True
488,Jul,Bedroom,fan,81.0,12.0,1.0,29.16,233.28,8.0,972.0,Medium,Summer,False
429,FEB, Dining Room  , Fan  ,63.0,8.2,2.0,31.0,247.97,8.0,1033.2,medium,,False
576,September,Bedroom,LIGHT,39.0,,3.0,0.02141,171.29,8000.47,,Low,,False
605,October,Bathroom,Light,40.0,5.5,3.0,0.0198,158.4,8000.0,660.0,Low,,False
804,December, Living Room  ,computer,185.0,6.8,3.0,113.22,905.76,8.0,3774.0,high,,False
898,May,Drawing_Room,fan,77.0,12.4,3.0,85.93,687.46,8.0,2864.4,medium,Spring,False
138,Jan,DRAWING ROOM,AC,975.0,2.6,1.0.0,76.05,608.4,8.0,,Med,Winter,True
659,November,Drawing Room,AC,1127.0,7.0,2.0,473.34,3786.72,8.0,15778.0,high,,True
122,Apr,BEDROOM,Heater,1161.0,2.0,3.0,208.98,1671.84,8.0,6966.0,High,Spring,False
353,Apr, Dining Room  ,FAN,71.0,16.8,1.0,35.78,286.27,8.0,1192.8,Medium,Spring,False
 654 ,Nov,living room,Fan,80.0,11.4,1.0,27.36,218.88,8.0,912.0,Medium,Autumn,False
734,May,LIVING ROOM,Fan,50.0,7.5,1.0,11.25,90.0,8.0,375.0,Low,Spring,False
839,Mar, Drawing Room  ,COMPUTER,263.0,N/A,1.0.0,33.14,265.1,8.0,,medium,Spring,False
914,March,Kitchen,Fan,51.0,16.2,1.0,24.79,198.29,8.0,826.2,Med,,False
431,Jul, Living Room  ,tv,66.0,,2.0,9.5,,,,Low,Summer,False
584,May,Kitchen,Fridge,248.0,21.7,2.0,322.9,2583.17,8.0,10763.2,high,Spring,True
490,October,Dining_Room,Light,21.0,4.7,3.0,8.88,71.06,8.0,296.1,low,,False
30,jan,KITCHEN,Washing_Machine,736.0,1.4,3.0,92.74,741.89,8.0,3091.2,Medium,,True
67,Feb, Bedroom  ,FAN,84.0,11.9,2.0,59.98,479.81,8.0,1999.2,medium,Winter,False
215,Apr,BATHROOM,Light,25.0,8.3,2.0,12.45,99.6,8.0,415.0,Low,Spring,False
194,November,Bedroom,FAN,-60.0,10.4,2.0,37.44,299.52,8.0,-1248.0,medium,,False
959,Jun,not sure,Fan,67.0,8.3,100.0,33.37,266.93,8.0,55610.0,medium,Summer,False
975,may,Bedroom,tv,179.0,5.0,2.0,53.7,429.6,8.0,1790.0,medium,,False
537,August,Kitchen,Microwave,,0.4,3.0,22.64,181.15,8.0,,Medium,,True
877,مجهول,living room, Computer  ,333.0,8.8,3.0,263.74,2109.89,8.0,8791.2,HIGH,,False
502,Nov,Living Room,AC,1308.0,6.1,1.0,239.36,1914.91,8.0,7978.8,HIGH,Autumn,True
646,Dec,Bedroom,Fan,53.0,17.3,1.0.0,27.51,220.06,8.0,,Medium,Winter,False
87,June,Bedroom,TV,125.0,5.5,1.0,20.62,165.0,8.0,687.5,Medium,,False
989,August,Drawing_Room, TV  ,83.0,4.8,1.0,11.95,95.62,8.0,398.4,Low,,False
638,Oct,Kitchen,Fridge,221.0,20.4,2.0,270.5,2164.03,8.0,9016.8,High,Autumn,True
943,May,,Computer,261.0,4.3,,33.67,269.35,8.0,,medium,Spring,False
15,Oct,Drawing Room,AC,1545.0,4.3,1.0.0,199.31,1594.44,8.0,,High,Autumn,True
182,October,Living Room,,983.0,3.5,3.0,309.64,2477.16,8.0,10321.5,HIGH,,
564,Dec, Kitchen  , Fan  ,53.0,-10.1,2.0,32.12,256.94,8.0,-1070.6,medium,Winter,False
740,July,,,-26.0,8.3,2.0,12.95,103.58,8.0,-431.6,low,,
867,Nov,Kitchen,Washing Machine,659.0,0.6,1.0,11.86,94.9,8.0,395.4,Low,Autumn,True
964,Aug,Drawing Room, TV  ,105.0,5.7,2.0,35.91,287.28,8.0,1197.0,Med,Summer,False
30,Feb, Drawing Room  , TV  ,-,,3.0,22.95,183.6,8.0,,medium,Winter,False
475,Sep,LIVING ROOM,TV,147.0,3.0,3.0,39.69,317.52,8.0,1323.0,Medium,Autumn,False
28,jun,LIVING ROOM,AC,980.0,4.0,2.0,235.2,1881.6,8.0,7840.0,High,,True
486,October,Living Room, Fan  ,50.0,-17.6,,52.8,422.4,8.0,,Medium,,False
477,JUN, Drawing Room  , Computer  ,35900.0,3.4,2.0,73.24,585.89,8.0,244120.0,medium,,False
823,oct, Bedroom  , Heater  ,,3.0,3.0,241.92,1935.36,8.0,,High,,False
328,Dec,Dining Room, Fan  ,62.0,12.5,2.0,46.5,372.0,8.0,1550.0,medium,Winter,False
432,Oct,Living Room, Light  ,26.0,9.3,1.0,7.25,58.03,8.0,241.8,low,Autumn,False
745,Feb,drawing room, Fan  ,73.0,13.4,1.0,29.35,234.77,8.0,978.2,Medium,Winter,False
754,N/A, Drawing Room  ,AC,923.0,9.5,3.0,789.16,6313.32,8.0,26305.5,HIGH,,True
220,Sep,Drawing Room,Fan,66.0,8.6,2.0,34.06,272.45,8.0,1135.2,Med,Autumn,False
847,dec,Bedroom,fan,74.0,17.4,1.0,38.63,309.02,8.0,1287.6,Med,,False
846,May, Drawing Room  ,LIGHT,21.0,4.9,2.0,6.17,49.39,8.0,205.8,Low,Spring,False
 417 ,Jun,Dining Room, Light  ,1400.0,8.0,1.0.0,3.36,26.88,8.0,,Low,Summer,False
151,October,Living Room,Fan,69.0,14.8,150.0,91.91,735.26,8.0,153180.0,Med,,False
386,Apr,kitchen,Microwave,822.0,0.2,2.0,9.86,78.91,8.0,328.8,Low,Spring,True
397,oct, Bathroom  ,LIGHT,11.0,5.1,3.0,5.05,40.39,8.0,168.3,low,,False
721,Sep,Living Room,AC,1074.0,3.0,,193.32,1546.56,8.0,,HIGH,Autumn,True
323,Sep,dining room,Fan,81.0,9.6,1.0,23.33,186.62,8.0,777.6,Medium,Autumn,False
659,oct,DRAWING ROOM,Computer,184.0,,3.0,147.38,1179.07,8.0,,HIGH,,False
934,Dec,bedroom,AC,1764.0,9.7,3.0,1539.97,12319.78,8.0,51332.4,HIGH,Winter,True
140,January, Drawing Room  , Fan  ,71.0,15.4,2.0,65.6,524.83,8.0,2186.8,Medium,,False
714,Jun,,TV,77.0,2.2,3.0,15.25,121.97,8.0,508.2,Low,Summer,False
564,February,KITCHEN,MICROWAVE,624.0,0.4,3.0,22.46,179.71,8.0,748.8,Med,,True
53,Nov,Kitchen,Light,38.0,6.3,1.0.0,7.18,57.46,8.0,,Low,Autumn,False
932,jul,kitchen,,22.0,570.0,1.0,3.76,30.1,8.01,12540.0,Low,,
6,Jan,bedroom,,85.0,,3.0.0,84.92,679.32,8.0,,Medium,Winter,
281,Jan,BEDROOM,AC,1619.0,5.3,3.0,772.26,6178.1,8.0,25742.1,high,Winter,True
336,Aug,Bathroom,LIGHT,12.0,-8.4,1.0,3.02,24.19,8.01,-100.8,low,Summer,False
37,Apr,Kitchen,Light,18.0,7.0,1.0,3.78,30.24,8.0,126.0,Low,Spring,False
828,sep,dining room,Fan,90.0,12.9,2.0,0.06966,,,2322.0,low,,False
632,Jun,Bathroom,Heater,1269.0,1.7,1.0,64.72,517.75,8.0,2157.3,medium,Summer,False
658,May,LIVING ROOM,na,64.0,16.0,3.0,92.16,737.28,8.0,3072.0,Med,Spring,False
896,February,Bedroom,tv,195.0,2.6,2.0.0,30.42,243.36,8.0,,Med,,False
 808 ,nov,Dining Room,Light,28.0,6.4,3.0,16.13,129.02,8.0,537.6,low,,False
368,August,Bedroom, Computer  ,317.0,5.4,3.0.0,154.06,1232.5,8.0,,High,,False
240,Aug, Living Room  ,FAN,89.0,14.7,2.0,78.5,,,2616.6,Med,Summer,False
34,Oct,Dining Room,FAN,66.0,15.0,150.0,89.1,,,148500.0,medium,Autumn,False
382,Feb,kitchen,Microwave,687.0,0.4,2.0,16.49,131.9,8.0,549.6,Low,Winter,True
226,September,,light,26.0,3.3,3.0,7.72,61.78,8.0,257.4,low,,False
881,Mar, Living Room  ,Light,24.0,9.9,1.0,7.13,57.02,8.0,237.6,low,Spring,False
601,June,LIVING ROOM,FAN,83.0,,1.0,26.14,209.16,8.0,,Med,,False
216,Nov,Kitchen,washing machine,538.0,1.5,3.0.0,72.63,581.04,8.0,,Med,Autumn,True
518,feb,Drawing Room,Fan,74.0,13.4,2.0,59.5,475.97,8.0,1983.2,Medium,,False
654,November,Living Room,,1053.0,9.8,3.0,928.75,7429.97,8.0,30958.2,HIGH,,
212,Oct,Living Room, Computer  ,207.0,6.5,2.0.0,80.73,645.84,8.0,,medium,Autumn,False
844,JUL, Drawing Room  , TV  ,-135.0,4.6,3.0,55.89,447.12,8.0,-1863.0,Med,,False
297,apr, Kitchen  , Fridge  ,213.0,20.5,2.0,261.99,2095920.0,8000.0,8733.0,high,,True
584,Sep,Dining_Room,Light,25.0,6.8,1.0,5.1,40.8,8.0,170.0,low,Autumn,False
617,Apr,Bedroom,Computer,273.0,6.4,1.0.0,52.42,419.33,8.0,,Med,Spring,False
866,Apr,Living Room,AC,1667.0,7.9,2.0,790.16,6321.26,8.0,26338.6,High,Spring,True
140,August, Kitchen  ,washing machine,690.0,0.6,1.0.0,12.42,99.36,8.0,,Low,,True
761,Sep, Bedroom  ,Light,38.0,8.9,1.0,10.15,81.17,8.0,338.2,Low,Autumn,False
264,Sep,Kitchen,light,13.0,4.1,1.0,1.6,12.79,7.99,53.3,Low,Autumn,False
919,Jul,,Light,15.0,8.2,1.0,3.69,29.52,8.0,123.0,Low,Summer,False
494,AUG,Living_Room,Computer,395.0,2.6,2.0,61.62,492.96,8.0,2054.0,medium,,False
229,Jul,Bathroom,WASHING MACHINE,657.0,1.7,1.0.0,33.51,268.06,8.0,,Med,Summer,True
267,Jul,Kitchen,Washing_Machine,785.0,0.7,1.0.0,16.48,,,,low,Summer,True
277,Mar,Bedroom,TV,90.0,2.6,2.0,14.04,112.32,8.0,468.0,Low,Spring,False
399,August,Bathroom, Light  ,28.0,7.1,1.0,5.96,47.71,8.01,198.8,low,,False
145,May,Dining Room,light,22.0,4.8,1.0,3.17,25.34,7.99,105.6,low,Spring,False
946,Nov,,Light,33.0,unknown,2.0,18.81,150.48,8.0,,Low,Autumn,False
369,Oct,Drawing Room,TV,86.0,3.8,3.0,29.41,235.3,8.0,980.4,Med,Autumn,False
480,Sep,dining room,Light,16.0,3.8,1.0,1.82,14.59,8.02,60.8,Low,Autumn,False
317,Oct, Bedroom  ,HEATER,1232.0,1.6,1.0,59.14,473.09,8.0,1971.2,Med,Autumn,False
484,November,Living Room,Fan,78.0,,2.0,31.82,254.59,8.0,,Medium,,False
237,MAY,Kitchen,Light,37.0,7.9,3.0.0,26.31,210.46,8.0,,Medium,,False
2,Oct,Bathroom,FAN,66.0,12.9,3.0,76.63,613.01,8.0,2554.2,medium,Autumn,False
911,Nov,BEDROOM,TV,93.0,4.6,1.0,12.83,102.67,8.0,427.8,Low,Autumn,False
353,December,Unknown,TV,81.0,5.7,1.0,,110.81,,461.7,,,False
653,Dec,LIVING ROOM,LIGHT,25.0,7.3,2.0,10.95,87.6,8.0,365.0,low,Winter,False
371,Jul, Dining Room  , Light  ,-31.0,7.1,2.0,13.21,105.65,8.0,-440.2,low,Summer,False
569,Mar,Kitchen,na,79.0,,3.0,50.48,403.85,8.0,,Med,Spring,False
592,Jan,Drawing Room,Fan,,14.9,1.0,35.31,282.5,8.0,,medium,Winter,False
642,Mar, Bedroom  ,N/A,90.0,15.2,3.0,,984960.0,,4104.0,,Spring,False
82,JUN,Bedroom,Heater,1426.0,3.7,1.0.0,158.29,1266.29,8.0,,HIGH,,False
556,Jan,bedroom, TV  ,199.0,3.7,2.0,44.18,353.42,8.0,1472.6,Med,Winter,False
892,Mar,Living_Room,tv,185.0,4.3,3.0,71.59,572.76,8.0,2386.5,medium,Spring,False
120,مجهول,BEDROOM,,1122.0,3.0,3.0,302.94,2423.52,8.0,10098.0,High,,
354,MAY,Drawing Room,Light,18.0,7.0,1.0.0,3.78,,,,low,,False
615,Mar, Bedroom  , Heater  ,1395.0,1.4,2.0.0,117.18,937.44,8.0,,high,Spring,False
962,Aug,Drawing_Room, Computer  ,209.0,4.6,2.0,57.68,461.47,8.0,1922.8,medium,Summer,False
731,Jan,Drawing Room,Fan,76.0,14.5,1.0,33.06,264.48,8.0,1102.0,medium,Winter,False
957,MAY,Living_Room,Light,22.0,4.2,2.0,5.54,44.35,8.01,184.8,low,,False
527,Sep, Bedroom  ,TV,150.0,509.99999999999994,3.0,68.85,550.8,8.0,229500.0,Med,Autumn,False
599,September,DINING ROOM,FAN,73.0,,1.0,38.54,308.35,8.0,,Medium,,False
443,Mar,Kitchen,Light,15.0,9.4,2.0,8.46,67.68,8.0,282.0,Low,Spring,False
806,JUL,dining room,LIGHT,17.0,3.3,1.0,1.68,13460.0,8011.9,56.1,low,,False
172,Mar,Bathroom,Light,20.0,8.1,3.0,14.58,116.64,8.0,486.0,Low,Spring,False
550,Mar,LIVING ROOM,TV,149.0,3.0,2.0,26.82,214.56,8.0,894.0,Med,Spring,False
771,jan,Drawing Room,TV,173.0,2.6,1.0,13.49,107.95,8.0,449.8,low,,False
875,oct, Dining Room  ,LIGHT,31.0,8.1,3.0,22.6,180.79,8.0,753.3,Med,,False
778,Nov,?, Fan  ,67.0,1540.0,2.0,61.91,495.26,8.0,206360.0,Medium,Autumn,False
955,Oct,BEDROOM,Computer,301.0,5.2,3.0,140.87,1126.94,8.0,4695.6,HIGH,Autumn,False
150,Nov,Bedroom,AC,1379.0,9.8,1.0,405.43,3243.41,8.0,13514.2,high,Autumn,True
845,Dec,Living Room, AC  ,1624.0,9.0,1.0,438.48,3507.84,8.0,14616.0,high,Winter,True
73,jun,bedroom, Computer  ,173.0,5.8,3.0,90.31,722.45,8.0,3010.2,medium,,False
346,Jan,drawing room,AC,1258.0,630.0,2.0,475.52,3804.19,8.0,1585080.0,HIGH,Winter,True
455,Feb, Living Room  ,Light,29.0,3.4,3.0,8.87,70.99,8.0,295.8,low,Winter,False
195,oct,dining room, Fan  ,50.0,10.9,1.0,16.35,130.8,8.0,545.0,Low,,False
337,Oct,Bathroom,Fan,-78.0,17.5,2.0,81.9,655.2,8.0,-2730.0,medium,Autumn,False
662,Jul,DRAWING ROOM,Fan,53.0,14.7,3.0,70.12,560.95,8.0,2337.3,Med,Summer,False
620,JUN,BEDROOM,tv,7600.0,5.6,1.0,12.77,102.14,8.0,42560.0,Low,,False
41,Sep,,Fan,60.0,16.6,1.0,29.88,239.04,8.0,996.0,Med,Autumn,False
311,Nov,Kitchen,Light,31.0,9.0,1.0,8.37,66.96,8.0,279.0,Low,Autumn,False
67,August,KITCHEN,Washing Machine,760.0,1.0,1.0,22.8,182.4,8.0,760.0,Medium,,True
504,Sep,Living Room,Light,27.0,9.1,3.0,22.11,176.9,8.0,737.1,medium,Autumn,False
828,Aug,BEDROOM,Fan,53.0,12.4,3.0,59.15,473.18,8.0,1971.6,Med,Summer,False
484,Feb,Dining_Room,FAN,88.0,17.5,1.0,46.2,369.6,8.0,1540.0,medium,Winter,False
692,January,Drawing Room,Light,30.0,8.4,3.0,22.68,181.44,8.0,756.0,medium,,False
331,Aug,Bathroom,WASHING MACHINE,514.0,1.4,1.0,21.59,172.7,8.0,719.6,Med,Summer,True
468,Jul,Kitchen,light,22.0,9.2,3.0,18.22,145.73,8.0,607.2,low,Summer,False
202,Mar,KITCHEN,microwave,667.0,,1.0,10.01,80.04,8.0,,Low,Spring,True
94,APR,Living Room,Fan,75.0,16.0,1.0,36.0,288.0,8.0,1200.0,medium,,False
46,Jul,drawing room, Computer  ,122.0,9.2,3.0,101.02,808130.0,7999.7,3367.2,High,Summer,False
586,may,LIVING ROOM,Computer,132.0,6.4,2.0,50.69,405.5,8.0,1689.6,Med,,False
296,sep,Bedroom,ac,1954.0,5.9,3.0,1037.57,8300.59,8.0,34585.8,HIGH,,True
256,Aug,bathroom,HEATER,986.0,3.6,1.0,106.49,851.9,8.0,3549.6,high,Summer,False
111,Jul,Living_Room,Light,17.0,4.7,2.0,4.79,38.35,8.01,159.8,Low,Summer,False
995,Apr, Bedroom  ,Fan,89.0,14.1,1.0,37.65,301.18,8.0,1254.9,Med,Spring,False
518,Jun,Drawing Room,ac,1631.0,4.9,1.0,239.76,1918.06,8.0,7991.9,high,Summer,True
583,mar, Bedroom  ,Fan,89.0,13.2,1.0,35.24,281.95,8.0,1174.8,medium,,False
447,Feb,BEDROOM, Fan  ,63.0,7.6,1.0,14.36,114.91,8.0,478.8,low,Winter,False
910,Aug,kitchen,Washing Machine,743.0,1.9,2.0,84.7,677.62,8.0,2823.4,medium,Summer,True
155,SEP,dining room,Fan,60.0,16.2,1.0,29.16,233.28,8.0,972.0,medium,,False
761,May,Dining_Room,FAN,79.0,15.3,1.0,36.26,290.09,8.0,1208.7,medium,Spring,False
117,Jan, Bathroom  , Heater  ,1032.0,2.4,3.0,222.91,1783.3,8.0,7430.4,High,Winter,False
827,Sep, Kitchen  ,FRIDGE,262.0,19.2,2.0,301.82,2414.59,8.0,10060.8,High,Autumn,True
821,June,Drawing Room,Fan,74.0,13.5,2.0,59.94,479.52,8.0,1998.0,Medium,,False
259,September,Dining Room,Light,error,3.5,2.0,3.99,31.92,8.0,,Low,,False
674,Nov,KITCHEN,unknown,781.0,N/A,3.0,,506.09,,,,Autumn,False
557,February,Living Room,computer,108.0,8.6,1.0,27.86,222.91,8.0,928.8,medium,,False
610,Jul,DINING ROOM,Light,10.0,,,3.33,26.64,8.0,,low,Summer,False
884,Sep, Living Room  ,Computer,296.0,7.5,2.0.0,,,,,,Autumn,False
333,APR,Drawing Room, AC  ,920.0,3.3,3.0,273.24,2185.92,8.0,9108.0,High,,True
499,April,Kitchen,Washing Machine,656.0,0.8,2.0,31.49,251.9,8.0,1049.6,medium,,True
332,Sep,Drawing Room,Light,34.0,3.3,1.0,,26.93,,112.2,,Autumn,False
613,March,Drawing Room, Computer  ,213.0,6.4,3.0,122.69,981.5,8.0,4089.6,high,,False
419,Mar,living room,Light,36.0,5.3,3.0,17.17,137.38,8.0,572.4,low,Spring,False
352,Apr,bedroom,TV,71.0,2.8,2.0,11.93,95.42,8.0,397.6,low,Spring,False
130,May, Bedroom  ,AC,1390.0,2.3,2.0,191.82,1534.56,8.0,6394.0,HIGH,Spring,True
227,Jan,Bathroom,Washing Machine,730.0,1.3,3.0,85.41,683.28,8.0,2847.0,Med,Winter,True
506,Apr,n/a,AC,1959.0,7.3,2.0,858.04,6864.34,8.0,28601.4,HIGH,Spring,True
292,September,Kitchen, Fridge  ,199.0,20.2,2.0,241.19,1929.5,8.0,8039.6,High,,True
461,February,drawing room,light,28.0,6.1,2.0,10.25,81.98,8.0,341.6,Low,,False
46,Nov, Drawing Room  ,TV,110.0,4.5,3.0,44.55,356.4,8.0,1485.0,medium,Autumn,False
781,Mar, Living Room  , Light  ,38.0,7.8,2.0,17.78,142.27,8.0,592.8,low,Spring,False
468,Apr,Bedroom,Fan,85.0,17.7,3.0,135.41,1083.24,8.0,4513.5,High,Spring,False
260,Aug,Living Room,computer,341.0,8.5,2.0,173.91,1391.28,8.0,5797.0,high,Summer,False
636,Nov, Bedroom  ,Light,37.0,3.7,3.0,12.32,98570.0,8000.81,410.7,low,Autumn,False
823,Nov,bedroom,AC,1874.0,9.1,3.0,1534.81,12278.45,8.0,51160.2,HIGH,Autumn,True
504,Jun,Dining Room, Light  ,36.0,6.6,1.0,,57.02,,237.6,,Summer,False
43,Jul,Dining Room,Fan,76.0,11.9,2.0,54.26,434.11,8.0,1808.8,Med,Summer,False
756,May,Bedroom,Computer,128.0,9.6,3.0,110.59,884.74,8.0,3686.4,High,Spring,False
275,apr,LIVING ROOM,TV,71.0,,1.0,6.39,51.12,8.0,,low,,False
892,FEB,,مش عارف,unknown,4.4,2.0,394.15,3153.22,8.0,,high,,False
427,May,Drawing Room, Computer  ,129.0,7.0,1.0,27.09,216.72,8.0,903.0,Med,Spring,False
402,OCT, Living Room  , Computer  ,290.0,3.3,3.0,86.13,689.04,8.0,2871.0,Med,,False
898,Jun,Living Room, Light  ,18.0,6.8,2.0,7.34,58.75,8.0,244.8,Low,Summer,False
329,Oct,Kitchen,Washing Machine,645.0,1.3,3.0,75.47,603.72,8.0,2515.5,medium,Autumn,True
815,Oct,Living Room,Computer,212.0,3.7,2.0,47.06,376.51,8.0,1568.8,Medium,Autumn,False
264,JUL,bedroom, Heater  ,840.0,1.8,2.0,90.72,,,3024.0,medium,,False
830,March,Drawing Room,Light,12.0,3.7,3.0,4.0,31.97,7.99,133.2,Low,,False
62,June,Dining Room,Light,30.0,7.0,1.0,6.3,50.4,8.0,210.0,Low,,False
76,November,Bathroom,Light,30.0,4.2,1.0,3.78,30.24,8.0,126.0,Low,,False
747,Mar,Drawing Room,Computer,326.0,7.4,1.0,72.37,578.98,8.0,2412.4,medium,Spring,False
966,Feb,Dining_Room,Fan,58.0,6.1,3.0,31.84,254.74,8.0,1061.4,Medium,Winter,False
791,Jan,dining room,Light,18.0,9.2,3.0,14.9,119.23,8.0,496.8,low,Winter,False
854,Mar,Bedroom,TV,161.0,5.3,1.0,25.6,204.79,8.0,853.3,medium,Spring,False
672,Jan,KITCHEN,Fridge,165.0,20.7,2.0,204.93,1639.44,8.0,6831.0,High,Winter,True
170,Jul,Bedroom,?,1986.0,8.0,1.0,-,3813.12,,15888.0,,Summer,False
268,May, Kitchen  ,Light,31.0,5.5,,10.23,81.84,8.0,,low,Spring,False
408,Dec, Bedroom  ,LIGHT,19.0,7.5,3.0.0,12.82,102.6,8.0,,Low,Winter,False
140,Nov,DRAWING ROOM,TV,120.0,5.5,2.0,39.6,316.8,8.0,1320.0,medium,Autumn,False
20,Jun,Bathroom,fan,87.0,17.7,1.0,46.2,369.58,8.0,1539.9,Medium,Summer,False
124,MAR, Living Room  ,Light,32.0,8.7,3.0,25.06,200.45,8.0,835.2,medium,,False
468,Jan, Bedroom  ,Light,15.0,6.5,2.0,5.85,46.8,8.0,195.0,low,Winter,False
176,jul,Drawing Room,Fan,89.0,10.7,3.0,85.71,685.66,8.0,2856.9,Medium,,False
668,Jun,Living_Room,Light,24.0,3.8,1.0,2.74,,,91.2,Low,Summer,False
474,Oct,kitchen,,437.0,0.5,2.0,13.11,104.88,8.0,437.0,low,Autumn,
662,Sep,Living Room,computer,229.0,4.1,1.0.0,28.17,225.34,8.0,,medium,Autumn,False
323,May,Bedroom,ac,1686.0,8.3,1.0,419.81,3358.51,8.0,13993.8,HIGH,Spring,True
774,Jul,dining room,fan,64.0,14.9,2.0.0,57.22,457.73,8.0,,medium,Summer,False
246,August,Kitchen,Microwave,920.0,0.3,3.0,24.84,198.72,8.0,828.0,medium,,True
483,Dec, Bathroom  ,heater,1097.0,2.8,3.0,276.44,2211.55,8.0,9214.8,High,Winter,False
484,Jan,Bedroom,Light,35.0,5.9,1.0,6.2,49.56,7.99,206.5,Low,Winter,False
147,February,Bedroom,not sure,86.0,9.4,1.0,24.25,194.02,8.0,808.4,Medium,,False
479,jun,bedroom,AC,1452.0,5.8,2.0.0,505.3,4042.37,8.0,,HIGH,,True
500,Mar,DRAWING ROOM,TV,193.0,2.3,2.0,26.63,,,887.8,Medium,Spring,False
944,Feb,Living Room,tv,115.0,3.5,3.0,36.23,289.8,8.0,1207.5,medium,Winter,False
688,May,Drawing_Room,COMPUTER,206.0,4.9,1.0,30.28,242.26,8.0,1009.4,medium,Spring,False
898,July,,ac,1127.0,9.5,1.0,321.19,2569.56,8.0,10706.5,HIGH,,True
977,May,Dining Room,Light,N/A,6.2,1.0,5.39,43.15,8.01,,low,Spring,False
114,Nov,Bathroom,washing machine,715.0,,1.0,42.9,343.2,8.0,,Med,Autumn,True
648,Oct,Kitchen,fan,85.0,13.8,1.0,35.19,281.52,8.0,1173.0,medium,Autumn,False
611,Aug,Dining_Room,Fan,74.0,13.5,2.0.0,59.94,,,,Med,Summer,False
147,Apr,Living Room,Fan,86.0,8.1,1.0,20.9,167.18,8.0,696.6,Med,Spring,False
163,Apr,bedroom,Heater,1003.0,2.7,3.0,243.73,1949.83,8.0,8124.3,high,Spring,False
668,July, Living Room  ,Light,14.0,7.5,1.0,3.15,25.2,8.0,105.0,Low,,False
951,Jul,Drawing_Room,Fan,58.0,12.0,2.0,41.76,334.08,8.0,1392.0,Med,Summer,False
174,Jul,Kitchen,washing machine,761.0,1.9,2.0,86.75,694.03,8.0,2891.8,Medium,Summer,True
725,April, Dining Room  , Light  ,20.0,8.7,3.0,15.66,125.28,8.0,522.0,Low,,False
521,Aug,مش عارف,Fan,8800.0,14.4,2.0,,608.26,,253440.0,,Summer,False
910,June,Kitchen,مجهول,296.0,18.9,3.0,503.5,4027.97,8.0,16783.2,high,,False
307,Jul,Drawing Room, AC  ,1887.0,5.8,1.0,328.34,2626.7,8.0,10944.6,HIGH,Summer,True
82,January,BEDROOM,light,31.0,8.0,,22.32,178.56,8.0,,Medium,,False
848,aug,LIVING ROOM,FAN,63.0,15.0,3.0,85.05,680.4,8.0,2835.0,Medium,,False
266,May,Drawing Room,AC,1674.0,5.1,2.0,512.24,4097.95,8.0,17074.8,High,Spring,True
76,May, Kitchen  ,Light,15.0,9.9,1.0,4.46,35.64,7.99,148.5,Low,Spring,False
896,NOV,Drawing Room,light,18.0,6.2,2.0,6.7,53.57,8.0,223.2,Low,,False
288,Feb,Bedroom,AC,1230.0,7.2,2.0,531.36,4250.88,8.0,17712.0,HIGH,Winter,True
63,Nov,BEDROOM,TV,117.0,2.9,3.0,30.54,244.3,8.0,1017.9,Medium,Autumn,False
678,Mar,Bedroom,Heater,1017.0,1.1,2.0,67.12,536.98,8.0,2237.4,medium,Spring,False
33,Nov,Bedroom,Light,18.0,8.6,3.0,13.93,111.46,8.0,464.4,low,Autumn,False
439,Aug, Drawing Room  ,TV,173.0,5.1,3.0,79.41,635.26,8.0,2646.9,Medium,Summer,False
311,Nov,Kitchen,Light,31.0,9.0,1.0,8.37,66.96,8.0,279.0,low,Autumn,False
691,nov,Kitchen,?,109.0,21.4,3.0,209.93,1679.47,8.0,6997.8,High,,False
255,Feb,,Microwave,,0.2,2.0,,111.94,,,,Winter,True
796,NOV,Bathroom,washing machine,637.0,1.3,3.0,74.53,596.23,8.0,2484.3,Med,,True
314,Aug, Kitchen  , Light  ,22.0,,150.0,11.68,93.46,8.0,,Low,Summer,False
39,May, Kitchen  ,light,24.0,,1.0,2.23,17.86,8.01,,Low,Spring,False
569,Jan, Drawing Room  ,tv,155.0,500.0,2.0,46.5,372.0,8.0,155000.0,medium,Winter,False
662,August,Living Room,AC,1467.0,9.8,3.0,1293.89,10351.15,8.0,43129.8,HIGH,,True
418,SEP, Bedroom  ,Fan,70.0,17.0,3.0,107.1,856.8,8.0,3570.0,high,,False
294,Oct,kitchen,Washing Machine,700.0,0.5,3.0,31.5,252.0,8.0,1050.0,medium,Autumn,True
123,Jun,Drawing Room,Fan,,9.0,3.0,52.65,421.2,8.0,,Medium,Summer,False
562,Jul,Kitchen,Fridge,179.0,20.9,1.0,112.23,897.86,8.0,3741.1,HIGH,Summer,True
187,May,Bedroom, Computer  ,366.0,4.1,3.0,135.05,1080.43,8.0,4501.8,HIGH,Spring,False
816,nov,Living_Room,Light,35.0,7.9,1.0,8.29,66.36,8.0,276.5,Low,,False
944,December, Living Room  ,Fan,71.0,13.6,2.0,57.94,,,1931.2,medium,,False
135,Dec,drawing room,LIGHT,28.0,6.3,3.0,15.88,127.01,8.0,529.2,Low,Winter,False
444,March,drawing room, AC  ,1441.0,8.0,3.0,1037.52,8300.16,8.0,34584.0,HIGH,,True
557,Feb,living room, Computer  ,311.0,9.1,1.0,84.9,679.22,8.0,2830.1,Medium,Winter,False
870,,Bedroom,tv,62.0,5.2,1.0.0,9.67,77.38,8.0,,Low,,False
253,Nov,Dining Room,light,17.0,4.4,3.0,6.73,53.86,8.0,224.4,low,Autumn,False
46,Apr,Kitchen,Washing Machine,601.0,1.9,2.0.0,68.51,548.11,8.0,,medium,Spring,True
434,February,BEDROOM,Fan,67.0,16.5,3.0.0,99.5,795.96,8.0,,Med,,False
869,May, Drawing Room  ,Light,10.0,4.3,2.0,2.58,20.64,8.0,86.0,low,Spring,False
25,Feb,living room,,169.0,2.2,2.0,22.31,178.46,8.0,743.6,Medium,Winter,
883,Oct,Living Room,TV,90.0,5.6,1.0,15.12,120.96,8.0,504.0,low,Autumn,False
504,November,KITCHEN,Fan,81.0,10.4,1.0,25.27,202.18,8.0,842.4,Medium,,False
354,Jan,DINING ROOM,Light,12.0,4.2,2.0,3.02,,,100.8,Low,Winter,False
142,May,LIVING ROOM, Fan  ,90.0,9.9,2.0,53.46,427.68,8.0,1782.0,Medium,Spring,False
114,Jun,Kitchen, Fan  ,62.0,1510.0,2.0,56.17,449.38,8.0,187240.0,Medium,Summer,False
485,مش عارف,Kitchen,FAN,78.0,17.0,2.0,79.56,,,2652.0,medium,,False
206,Aug,Bedroom,AC,974.0,9.9,2.0,-,4628.45,,19285.2,,Summer,True
144,Jan,Bathroom,Light,35.0,8.6,3.0,27.09,216.72,8.0,903.0,Medium,Winter,False
398,Dec, Kitchen  ,Fridge,300.0,21.3,2.0,383.4,3067.2,8.0,12780.0,high,Winter,True
 289 ,August,drawing room, Computer  ,356.0,5.0,1.0,53.4,427.2,8.0,1780.0,Med,,False
366,Jul,bedroom, TV  ,97.0,4.0,2.0,23.28,186.24,8.0,776.0,medium,Summer,False
670,July,Bedroom, Heater  ,1256.0,2.6,3.0,293.9,2351.23,8.0,9796.8,high,,False
149,Feb,Drawing_Room,,16.0,10.0,3.0,14.4,115.2,8.0,480.0,low,Winter,
309,Sep, Bedroom  ,Heater,1213.0,3.0,1.0,109.17,873.36,8.0,3639.0,HIGH,Autumn,False
806,Feb,bedroom,COMPUTER,123.0,6.3,2.0,46.49,371.95,8.0,1549.8,Med,Winter,False
176,Jun,KITCHEN,Light,39.0,6.3,1.0,7.37,58.97,8.0,245.7,Low,Summer,False
843,Sep,Dining_Room,مجهول,81.0,15.6,3.0,113.72,909.79,8.0,3790.8,high,Autumn,False
641,January,drawing room,fan,89.0,13.1,3.0.0,104.93,839.45,8.0,,High,,False
216,FEB,LIVING ROOM,tv,133.0,4.6,1.0,0.01835,146.83,8001.63,611.8,low,,False
628,Nov, Kitchen  ,Fan,60.0,7.1,1.0,12.78,102.24,8.0,426.0,Low,Autumn,False
343,Apr, Bathroom  ,Washing Machine,471.0,1.5,2.0,42.39,339.12,8.0,1413.0,Medium,Spring,True
541,Jan,Drawing_Room,TV,178.0,4.8,3.0,76.9,615.17,8.0,2563.2,medium,Winter,False
895,Mar,drawing room,Computer,132.0,7.7,1.0,30.49,243.94,8.0,1016.4,medium,Spring,False
80,Oct,Living Room,Fan,77.0,15.8,3.0,109.49,875.95,8.0,3649.8,high,Autumn,False
561,April,Kitchen,Washing_Machine,725.0,1.3,,56.55,452.4,8.0,,Med,,True
269,May,bedroom,light,,7.4,1.0,5.55,44.4,8.0,,low,Spring,False
65,JAN,Drawing Room, AC  ,1867.0,3.0,,504.09,4032720.0,8000.0,,high,,True
460,Mar,KITCHEN, Fan  ,77.0,6.1,1.0,14.09,112.73,8.0,469.7,Low,Spring,False
427,Jun, Living Room  ,Computer,239.0,8.5,3.0,182.84,1462.68,8.0,6094.5,HIGH,Summer,False
18,OCT,DRAWING ROOM,Computer,292.0,5.2,1.0,45.55,364.42,8.0,1518.4,medium,,False
425,Feb,LIVING ROOM,-,301.0,7.6,2.0,137.26,1098.05,8.0,4575.2,high,Winter,False
226,Jun, Dining Room  ,Fan,80.0,6.5,2.0,,249.6,,1040.0,,Summer,False
879,Nov,Drawing Room,TV,,3.3,2.0,12.28,98.21,8.0,,Low,Autumn,False
197,January,bedroom,light,-33.0,9.6,1.0,9.5,76.03,8.0,-316.8,low,,False
521,Aug,Living_Room,AC,1976.0,7.5,1.0,444.6,3556.8,8.0,14820.0,High,Summer,True
395,January,Living_Room,TV,121.0,4.0,1.0,0.01452,116.16,8000.0,484.0,low,,False
845,Sep, Bedroom  ,AC,1257.0,5.3,2.0,399.73,3197.81,8.0,13324.2,high,Autumn,True
550,Jul, Bedroom  ,HEATER,1202.0,1.3,2.0,93.76,750.05,8.0,3125.2,Medium,Summer,False
369,Dec,bedroom,,1259.0,2.9,2.0,219.07,1752.53,8.0,7302.2,High,Winter,
81,Sep,Drawing Room, TV  ,151.0,5.4,3.0,73.39,587.09,8.0,2446.2,medium,Autumn,False
877,June,Living Room, Fan  ,74.0,9.8,2.0,43.51,348.1,8.0,1450.4,medium,,False
487,Feb, Bedroom  ,Computer,333.0,3.7,1.0.0,,295.7,,,,Winter,False
53,Feb,LIVING ROOM,tv,151.0,3.8,2.0,34.43,275.42,8.0,1147.6,Med,Winter,False
56,jul,Drawing Room,TV,143.0,2.4,2.0,20.59,164.74,8.0,686.4,Medium,,False
7,Jul,Bathroom,Light,33.0,4.9,1.0,4.85,38.81,8.0,161.7,Low,Summer,False
288,JUN,Kitchen, Washing Machine  ,592.0,1.1,3.0,58.61,468.86,8.0,1953.6,Med,,True
783,Jan,Bathroom,HEATER,832.0,1.4,1.0,34.94,279.55,8.0,1164.8,Med,Winter,False
119,Feb,Living_Room, Fan  ,88.0,17.9,3.0,141.77,1134.14,8.0,4725.6,high,Winter,False
427,April,Living Room,Fan,59.0,7.6,3.0,40.36,322.85,8.0,1345.2,Med,,False
822,Jul,Bedroom,ac,1983.0,4.2,1.0,249.86,1998.86,8.0,8328.6,HIGH,Summer,True
597,October,LIVING ROOM,Computer,246.0,8.8,2.0,129.89,1039.1,8.0,4329.6,HIGH,,False
621,,Bedroom, AC  ,1806.0,4.2,3.0,682.67,5461.34,8.0,22755.6,HIGH,,True
218,Mar,Drawing Room,ac,1537.0,2.1,3.0,290.49,2323.94,8.0,9683.1,HIGH,Spring,True
435,May,kitchen, Washing Machine  ,763.0,1.7,3.0,116.74,933.91,8.0,3891.3,HIGH,Spring,True
866,Oct,bathroom,Light,25.0,8.3,3.0,18.68,149.4,8.0,622.5,low,Autumn,False
895,January,Living Room,FAN,73.0,9.3,3.0,61.1,488.81,8.0,2036.7,medium,,False
237,August,bathroom, Heater  ,1033.0,,2.0,154.95,1239.6,8.0,,high,,False
35,Mar,BEDROOM,,76.0,17.3,1.0,39.44,315.55,8.0,1314.8,Medium,Spring,
128,Apr,,light,35.0,8.0,3.0.0,25.2,201.6,8.0,,Medium,Spring,False
699,Nov,,Computer,224.0,3.3,1.0,22.18,177.41,8.0,739.2,Med,Autumn,False
950,November, Living Room  ,Light,15.0,3.9,1.0,1.75,14.04,8.02,58.5,Low,,False
598,February,DRAWING ROOM,Computer,155.0,6.6,2.0.0,61.38,,,,Med,,False
663,Mar,Dining Room,Fan,72.0,10.0,1.0,21.6,172.8,8.0,720.0,Medium,Spring,False
672,Oct,Living Room,TV,106.0,3.0,2.0,19.08,152.64,8.0,636.0,low,Autumn,False
378,May,KITCHEN,Light,23.0,8.6,1.0.0,5.93,47.47,8.01,,Low,Spring,False
835,Nov,Dining_Room,Light,,3.3,3.0,4.46,35.64,7.99,,low,Autumn,False
552,Jul,Bedroom,light,22.0,4.5,1.0,2.97,23.76,8.0,99.0,Low,Summer,False
566,Aug, Dining Room  , Fan  ,76.0,15.0,3.0,102.6,820.8,8.0,3420.0,high,Summer,False
425,jan,Living_Room,Computer,329.0,5.0,3.0,148.05,1184.4,8.0,4935.0,High,,False
296,Feb,Bedroom,,24.0,4.9,3.0,10.58,84.67,8.0,352.8,Low,Winter,
959,Dec,Bedroom, Fan  ,71.0,12.1,2.0,51.55,412.37,8.0,1718.2,Medium,Winter,False
233,June,bedroom,Fan,83.0,16.3,2.0,81.17,649.39,8.0,2705.8,medium,,False
363,Jul,,AC,1773.0,7.4,3.0,1180.82,9446.54,8.0,39360.6,HIGH,Summer,True
311,Aug,DRAWING ROOM, Fan  ,69.0,9.6,3.0.0,59.62,476.93,8.0,,Medium,Summer,False
301,Jan,BEDROOM,TV,85.0,4.7,2.0.0,23.97,191.76,8.0,,Med,Winter,False
544,Oct,LIVING ROOM,LIGHT,17.0,4.0,1.0,2.04,16.32,8.0,68.0,low,Autumn,False
693,Aug,Drawing Room,computer,368.0,7.2,3.0.0,238.46,1907.71,8.0,,High,Summer,False
226,,Living Room,TV,183.0,5.3,3.0,87.29,698.33,8.0,2909.7,medium,,False
413,Dec,Bedroom,Fan,67.0,?,2.0,41.81,334.46,8.0,,Med,Winter,False
954,Oct,bedroom, Computer  ,229.0,8.1,1.0.0,55.65,445.18,8.0,,medium,Autumn,False
369,Nov,DRAWING ROOM,AC,1107.0,2.2,2.0,146.12,1168990.0,8000.21,4870.8,high,Autumn,True
700,July,Dining Room, Light  ,16.0,7.4,3.0,10.66,85.25,8.0,355.2,Low,,False
58,Mar,Drawing Room,ac,1712.0,7.0,3.0,1078.56,8628.48,8.0,35952.0,HIGH,Spring,True
265,April, Living Room  ,TV,162.0,3.7,2.0,35.96,287.71,8.0,1198.8,Medium,,False
170,Oct, Drawing Room  ,AC,1831.0,210.0,3.0,346.06,2768.47,8.0,1153530.0,High,Autumn,True
323,Dec,Drawing Room,not sure,111.0,4.4,2.0,29.3,234430.0,8001.02,976.8,Med,Winter,False
644,aug,KITCHEN,LIGHT,31.0,,2.0,8.74,69.94,8.0,,Low,,False
986,Jun,Dining Room,Light,21.0,3.8,1.0,2.39,19.15,8.01,79.8,Low,Summer,False
733,Jun, Bedroom  ,LIGHT,32.0,5.4,3.0,15.55,124.42,8.0,518.4,low,Summer,False
766,Oct,kitchen, Microwave  ,1184.0,0.3,2.0,21.31,170.5,8.0,710.4,medium,Autumn,True
635,December,Bedroom,LIGHT,25.0,4.0,3.0,9.0,72.0,8.0,300.0,low,,False
906,na,bedroom,AC,1364.0,5.4,3.0,662.9,5303.23,8.0,22096.8,High,,True
155,Oct,Bedroom,light,25.0,770.0,1.0,5.78,46.2,7.99,19250.0,Low,Autumn,False
726,jun,drawing room,AC,139000.0,3.1,3.0,387.81,3102.48,8.0,1292700.0,high,,True
55,oct,Dining_Room,Fan,69.0,8.9,2.0,36.85,294.77,8.0,1228.2,medium,,False
167,Feb,Living Room,tv,179.0,2.2,3.0,35.44,283.54,8.0,1181.4,medium,Winter,False
240,April,drawing room,LIGHT,21.0,,,5.42,43.34,8.0,,Low,,False
911,Nov,BEDROOM,TV,93.0,4.6,1.0,12.83,102.67,8.0,427.8,Low,Autumn,False
461,Feb,Bedroom,Computer,126.0,5.7,1.0,21.55,172.37,8.0,718.2,medium,Winter,False
714,Jun,Living Room,Computer,395.0,5.5,3.0,195.53,1564.2,8.0,6517.5,HIGH,Summer,False
883,Sep,Bedroom,Computer,223.0,2.6,2.0,34.79,278.3,8.0,1159.6,Medium,Autumn,False
173,Dec, Living Room  ,Fan,77.0,16.4,1.0,37.88,303.07,8.0,1262.8,Medium,Winter,False
775,May,BATHROOM,Washing Machine,545.0,2.0,3.0,98.1,784.8,8.0,3270.0,Medium,Spring,True
966,May,Bedroom,HEATER,1471.0,,2.0,194.17,1553.38,8.0,,HIGH,Spring,False
672,August,Bedroom,n/a,67.0,4.1,1.0,8.24,65.93,8.0,274.7,Low,,False
599,Feb,Bedroom, Light  ,30.0,6.5,3.0.0,17.55,140.4,8.0,,Low,Winter,False
541,Sep,Living_Room,TV,161.0,5.9,1.0,28.5,227.98,8.0,949.9,Medium,Autumn,False
122,Mar,KITCHEN,Washing Machine,79000.0,1.2,3.0,85.32,,,284400.0,Med,Spring,True
85,March,dining room,FAN,68.0,16.0,1.0,32.64,261.12,8.0,1088.0,medium,,False
833,,,Washing Machine,,1.4,2.0,58.04,464.35,8.0,,medium,,True
322,June,bedroom,TV,93.0,2.8,3.0.0,23.44,187.49,8.0,,Medium,,False
275,Jun,Drawing Room,TV,98.0,,3.0,36.16,289.3,8.0,,Medium,Summer,False
73,Apr,Dining Room,Fan,56.0,16.2,2.0,54.43,435.46,8.0,1814.4,medium,Spring,False
286,November,Drawing Room,light,35.0,8.8,3.0,27.72,221.76,8.0,924.0,Medium,,False
2,dec,Drawing Room, TV  ,133.0,5.5,1.0,21.95,175.56,8.0,731.5,medium,,False
102,Feb, Living Room  , Computer  ,309.0,3.0,1.0,27.81,222.48,8.0,927.0,Medium,Winter,False
372,JUL,Bathroom,Fan,82.0,12.3,,90.77,726.19,8.0,,Med,,False
184,Sep,dining room,FAN,57.0,14.8,2.0,50.62,404.93,8.0,1687.2,Med,Autumn,False
919,Jan,Kitchen, Light  ,20.0,4.0,3.0.0,7.2,57.6,8.0,,Low,Winter,False
715,,,TV,101.0,2.6,3.0.0,23.63,189.07,8.0,,medium,,False
707,July,KITCHEN,Light,12.0,3.3,1.0,1.19,9.5,7.98,39.6,Low,,False
949,April,Bedroom,Heater,859.0,3.3,2.0,170.08,1360.66,8.0,5669.4,high,,False
346,May,Kitchen,,89.0,7.5,2.0,40.05,320.4,8.0,1335.0,Medium,Spring,
926,April,Kitchen,microwave,673.0,0.4,2.0,16.15,129.22,8.0,538.4,low,,True
437,Oct,Bedroom,AC,1223.0,8.9,3.0,979.62,7836.98,8.0,32654.1,HIGH,Autumn,True
278,Jan,drawing room,TV,131.0,2.3,1.0,9.04,72.31,8.0,301.3,Low,Winter,False
544,Feb,Bedroom,ac,996.0,5.6,1.0,167.33,1338.62,8.0,5577.6,HIGH,Winter,True
532,Sep,BATHROOM, Heater  ,998.0,1.3,2.0,77.84,622.75,8.0,2594.8,Med,Autumn,False
799,apr,bathroom,heater,810.0,1.2,2.0,58.32,466.56,8.0,1944.0,Med,,False
821,October,bathroom,LIGHT,12.0,8.6,3.0,9.29,74.3,8.0,309.6,Low,,False
286,July, Living Room  , TV  ,101.0,5.4,3.0,49.09,392.69,8.0,1636.2,Med,,False
 486 ,Dec,kitchen, Light  ,14.0,7.3,1.0,3.07,24.53,7.99,102.2,Low,Winter,False
237,Jul,DRAWING ROOM,?,20.0,4.3,1.0,2.58,20.64,8.0,86.0,low,Summer,False
353,Jun,Living Room, AC  ,1603.0,8.3,2.0,798.29,6386.35,8.0,26609.8,high,Summer,True
455,Dec,Drawing Room,Computer,389.0,9.0,1.0,105.03,840.24,8.0,3501.0,High,Winter,False
302,FEB,Dining Room,Fan,75.0,,1.0,40.27,322.2,8.0,,Med,,False
265,Dec,Kitchen,Light,27.0,9.8,3.0,23.81,190.51,8.0,793.8,medium,Winter,False
869,Apr,Bathroom, Washing Machine  ,436.0,1.1,3.0,43.16,345.31,8.0,1438.8,Med,Spring,True
271,Oct, Drawing Room  ,TV,95.0,2.9,3.0,24.8,198.36,8.0,826.5,Medium,Autumn,False
4,Mar,KITCHEN,Fridge,252.0,23.4,2.0,353.81,2830.46,8.0,11793.6,High,Spring,True
339,Nov,,Light,18.0,6.5,3.0,10.53,84.24,8.0,351.0,low,Autumn,False
436,November, Living Room  ,-,61.0,14.8,3.0,81.25,650.02,8.0,2708.4,Med,,False
975,Aug,Kitchen,Fan,73.0,7.5,2.0,32.85,262.8,8.0,1095.0,Med,Summer,False
522,August, Living Room  ,مش عارف,32.0,5.4,1.0,,41.47,,172.8,,,False
149,Jun,Bedroom,Heater,1266.0,1.9,1.0,72.16,577.3,8.0,2405.4,Medium,Summer,False
45,Nov,Kitchen,Microwave,921.0,0.3,2.0,16.58,132.62,8.0,552.6,low,Autumn,True
 197 ,August,drawing room,AC,968.0,4.1,3.0,357.19,2857.54,8.0,11906.4,high,,True
52,May,Living Room,,89.0,17.9,3.0,143.38,1147.03,8.0,4779.3,high,Spring,
524,January,Kitchen,Light,17.0,3.5,3.0,5.36,42.84,7.99,178.5,low,,False
449,Feb,DINING ROOM, Fan  ,86.0,14.6,3.0,113.0,904.03,8.0,3766.8,high,Winter,False
629,Aug,bathroom, Light  ,29.0,8.7,,7.57,60.55,8.0,,Low,Summer,False
942,may,DRAWING ROOM,Light,25.0,5.4,1.0,,32.4,,135.0,,,False
86,October,Drawing_Room,fan,,6.5,2.0,22.62,180.96,8.0,,Med,,False
677,Jun,BATHROOM,Light,36.0,4.3,3.0.0,13.93,111.46,8.0,,low,Summer,False
150,SEP,Kitchen,Light,36.0,9.3,1.0,10.04,,,334.8,Low,,False
 679 ,Jul,Dining Room,fan,90.0,17.6,2.0,95.04,760.32,8.0,3168.0,Med,Summer,False
543,Dec,Bedroom,AC,110100.0,6.1,1.0,201.48,1611.86,8.0,671610.0,High,Winter,True
373,MAR,kitchen, Fridge  ,280.0,18.6,2.0,312.48,2499.84,8.0,10416.0,HIGH,,True
403,January,DINING ROOM, Light  ,16.0,9.4,2.0,9.02,72.19,8.0,300.8,low,,False
730,Jun,مجهول, TV  ,149.0,2.3,50.0,10.28,82.25,8.0,17135.0,Low,Summer,False
638,Jan,Drawing_Room, Computer  ,186.0,5.6,3.0,93.74,749.95,8.0,3124.8,Med,Winter,False
2,March, Drawing Room  ,AC,995.0,3.2,1.0,95.52,764.16,8.0,3184.0,Med,,True
714,apr, Bedroom  ,AC,1399.0,2.8,3.0.0,352.55,2820.38,8.0,,High,,True
108,Mar,Drawing Room,ac,1323.0,7.2,2.0,571.54,4572.29,8.0,19051.2,HIGH,Spring,True
590,JUL,Living Room,AC,1798.0,9.2,2.0,992.5,7939.97,8.0,33083.2,high,,True
366,feb,Kitchen,WASHING MACHINE,699.0,0.8,1.0,16.78,134.21,8.0,559.2,low,,True
783,Sep,DRAWING ROOM,computer,236.0,,2.0.0,116.11,928.9,8.0,,HIGH,Autumn,False
267,April,LIVING ROOM,TV,132.0,2.5,1.0,9.9,79.2,8.0,330.0,low,,False
395,Jan,drawing room, Computer  ,176.0,9.8,2.0,103.49,827.9,8.0,3449.6,High,Winter,False
850,Jun,Bathroom,Light,11.0,3.6,1.0,1.19,9.5,7.98,39.6,low,Summer,False
846,Dec,Bathroom, Washing Machine  ,N/A,1.6,2.0,54.53,436.22,8.0,,Medium,Winter,True
234,Apr,Bedroom,Computer,114.0,4.9,1.0,16.76,134.06,8.0,558.6,Low,Spring,False
754,Sep,Living Room,Light,35.0,4.8,3.0,15.12,120.96,8.0,504.0,Low,Autumn,False
355,April,Bedroom,Computer,312.0,3.0,1.0,28.08,224.64,8.0,936.0,medium,,False
81,Apr,Bedroom,Light,28.0,4.5,1.0,3.78,30.24,8.0,126.0,low,Spring,False
142,FEB,Dining Room,Fan,82.0,18.0,2.0,88.56,708.48,8.0,2952.0,Med,,False
501,dec,Drawing_Room, Fan  ,60.0,8.9,3.0,48.06,384.48,8.0,1602.0,Medium,,False
 776 ,Sep,DINING ROOM,Light,27.0,8.2,1.0,6.64,,,221.4,low,Autumn,False
701,February, Dining Room  ,Light,23.0,570.0,100.0,7.87,62.93,8.0,1311000.0,Low,,False
10,Aug,,,149.0,5.2,2.0,46.49,371.9,8.0,1549.6,Med,Summer,
653,Mar,Dining Room,Fan,64.0,6.2,2.0,23.81,190.46,8.0,793.6,Medium,Spring,False
258,May,Bedroom,computer,179.0,3.1,2.0,33.29,266.35,8.0,1109.8,Medium,Spring,False
59,Oct,Living Room,TV,133.0,5.5,1.0,21.95,175.56,8.0,731.5,Med,Autumn,False
9,Aug,Living Room,light,-21.0,,2.0,5.17,41.33,7.99,,Low,Summer,False
977,June,living room, TV  ,60.0,4.6,3.0,24.84,198.72,8.0,828.0,Medium,,False
431,May,living room,Light,32.0,7.0,2.0,13.44,107.52,8.0,448.0,Low,Spring,False
 903 ,Oct,,TV,139.0,5.3,1.0,22.1,176.81,8.0,736.7,Med,Autumn,False
635,Jul,Bedroom,Light,,6.1,2.0,6.59,52.7,8.0,,Low,Summer,False
966,Mar,Dining Room,FAN,67.0,11.7,1.0.0,23.52,188.14,8.0,,Medium,Spring,False
228,Aug,Bathroom, Washing Machine  ,665.0,1.1,3.0,65.84,526.68,8.0,2194.5,Medium,Summer,True
409,Mar,,light,29.0,8.8,2.0,15.31,122.5,8.0,510.4,low,Spring,False
883,jan, Drawing Room  ,not sure,65.0,16.1,2.0,,502.32,,2093.0,,,False
